ISO-10303-21;
HEADER;
/* Generated by software containing ST-Developer
 * from STEP Tools, Inc. (www.steptools.com) 
 */
/* OPTION: using custom renumber hook */

FILE_DESCRIPTION(
/* description */ ('STEP AP242 Edition 2',
'CAx-IF Rec.Pracs.---Representation and Presentation of Product Manufa
cturing Information (PMI)---4.0---2014-10-13',
'CAx-IF Rec.Pracs.---3D Tessellated Geometry---0.4---2014-09-14','2;1',
'CAx-IF Rec.Pracs.---User Defined Attributes---1.5---2016-08-15'),
/* implementation_level */ '2;1');

FILE_NAME(
/* name */ 
'NP-Crucible Assembly - F0275N150NLN Flange-Outer Crucible Weldment',
/* time_stamp */ '2026-07-15T12:54:19Z',
/* author */ (''),
/* organization */ (''),
/* preprocessor_version */ 'ST-DEVELOPER v20',
/* originating_system */ 'ONSHAPE BY PTC INC, 1.217',
/* authorisation */ '  ');

FILE_SCHEMA (('AP242_MANAGED_MODEL_BASED_3D_ENGINEERING_MIM_LF { 1 0 10303 442 3 1 4 }'));
ENDSEC;

DATA;
#10=SHAPE_REPRESENTATION_RELATIONSHIP('','',#4598,#11);
#11=ADVANCED_BREP_SHAPE_REPRESENTATION('',(#4596),#12626);
#12=TOROIDAL_SURFACE('',#5015,0.019685,0.000508);
#13=TOROIDAL_SURFACE('',#5018,0.0184912,0.0002032);
#14=TOROIDAL_SURFACE('',#5021,0.018542,0.000254);
#15=TOROIDAL_SURFACE('',#5027,0.019177,0.000381);
#16=TOROIDAL_SURFACE('',#5032,0.034798,0.000508);
#17=CONICAL_SURFACE('',#4973,0.0038735,0.78539816339745);
#18=CONICAL_SURFACE('',#4976,0.0033655,0.785398163397452);
#19=CONICAL_SURFACE('',#4980,0.0038735,0.785398163397449);
#20=CONICAL_SURFACE('',#4983,0.0033655,0.785398163397449);
#21=CONICAL_SURFACE('',#4987,0.0038735,0.785398163397447);
#22=CONICAL_SURFACE('',#4990,0.0033655,0.78539816339745);
#23=CONICAL_SURFACE('',#4994,0.0038735,0.78539816339745);
#24=CONICAL_SURFACE('',#4997,0.0033655,0.78539816339745);
#25=CONICAL_SURFACE('',#5001,0.0038735,0.785398163397449);
#26=CONICAL_SURFACE('',#5004,0.0033655,0.785398163397449);
#27=CONICAL_SURFACE('',#5008,0.0038735,0.78539816339745);
#28=CONICAL_SURFACE('',#5011,0.0033655,0.78539816339745);
#29=CONICAL_SURFACE('',#5024,0.034036,0.78539816339745);
#30=CONICAL_SURFACE('',#5030,0.019177,0.558505360638181);
#31=CONICAL_SURFACE('',#5035,0.020955,0.349065850398859);
#32=CONICAL_SURFACE('',#5038,0.02413,1.22173047639603);
#33=CONICAL_SURFACE('',#5047,0.034544,0.78539816339745);
#34=B_SPLINE_SURFACE_WITH_KNOTS('',1,3,((#6266,#6267,#6268,#6269,#6270,
#6271,#6272,#6273,#6274,#6275,#6276,#6277,#6278,#6279,#6280,#6281,#6282),
(#6283,#6284,#6285,#6286,#6287,#6288,#6289,#6290,#6291,#6292,#6293,#6294,
#6295,#6296,#6297,#6298,#6299),(#6300,#6301,#6302,#6303,#6304,#6305,#6306,
#6307,#6308,#6309,#6310,#6311,#6312,#6313,#6314,#6315,#6316),(#6317,#6318,
#6319,#6320,#6321,#6322,#6323,#6324,#6325,#6326,#6327,#6328,#6329,#6330,
#6331,#6332,#6333)),.RULED_SURF.,.F.,.F.,.F.,(2,1,1,2),(4,2,2,2,2,2,3,4),
(-0.005,0.,1.,1.00505),(0.,0.499999832353551,0.562499811397745,0.624999790441939,
0.749999748530326,0.874999706618714,0.999999664707102,1.00599983134765),
 .UNSPECIFIED.);
#35=B_SPLINE_SURFACE_WITH_KNOTS('',1,3,((#6356,#6357,#6358,#6359,#6360,
#6361,#6362,#6363,#6364,#6365,#6366,#6367,#6368,#6369,#6370,#6371,#6372,
#6373,#6374,#6375,#6376),(#6377,#6378,#6379,#6380,#6381,#6382,#6383,#6384,
#6385,#6386,#6387,#6388,#6389,#6390,#6391,#6392,#6393,#6394,#6395,#6396,
#6397),(#6398,#6399,#6400,#6401,#6402,#6403,#6404,#6405,#6406,#6407,#6408,
#6409,#6410,#6411,#6412,#6413,#6414,#6415,#6416,#6417,#6418),(#6419,#6420,
#6421,#6422,#6423,#6424,#6425,#6426,#6427,#6428,#6429,#6430,#6431,#6432,
#6433,#6434,#6435,#6436,#6437,#6438,#6439)),.RULED_SURF.,.F.,.F.,.F.,(2,
1,1,2),(4,2,2,2,2,2,2,2,3,4),(-0.01,0.,1.,1.0101),(0.,0.249999749723473,
0.281249718438908,0.312499687154342,0.37499962458521,0.499999499446947,
0.624999374308684,0.74999924917042,0.999998998893894,1.00999898888283),
 .UNSPECIFIED.);
#36=B_SPLINE_SURFACE_WITH_KNOTS('',1,3,((#6446,#6447,#6448,#6449,#6450,
#6451,#6452,#6453,#6454,#6455,#6456,#6457,#6458,#6459,#6460,#6461,#6462,
#6463,#6464),(#6465,#6466,#6467,#6468,#6469,#6470,#6471,#6472,#6473,#6474,
#6475,#6476,#6477,#6478,#6479,#6480,#6481,#6482,#6483),(#6484,#6485,#6486,
#6487,#6488,#6489,#6490,#6491,#6492,#6493,#6494,#6495,#6496,#6497,#6498,
#6499,#6500,#6501,#6502),(#6503,#6504,#6505,#6506,#6507,#6508,#6509,#6510,
#6511,#6512,#6513,#6514,#6515,#6516,#6517,#6518,#6519,#6520,#6521)),
 .RULED_SURF.,.F.,.F.,.F.,(2,1,1,2),(4,2,2,2,2,2,2,3,4),(-0.005,0.,1.,1.00505),
(0.,0.499999882750488,0.62499985343811,0.749999824125732,0.781249816797638,
0.812499809469543,0.874999794813354,0.999999765500976,1.00599991573958),
 .UNSPECIFIED.);
#37=B_SPLINE_SURFACE_WITH_KNOTS('',1,3,((#6619,#6620,#6621,#6622,#6623,
#6624,#6625,#6626,#6627,#6628,#6629,#6630),(#6631,#6632,#6633,#6634,#6635,
#6636,#6637,#6638,#6639,#6640,#6641,#6642)),.RULED_SURF.,.F.,.F.,.F.,(2,
2),(4,2,2,2,2,4),(0.,1.),(0.,0.499999766630123,0.562499737458888,0.624999708287653,
0.749999649945184,0.999999533260245),.UNSPECIFIED.);
#38=B_SPLINE_SURFACE_WITH_KNOTS('',1,3,((#6655,#6656,#6657,#6658,#6659,
#6660,#6661,#6662,#6663,#6664,#6665,#6666,#6667,#6668,#6669,#6670,#6671,
#6672,#6673),(#6674,#6675,#6676,#6677,#6678,#6679,#6680,#6681,#6682,#6683,
#6684,#6685,#6686,#6687,#6688,#6689,#6690,#6691,#6692),(#6693,#6694,#6695,
#6696,#6697,#6698,#6699,#6700,#6701,#6702,#6703,#6704,#6705,#6706,#6707,
#6708,#6709,#6710,#6711),(#6712,#6713,#6714,#6715,#6716,#6717,#6718,#6719,
#6720,#6721,#6722,#6723,#6724,#6725,#6726,#6727,#6728,#6729,#6730)),
 .RULED_SURF.,.F.,.F.,.F.,(2,1,1,2),(4,2,2,2,2,2,2,3,4),(-0.005,0.,1.,1.00505),
(0.,0.249999932681762,0.374999899022643,0.499999865363524,0.624999831704405,
0.687499814874845,0.749999798045286,0.999999730727048,1.00599990376029),
 .UNSPECIFIED.);
#39=B_SPLINE_SURFACE_WITH_KNOTS('',1,3,((#6753,#6754,#6755,#6756,#6757,
#6758,#6759,#6760,#6761,#6762,#6763,#6764,#6765,#6766,#6767,#6768,#6769,
#6770,#6771,#6772,#6773),(#6774,#6775,#6776,#6777,#6778,#6779,#6780,#6781,
#6782,#6783,#6784,#6785,#6786,#6787,#6788,#6789,#6790,#6791,#6792,#6793,
#6794),(#6795,#6796,#6797,#6798,#6799,#6800,#6801,#6802,#6803,#6804,#6805,
#6806,#6807,#6808,#6809,#6810,#6811,#6812,#6813,#6814,#6815),(#6816,#6817,
#6818,#6819,#6820,#6821,#6822,#6823,#6824,#6825,#6826,#6827,#6828,#6829,
#6830,#6831,#6832,#6833,#6834,#6835,#6836)),.RULED_SURF.,.F.,.F.,.F.,(2,
1,1,2),(4,2,2,2,2,2,2,2,3,4),(-0.01,0.,1.,1.0101),(0.,0.249999749723476,
0.281249718438911,0.312499687154346,0.374999624585215,0.499999499446953,
0.624999374308691,0.749999249170429,0.999998998893906,1.00999898888285),
 .UNSPECIFIED.);
#40=B_SPLINE_SURFACE_WITH_KNOTS('',1,3,((#6843,#6844,#6845,#6846,#6847,
#6848,#6849,#6850,#6851,#6852,#6853,#6854,#6855,#6856,#6857,#6858,#6859,
#6860,#6861),(#6862,#6863,#6864,#6865,#6866,#6867,#6868,#6869,#6870,#6871,
#6872,#6873,#6874,#6875,#6876,#6877,#6878,#6879,#6880),(#6881,#6882,#6883,
#6884,#6885,#6886,#6887,#6888,#6889,#6890,#6891,#6892,#6893,#6894,#6895,
#6896,#6897,#6898,#6899),(#6900,#6901,#6902,#6903,#6904,#6905,#6906,#6907,
#6908,#6909,#6910,#6911,#6912,#6913,#6914,#6915,#6916,#6917,#6918)),
 .RULED_SURF.,.F.,.F.,.F.,(2,1,1,2),(4,2,2,2,2,2,2,3,4),(-0.005,0.,1.,1.00505),
(0.,0.4999998827505,0.624999853438126,0.749999824125751,0.781249816797657,
0.812499809469563,0.874999794813376,0.999999765501001,1.00599991573959),
 .UNSPECIFIED.);
#41=B_SPLINE_SURFACE_WITH_KNOTS('',1,3,((#6987,#6988,#6989,#6990,#6991,
#6992,#6993,#6994,#6995,#6996,#6997,#6998,#6999,#7000,#7001,#7002,#7003,
#7004,#7005,#7006,#7007),(#7008,#7009,#7010,#7011,#7012,#7013,#7014,#7015,
#7016,#7017,#7018,#7019,#7020,#7021,#7022,#7023,#7024,#7025,#7026,#7027,
#7028),(#7029,#7030,#7031,#7032,#7033,#7034,#7035,#7036,#7037,#7038,#7039,
#7040,#7041,#7042,#7043,#7044,#7045,#7046,#7047,#7048,#7049),(#7050,#7051,
#7052,#7053,#7054,#7055,#7056,#7057,#7058,#7059,#7060,#7061,#7062,#7063,
#7064,#7065,#7066,#7067,#7068,#7069,#7070)),.RULED_SURF.,.F.,.F.,.F.,(2,
1,1,2),(4,2,2,2,2,2,2,2,3,4),(-0.01,0.,1.,1.0101),(0.,0.249999749749474,
0.281249718468159,0.312499687186843,0.374999624624212,0.499999499498949,
0.624999374373686,0.749999249248423,0.999998998997897,1.00999898898788),
 .UNSPECIFIED.);
#42=B_SPLINE_SURFACE_WITH_KNOTS('',1,3,((#7077,#7078,#7079,#7080,#7081,
#7082,#7083,#7084,#7085,#7086,#7087,#7088,#7089,#7090,#7091,#7092,#7093,
#7094,#7095),(#7096,#7097,#7098,#7099,#7100,#7101,#7102,#7103,#7104,#7105,
#7106,#7107,#7108,#7109,#7110,#7111,#7112,#7113,#7114),(#7115,#7116,#7117,
#7118,#7119,#7120,#7121,#7122,#7123,#7124,#7125,#7126,#7127,#7128,#7129,
#7130,#7131,#7132,#7133),(#7134,#7135,#7136,#7137,#7138,#7139,#7140,#7141,
#7142,#7143,#7144,#7145,#7146,#7147,#7148,#7149,#7150,#7151,#7152)),
 .RULED_SURF.,.F.,.F.,.F.,(2,1,1,2),(4,2,2,2,2,2,2,3,4),(-0.00505,0.,1.,
1.005),(0.,0.499999875799054,0.531249868036495,0.562499860273936,0.624999844748817,
0.749999813698581,0.874999782648344,0.999999751598108,1.00599992539677),
 .UNSPECIFIED.);
#43=B_SPLINE_SURFACE_WITH_KNOTS('',1,3,((#7175,#7176,#7177,#7178,#7179,
#7180,#7181,#7182,#7183,#7184,#7185,#7186),(#7187,#7188,#7189,#7190,#7191,
#7192,#7193,#7194,#7195,#7196,#7197,#7198)),.RULED_SURF.,.F.,.F.,.F.,(2,
2),(4,2,2,2,2,4),(0.,1.),(0.,0.499999766630123,0.562499737458888,0.624999708287653,
0.749999649945184,0.999999533260245),.UNSPECIFIED.);
#44=B_SPLINE_SURFACE_WITH_KNOTS('',1,3,((#7211,#7212,#7213,#7214,#7215,
#7216,#7217,#7218,#7219,#7220,#7221,#7222,#7223,#7224,#7225,#7226,#7227,
#7228,#7229,#7230,#7231,#7232,#7233,#7234,#7235,#7236,#7237),(#7238,#7239,
#7240,#7241,#7242,#7243,#7244,#7245,#7246,#7247,#7248,#7249,#7250,#7251,
#7252,#7253,#7254,#7255,#7256,#7257,#7258,#7259,#7260,#7261,#7262,#7263,
#7264),(#7265,#7266,#7267,#7268,#7269,#7270,#7271,#7272,#7273,#7274,#7275,
#7276,#7277,#7278,#7279,#7280,#7281,#7282,#7283,#7284,#7285,#7286,#7287,
#7288,#7289,#7290,#7291),(#7292,#7293,#7294,#7295,#7296,#7297,#7298,#7299,
#7300,#7301,#7302,#7303,#7304,#7305,#7306,#7307,#7308,#7309,#7310,#7311,
#7312,#7313,#7314,#7315,#7316,#7317,#7318)),.RULED_SURF.,.F.,.F.,.F.,(2,
1,1,2),(4,2,2,2,2,2,2,2,2,2,2,3,4),(-0.005,0.,1.,1.00505),(0.,0.499999873634218,
0.515624869685287,0.531249865736356,0.562499857838495,0.624999842042772,
0.749999810451327,0.765624806502396,0.781249802553465,0.812499794655604,
0.874999778859881,0.999999747268436,1.00599994588384),.UNSPECIFIED.);
#45=B_SPLINE_SURFACE_WITH_KNOTS('',1,3,((#7383,#7384,#7385,#7386,#7387,
#7388,#7389,#7390,#7391,#7392,#7393,#7394),(#7395,#7396,#7397,#7398,#7399,
#7400,#7401,#7402,#7403,#7404,#7405,#7406)),.RULED_SURF.,.F.,.F.,.F.,(2,
2),(4,2,2,2,2,4),(0.,1.),(0.,0.499999766630123,0.562499737458888,0.624999708287654,
0.749999649945185,0.999999533260246),.UNSPECIFIED.);
#46=B_SPLINE_SURFACE_WITH_KNOTS('',1,3,((#7419,#7420,#7421,#7422,#7423,
#7424,#7425,#7426,#7427,#7428,#7429,#7430,#7431,#7432,#7433,#7434,#7435,
#7436,#7437,#7438,#7439,#7440,#7441,#7442,#7443,#7444,#7445),(#7446,#7447,
#7448,#7449,#7450,#7451,#7452,#7453,#7454,#7455,#7456,#7457,#7458,#7459,
#7460,#7461,#7462,#7463,#7464,#7465,#7466,#7467,#7468,#7469,#7470,#7471,
#7472),(#7473,#7474,#7475,#7476,#7477,#7478,#7479,#7480,#7481,#7482,#7483,
#7484,#7485,#7486,#7487,#7488,#7489,#7490,#7491,#7492,#7493,#7494,#7495,
#7496,#7497,#7498,#7499),(#7500,#7501,#7502,#7503,#7504,#7505,#7506,#7507,
#7508,#7509,#7510,#7511,#7512,#7513,#7514,#7515,#7516,#7517,#7518,#7519,
#7520,#7521,#7522,#7523,#7524,#7525,#7526)),.RULED_SURF.,.F.,.F.,.F.,(2,
1,1,2),(4,2,2,2,2,2,2,2,2,2,2,3,4),(-0.005,0.,1.,1.00505),(0.,0.499999873634223,
0.515624869685293,0.531249865736362,0.562499857838501,0.624999842042779,
0.749999810451335,0.765624806502404,0.781249802553474,0.812499794655613,
0.87499977885989,0.999999747268446,1.00599994588379),.UNSPECIFIED.);
#47=B_SPLINE_SURFACE_WITH_KNOTS('',1,3,((#7549,#7550,#7551,#7552,#7553,
#7554,#7555,#7556,#7557,#7558,#7559,#7560,#7561,#7562,#7563,#7564,#7565),
(#7566,#7567,#7568,#7569,#7570,#7571,#7572,#7573,#7574,#7575,#7576,#7577,
#7578,#7579,#7580,#7581,#7582),(#7583,#7584,#7585,#7586,#7587,#7588,#7589,
#7590,#7591,#7592,#7593,#7594,#7595,#7596,#7597,#7598,#7599),(#7600,#7601,
#7602,#7603,#7604,#7605,#7606,#7607,#7608,#7609,#7610,#7611,#7612,#7613,
#7614,#7615,#7616)),.RULED_SURF.,.F.,.F.,.F.,(2,1,1,2),(4,2,2,2,2,2,3,4),
(-0.01,0.,1.,1.0101),(0.,0.249999750465398,0.312499688081748,0.374999625698097,
0.499999500930796,0.749999251396194,0.999999001861592,1.00999899188021),
 .UNSPECIFIED.);
#48=B_SPLINE_SURFACE_WITH_KNOTS('',1,3,((#7623,#7624,#7625,#7626,#7627,
#7628,#7629,#7630,#7631,#7632,#7633,#7634,#7635,#7636,#7637,#7638,#7639,
#7640,#7641),(#7642,#7643,#7644,#7645,#7646,#7647,#7648,#7649,#7650,#7651,
#7652,#7653,#7654,#7655,#7656,#7657,#7658,#7659,#7660),(#7661,#7662,#7663,
#7664,#7665,#7666,#7667,#7668,#7669,#7670,#7671,#7672,#7673,#7674,#7675,
#7676,#7677,#7678,#7679),(#7680,#7681,#7682,#7683,#7684,#7685,#7686,#7687,
#7688,#7689,#7690,#7691,#7692,#7693,#7694,#7695,#7696,#7697,#7698)),
 .RULED_SURF.,.F.,.F.,.F.,(2,1,1,2),(4,2,2,2,2,2,2,3,4),(-0.005,0.,1.,1.00505),
(0.,0.499999882823821,0.624999853529776,0.749999824235732,0.781249816912221,
0.812499809588709,0.874999794941687,0.999999765647642,1.00599991577034),
 .UNSPECIFIED.);
#49=B_SPLINE_SURFACE_WITH_KNOTS('',1,3,((#7754,#7755,#7756,#7757,#7758,
#7759,#7760,#7761,#7762,#7763,#7764,#7765,#7766,#7767,#7768,#7769,#7770),
(#7771,#7772,#7773,#7774,#7775,#7776,#7777,#7778,#7779,#7780,#7781,#7782,
#7783,#7784,#7785,#7786,#7787),(#7788,#7789,#7790,#7791,#7792,#7793,#7794,
#7795,#7796,#7797,#7798,#7799,#7800,#7801,#7802,#7803,#7804),(#7805,#7806,
#7807,#7808,#7809,#7810,#7811,#7812,#7813,#7814,#7815,#7816,#7817,#7818,
#7819,#7820,#7821)),.RULED_SURF.,.F.,.F.,.F.,(2,1,1,2),(4,2,2,2,2,2,3,4),
(-0.005,0.,1.,1.00505),(0.,0.499999832353551,0.562499811397745,0.624999790441939,
0.749999748530326,0.874999706618714,0.999999664707102,1.00599983134766),
 .UNSPECIFIED.);
#50=B_SPLINE_SURFACE_WITH_KNOTS('',1,3,((#7844,#7845,#7846,#7847,#7848,
#7849,#7850,#7851,#7852,#7853,#7854,#7855,#7856,#7857,#7858,#7859,#7860,
#7861,#7862,#7863,#7864),(#7865,#7866,#7867,#7868,#7869,#7870,#7871,#7872,
#7873,#7874,#7875,#7876,#7877,#7878,#7879,#7880,#7881,#7882,#7883,#7884,
#7885),(#7886,#7887,#7888,#7889,#7890,#7891,#7892,#7893,#7894,#7895,#7896,
#7897,#7898,#7899,#7900,#7901,#7902,#7903,#7904,#7905,#7906),(#7907,#7908,
#7909,#7910,#7911,#7912,#7913,#7914,#7915,#7916,#7917,#7918,#7919,#7920,
#7921,#7922,#7923,#7924,#7925,#7926,#7927)),.RULED_SURF.,.F.,.F.,.F.,(2,
1,1,2),(4,2,2,2,2,2,2,2,3,4),(-0.01,0.,1.,1.0101),(0.,0.249999749723473,
0.281249718438908,0.312499687154342,0.37499962458521,0.499999499446947,
0.624999374308683,0.74999924917042,0.999998998893894,1.00999898888283),
 .UNSPECIFIED.);
#51=B_SPLINE_SURFACE_WITH_KNOTS('',1,3,((#7934,#7935,#7936,#7937,#7938,
#7939,#7940,#7941,#7942,#7943,#7944,#7945,#7946,#7947,#7948,#7949,#7950,
#7951,#7952),(#7953,#7954,#7955,#7956,#7957,#7958,#7959,#7960,#7961,#7962,
#7963,#7964,#7965,#7966,#7967,#7968,#7969,#7970,#7971),(#7972,#7973,#7974,
#7975,#7976,#7977,#7978,#7979,#7980,#7981,#7982,#7983,#7984,#7985,#7986,
#7987,#7988,#7989,#7990),(#7991,#7992,#7993,#7994,#7995,#7996,#7997,#7998,
#7999,#8000,#8001,#8002,#8003,#8004,#8005,#8006,#8007,#8008,#8009)),
 .RULED_SURF.,.F.,.F.,.F.,(2,1,1,2),(4,2,2,2,2,2,2,3,4),(-0.005,0.,1.,1.00505),
(0.,0.499999882750508,0.624999853438134,0.749999824125761,0.781249816797668,
0.812499809469575,0.874999794813388,0.999999765501015,1.00599991573961),
 .UNSPECIFIED.);
#52=B_SPLINE_SURFACE_WITH_KNOTS('',1,3,((#8077,#8078,#8079,#8080,#8081,
#8082,#8083,#8084,#8085,#8086,#8087,#8088,#8089,#8090,#8091,#8092,#8093,
#8094,#8095,#8096,#8097),(#8098,#8099,#8100,#8101,#8102,#8103,#8104,#8105,
#8106,#8107,#8108,#8109,#8110,#8111,#8112,#8113,#8114,#8115,#8116,#8117,
#8118),(#8119,#8120,#8121,#8122,#8123,#8124,#8125,#8126,#8127,#8128,#8129,
#8130,#8131,#8132,#8133,#8134,#8135,#8136,#8137,#8138,#8139),(#8140,#8141,
#8142,#8143,#8144,#8145,#8146,#8147,#8148,#8149,#8150,#8151,#8152,#8153,
#8154,#8155,#8156,#8157,#8158,#8159,#8160)),.RULED_SURF.,.F.,.F.,.F.,(2,
1,1,2),(4,2,2,2,2,2,2,2,3,4),(-0.01,0.,1.,1.0101),(0.,0.249999749723475,
0.281249718438909,0.312499687154344,0.374999624585212,0.49999949944695,
0.624999374308687,0.749999249170425,0.9999989988939,1.00999898888284),
 .UNSPECIFIED.);
#53=B_SPLINE_SURFACE_WITH_KNOTS('',1,3,((#8167,#8168,#8169,#8170,#8171,
#8172,#8173,#8174,#8175,#8176,#8177,#8178,#8179,#8180,#8181),(#8182,#8183,
#8184,#8185,#8186,#8187,#8188,#8189,#8190,#8191,#8192,#8193,#8194,#8195,
#8196),(#8197,#8198,#8199,#8200,#8201,#8202,#8203,#8204,#8205,#8206,#8207,
#8208,#8209,#8210,#8211),(#8212,#8213,#8214,#8215,#8216,#8217,#8218,#8219,
#8220,#8221,#8222,#8223,#8224,#8225,#8226)),.RULED_SURF.,.F.,.F.,.F.,(2,
1,1,2),(4,2,2,2,2,3,4),(-0.005,0.,1.,1.00505),(0.,0.499999882846106,0.74999982426916,
0.812499809624923,0.874999794980686,0.999999765692213,1.00599991592),
 .UNSPECIFIED.);
#54=B_SPLINE_SURFACE_WITH_KNOTS('',1,3,((#8249,#8250,#8251,#8252,#8253,
#8254,#8255,#8256,#8257,#8258,#8259,#8260,#8261,#8262,#8263,#8264,#8265,
#8266,#8267,#8268,#8269,#8270,#8271),(#8272,#8273,#8274,#8275,#8276,#8277,
#8278,#8279,#8280,#8281,#8282,#8283,#8284,#8285,#8286,#8287,#8288,#8289,
#8290,#8291,#8292,#8293,#8294),(#8295,#8296,#8297,#8298,#8299,#8300,#8301,
#8302,#8303,#8304,#8305,#8306,#8307,#8308,#8309,#8310,#8311,#8312,#8313,
#8314,#8315,#8316,#8317),(#8318,#8319,#8320,#8321,#8322,#8323,#8324,#8325,
#8326,#8327,#8328,#8329,#8330,#8331,#8332,#8333,#8334,#8335,#8336,#8337,
#8338,#8339,#8340)),.RULED_SURF.,.F.,.F.,.F.,(2,1,1,2),(4,2,2,2,2,2,2,2,
2,3,4),(-0.0101,0.,1.,1.01),(0.,0.249999883143592,0.281249868536541,0.31249985392949,
0.374999824715388,0.499999766287184,0.562499737073082,0.62499970785898,
0.749999649430777,0.999999532574369,1.00999952790011),.UNSPECIFIED.);
#55=B_SPLINE_SURFACE_WITH_KNOTS('',1,3,((#8347,#8348,#8349,#8350,#8351,
#8352,#8353,#8354,#8355,#8356,#8357,#8358,#8359,#8360,#8361,#8362,#8363),
(#8364,#8365,#8366,#8367,#8368,#8369,#8370,#8371,#8372,#8373,#8374,#8375,
#8376,#8377,#8378,#8379,#8380),(#8381,#8382,#8383,#8384,#8385,#8386,#8387,
#8388,#8389,#8390,#8391,#8392,#8393,#8394,#8395,#8396,#8397),(#8398,#8399,
#8400,#8401,#8402,#8403,#8404,#8405,#8406,#8407,#8408,#8409,#8410,#8411,
#8412,#8413,#8414)),.RULED_SURF.,.F.,.F.,.F.,(2,1,1,2),(4,2,2,2,2,2,3,4),
(-0.005,0.,1.,1.00505),(0.,0.499999800272999,0.531249787790062,0.562499775307124,
0.624999750341249,0.749999700409499,0.999999600545999,1.00599981837483),
 .UNSPECIFIED.);
#56=B_SPLINE_SURFACE_WITH_KNOTS('',1,3,((#8487,#8488,#8489,#8490,#8491,
#8492,#8493,#8494,#8495,#8496,#8497,#8498),(#8499,#8500,#8501,#8502,#8503,
#8504,#8505,#8506,#8507,#8508,#8509,#8510)),.RULED_SURF.,.F.,.F.,.F.,(2,
2),(4,2,2,2,2,4),(0.,1.),(0.,0.499999766630123,0.562499737458888,0.624999708287654,
0.749999649945185,0.999999533260246),.UNSPECIFIED.);
#57=B_SPLINE_SURFACE_WITH_KNOTS('',1,3,((#8523,#8524,#8525,#8526,#8527,
#8528,#8529,#8530,#8531,#8532,#8533,#8534,#8535,#8536,#8537,#8538,#8539,
#8540,#8541,#8542,#8543,#8544,#8545,#8546,#8547,#8548,#8549),(#8550,#8551,
#8552,#8553,#8554,#8555,#8556,#8557,#8558,#8559,#8560,#8561,#8562,#8563,
#8564,#8565,#8566,#8567,#8568,#8569,#8570,#8571,#8572,#8573,#8574,#8575,
#8576),(#8577,#8578,#8579,#8580,#8581,#8582,#8583,#8584,#8585,#8586,#8587,
#8588,#8589,#8590,#8591,#8592,#8593,#8594,#8595,#8596,#8597,#8598,#8599,
#8600,#8601,#8602,#8603),(#8604,#8605,#8606,#8607,#8608,#8609,#8610,#8611,
#8612,#8613,#8614,#8615,#8616,#8617,#8618,#8619,#8620,#8621,#8622,#8623,
#8624,#8625,#8626,#8627,#8628,#8629,#8630)),.RULED_SURF.,.F.,.F.,.F.,(2,
1,1,2),(4,2,2,2,2,2,2,2,2,2,2,3,4),(-0.005,0.,1.,1.00505),(0.,0.499999873634223,
0.515624869685292,0.531249865736362,0.562499857838501,0.624999842042779,
0.749999810451334,0.765624806502404,0.781249802553473,0.812499794655612,
0.87499977885989,0.999999747268446,1.0059999458838),.UNSPECIFIED.);
#58=B_SPLINE_SURFACE_WITH_KNOTS('',1,3,((#8653,#8654,#8655,#8656,#8657,
#8658,#8659,#8660,#8661,#8662,#8663,#8664,#8665,#8666,#8667,#8668,#8669),
(#8670,#8671,#8672,#8673,#8674,#8675,#8676,#8677,#8678,#8679,#8680,#8681,
#8682,#8683,#8684,#8685,#8686),(#8687,#8688,#8689,#8690,#8691,#8692,#8693,
#8694,#8695,#8696,#8697,#8698,#8699,#8700,#8701,#8702,#8703),(#8704,#8705,
#8706,#8707,#8708,#8709,#8710,#8711,#8712,#8713,#8714,#8715,#8716,#8717,
#8718,#8719,#8720)),.RULED_SURF.,.F.,.F.,.F.,(2,1,1,2),(4,2,2,2,2,2,3,4),
(-0.01,0.,1.,1.0101),(0.,0.249999750465405,0.312499688081756,0.374999625698107,
0.49999950093081,0.749999251396214,0.999999001861619,1.00999899188024),
 .UNSPECIFIED.);
#59=B_SPLINE_SURFACE_WITH_KNOTS('',1,3,((#8727,#8728,#8729,#8730,#8731,
#8732,#8733,#8734,#8735,#8736,#8737,#8738,#8739,#8740,#8741,#8742,#8743,
#8744,#8745),(#8746,#8747,#8748,#8749,#8750,#8751,#8752,#8753,#8754,#8755,
#8756,#8757,#8758,#8759,#8760,#8761,#8762,#8763,#8764),(#8765,#8766,#8767,
#8768,#8769,#8770,#8771,#8772,#8773,#8774,#8775,#8776,#8777,#8778,#8779,
#8780,#8781,#8782,#8783),(#8784,#8785,#8786,#8787,#8788,#8789,#8790,#8791,
#8792,#8793,#8794,#8795,#8796,#8797,#8798,#8799,#8800,#8801,#8802)),
 .RULED_SURF.,.F.,.F.,.F.,(2,1,1,2),(4,2,2,2,2,2,2,3,4),(-0.005,0.,1.,1.00505),
(0.,0.499999882823819,0.624999853529773,0.749999824235728,0.781249816912217,
0.812499809588705,0.874999794941683,0.999999765647637,1.00599991577033),
 .UNSPECIFIED.);
#60=B_SPLINE_SURFACE_WITH_KNOTS('',1,3,((#8855,#8856,#8857,#8858,#8859,
#8860,#8861,#8862,#8863,#8864,#8865,#8866,#8867,#8868,#8869,#8870,#8871,
#8872,#8873,#8874,#8875),(#8876,#8877,#8878,#8879,#8880,#8881,#8882,#8883,
#8884,#8885,#8886,#8887,#8888,#8889,#8890,#8891,#8892,#8893,#8894,#8895,
#8896),(#8897,#8898,#8899,#8900,#8901,#8902,#8903,#8904,#8905,#8906,#8907,
#8908,#8909,#8910,#8911,#8912,#8913,#8914,#8915,#8916,#8917),(#8918,#8919,
#8920,#8921,#8922,#8923,#8924,#8925,#8926,#8927,#8928,#8929,#8930,#8931,
#8932,#8933,#8934,#8935,#8936,#8937,#8938)),.RULED_SURF.,.F.,.F.,.F.,(2,
1,1,2),(4,2,2,2,2,2,2,2,3,4),(-0.01,0.,1.,1.0101),(0.,0.249999749723475,
0.281249718438909,0.312499687154344,0.374999624585212,0.49999949944695,
0.624999374308687,0.749999249170425,0.9999989988939,1.00999898888284),
 .UNSPECIFIED.);
#61=B_SPLINE_SURFACE_WITH_KNOTS('',1,3,((#8945,#8946,#8947,#8948,#8949,
#8950,#8951,#8952,#8953,#8954,#8955,#8956,#8957,#8958,#8959,#8960,#8961,
#8962,#8963),(#8964,#8965,#8966,#8967,#8968,#8969,#8970,#8971,#8972,#8973,
#8974,#8975,#8976,#8977,#8978,#8979,#8980,#8981,#8982),(#8983,#8984,#8985,
#8986,#8987,#8988,#8989,#8990,#8991,#8992,#8993,#8994,#8995,#8996,#8997,
#8998,#8999,#9000,#9001),(#9002,#9003,#9004,#9005,#9006,#9007,#9008,#9009,
#9010,#9011,#9012,#9013,#9014,#9015,#9016,#9017,#9018,#9019,#9020)),
 .RULED_SURF.,.F.,.F.,.F.,(2,1,1,2),(4,2,2,2,2,2,2,3,4),(-0.005,0.,1.,1.00505),
(0.,0.499999882750492,0.624999853438116,0.749999824125739,0.781249816797644,
0.81249980946955,0.874999794813362,0.999999765500985,1.00599991573962),
 .UNSPECIFIED.);
#62=B_SPLINE_SURFACE_WITH_KNOTS('',1,3,((#9050,#9051,#9052,#9053,#9054,
#9055,#9056,#9057,#9058,#9059,#9060,#9061,#9062,#9063,#9064,#9065,#9066),
(#9067,#9068,#9069,#9070,#9071,#9072,#9073,#9074,#9075,#9076,#9077,#9078,
#9079,#9080,#9081,#9082,#9083),(#9084,#9085,#9086,#9087,#9088,#9089,#9090,
#9091,#9092,#9093,#9094,#9095,#9096,#9097,#9098,#9099,#9100),(#9101,#9102,
#9103,#9104,#9105,#9106,#9107,#9108,#9109,#9110,#9111,#9112,#9113,#9114,
#9115,#9116,#9117)),.RULED_SURF.,.F.,.F.,.F.,(2,1,1,2),(4,2,2,2,2,2,3,4),
(-0.005,0.,1.,1.00505),(0.,0.49999980079118,0.531249788340629,0.562499775890078,
0.624999750988975,0.74999970118677,0.99999960158236,1.00599973056233),
 .UNSPECIFIED.);
#63=B_SPLINE_SURFACE_WITH_KNOTS('',1,3,((#9172,#9173,#9174,#9175,#9176,
#9177,#9178,#9179,#9180,#9181,#9182,#9183,#9184,#9185,#9186,#9187,#9188),
(#9189,#9190,#9191,#9192,#9193,#9194,#9195,#9196,#9197,#9198,#9199,#9200,
#9201,#9202,#9203,#9204,#9205),(#9206,#9207,#9208,#9209,#9210,#9211,#9212,
#9213,#9214,#9215,#9216,#9217,#9218,#9219,#9220,#9221,#9222),(#9223,#9224,
#9225,#9226,#9227,#9228,#9229,#9230,#9231,#9232,#9233,#9234,#9235,#9236,
#9237,#9238,#9239)),.RULED_SURF.,.F.,.F.,.F.,(2,1,1,2),(4,2,2,2,2,2,3,4),
(-0.01,0.,1.,1.0101),(0.,0.249999750465401,0.312499688081751,0.374999625698101,
0.499999500930801,0.749999251396202,0.999999001861603,1.00999899188022),
 .UNSPECIFIED.);
#64=B_SPLINE_SURFACE_WITH_KNOTS('',1,3,((#9248,#9249,#9250,#9251,#9252,
#9253,#9254,#9255,#9256,#9257,#9258,#9259,#9260,#9261,#9262,#9263,#9264,
#9265),(#9266,#9267,#9268,#9269,#9270,#9271,#9272,#9273,#9274,#9275,#9276,
#9277,#9278,#9279,#9280,#9281,#9282,#9283),(#9284,#9285,#9286,#9287,#9288,
#9289,#9290,#9291,#9292,#9293,#9294,#9295,#9296,#9297,#9298,#9299,#9300,
#9301),(#9302,#9303,#9304,#9305,#9306,#9307,#9308,#9309,#9310,#9311,#9312,
#9313,#9314,#9315,#9316,#9317,#9318,#9319)),.RULED_SURF.,.F.,.F.,.F.,(2,
1,1,2),(4,2,2,2,2,2,2,2,4),(-0.01,0.,1.,1.0101),(0.,0.25,0.375,0.5,0.625,
0.6875,0.71875,0.75,1.),.UNSPECIFIED.);
#65=B_SPLINE_SURFACE_WITH_KNOTS('',1,3,((#9342,#9343,#9344,#9345,#9346,
#9347,#9348,#9349,#9350,#9351,#9352,#9353),(#9354,#9355,#9356,#9357,#9358,
#9359,#9360,#9361,#9362,#9363,#9364,#9365)),.RULED_SURF.,.F.,.F.,.F.,(2,
2),(4,2,2,2,2,4),(0.,1.),(0.,0.499999766630123,0.562499737458889,0.624999708287654,
0.749999649945185,0.999999533260247),.UNSPECIFIED.);
#66=B_SPLINE_SURFACE_WITH_KNOTS('',1,3,((#9378,#9379,#9380,#9381,#9382,
#9383,#9384,#9385,#9386,#9387,#9388,#9389,#9390,#9391,#9392,#9393,#9394,
#9395,#9396,#9397,#9398,#9399,#9400,#9401,#9402,#9403,#9404),(#9405,#9406,
#9407,#9408,#9409,#9410,#9411,#9412,#9413,#9414,#9415,#9416,#9417,#9418,
#9419,#9420,#9421,#9422,#9423,#9424,#9425,#9426,#9427,#9428,#9429,#9430,
#9431),(#9432,#9433,#9434,#9435,#9436,#9437,#9438,#9439,#9440,#9441,#9442,
#9443,#9444,#9445,#9446,#9447,#9448,#9449,#9450,#9451,#9452,#9453,#9454,
#9455,#9456,#9457,#9458),(#9459,#9460,#9461,#9462,#9463,#9464,#9465,#9466,
#9467,#9468,#9469,#9470,#9471,#9472,#9473,#9474,#9475,#9476,#9477,#9478,
#9479,#9480,#9481,#9482,#9483,#9484,#9485)),.RULED_SURF.,.F.,.F.,.F.,(2,
1,1,2),(4,2,2,2,2,2,2,2,2,2,2,3,4),(-0.005,0.,1.,1.00505),(0.,0.499999873634223,
0.515624869685292,0.531249865736362,0.562499857838501,0.624999842042779,
0.749999810451334,0.765624806502404,0.781249802553473,0.812499794655612,
0.87499977885989,0.999999747268446,1.0059999458838),.UNSPECIFIED.);
#67=B_SPLINE_SURFACE_WITH_KNOTS('',1,3,((#9576,#9577,#9578,#9579,#9580,
#9581,#9582,#9583,#9584,#9585,#9586,#9587,#9588,#9589,#9590,#9591,#9592,
#9593,#9594,#9595,#9596,#9597,#9598,#9599,#9600,#9601,#9602,#9603,#9604,
#9605,#9606,#9607,#9608,#9609,#9610,#9611,#9612,#9613,#9614,#9615,#9616,
#9617,#9618,#9619,#9620,#9621,#9622,#9623),(#9624,#9625,#9626,#9627,#9628,
#9629,#9630,#9631,#9632,#9633,#9634,#9635,#9636,#9637,#9638,#9639,#9640,
#9641,#9642,#9643,#9644,#9645,#9646,#9647,#9648,#9649,#9650,#9651,#9652,
#9653,#9654,#9655,#9656,#9657,#9658,#9659,#9660,#9661,#9662,#9663,#9664,
#9665,#9666,#9667,#9668,#9669,#9670,#9671),(#9672,#9673,#9674,#9675,#9676,
#9677,#9678,#9679,#9680,#9681,#9682,#9683,#9684,#9685,#9686,#9687,#9688,
#9689,#9690,#9691,#9692,#9693,#9694,#9695,#9696,#9697,#9698,#9699,#9700,
#9701,#9702,#9703,#9704,#9705,#9706,#9707,#9708,#9709,#9710,#9711,#9712,
#9713,#9714,#9715,#9716,#9717,#9718,#9719),(#9720,#9721,#9722,#9723,#9724,
#9725,#9726,#9727,#9728,#9729,#9730,#9731,#9732,#9733,#9734,#9735,#9736,
#9737,#9738,#9739,#9740,#9741,#9742,#9743,#9744,#9745,#9746,#9747,#9748,
#9749,#9750,#9751,#9752,#9753,#9754,#9755,#9756,#9757,#9758,#9759,#9760,
#9761,#9762,#9763,#9764,#9765,#9766,#9767)),.RULED_SURF.,.F.,.F.,.F.,(2,
1,1,2),(4,2,2,2,2,2,2,2,2,2,2,2,2,2,2,2,2,2,2,2,2,2,2,4),(-0.01,0.,1.,1.0101),
(0.,0.0625,0.09375,0.109375,0.125,0.1875,0.21875,0.234375,0.25,0.3125,0.375,
0.5,0.625,0.6875,0.71875,0.75,0.78125,0.796875,0.8125,0.84375,0.859375,
0.8671875,0.875,1.),.UNSPECIFIED.);
#68=B_SPLINE_SURFACE_WITH_KNOTS('',1,3,((#9771,#9772,#9773,#9774,#9775,
#9776,#9777,#9778,#9779,#9780,#9781,#9782,#9783,#9784,#9785,#9786,#9787,
#9788,#9789,#9790,#9791,#9792,#9793,#9794,#9795,#9796,#9797,#9798,#9799,
#9800,#9801,#9802,#9803,#9804,#9805,#9806,#9807,#9808,#9809,#9810),(#9811,
#9812,#9813,#9814,#9815,#9816,#9817,#9818,#9819,#9820,#9821,#9822,#9823,
#9824,#9825,#9826,#9827,#9828,#9829,#9830,#9831,#9832,#9833,#9834,#9835,
#9836,#9837,#9838,#9839,#9840,#9841,#9842,#9843,#9844,#9845,#9846,#9847,
#9848,#9849,#9850),(#9851,#9852,#9853,#9854,#9855,#9856,#9857,#9858,#9859,
#9860,#9861,#9862,#9863,#9864,#9865,#9866,#9867,#9868,#9869,#9870,#9871,
#9872,#9873,#9874,#9875,#9876,#9877,#9878,#9879,#9880,#9881,#9882,#9883,
#9884,#9885,#9886,#9887,#9888,#9889,#9890),(#9891,#9892,#9893,#9894,#9895,
#9896,#9897,#9898,#9899,#9900,#9901,#9902,#9903,#9904,#9905,#9906,#9907,
#9908,#9909,#9910,#9911,#9912,#9913,#9914,#9915,#9916,#9917,#9918,#9919,
#9920,#9921,#9922,#9923,#9924,#9925,#9926,#9927,#9928,#9929,#9930)),
 .RULED_SURF.,.F.,.F.,.F.,(2,1,1,2),(4,2,2,2,2,2,2,2,2,2,2,2,2,2,2,2,2,
2,2,4),(-0.01,0.,1.,1.0101),(0.,0.0625,0.125,0.25,0.375,0.5,0.53125,0.5625,
0.59375,0.609375,0.625,0.6875,0.71875,0.734375,0.75,0.8125,0.84375,0.859375,
0.875,1.),.UNSPECIFIED.);
#69=B_SPLINE_SURFACE_WITH_KNOTS('',1,3,((#9942,#9943,#9944,#9945,#9946,
#9947,#9948,#9949,#9950,#9951,#9952,#9953,#9954,#9955,#9956,#9957,#9958,
#9959,#9960,#9961,#9962,#9963,#9964,#9965,#9966,#9967,#9968,#9969,#9970,
#9971,#9972),(#9973,#9974,#9975,#9976,#9977,#9978,#9979,#9980,#9981,#9982,
#9983,#9984,#9985,#9986,#9987,#9988,#9989,#9990,#9991,#9992,#9993,#9994,
#9995,#9996,#9997,#9998,#9999,#10000,#10001,#10002,#10003),(#10004,#10005,
#10006,#10007,#10008,#10009,#10010,#10011,#10012,#10013,#10014,#10015,#10016,
#10017,#10018,#10019,#10020,#10021,#10022,#10023,#10024,#10025,#10026,#10027,
#10028,#10029,#10030,#10031,#10032,#10033,#10034),(#10035,#10036,#10037,
#10038,#10039,#10040,#10041,#10042,#10043,#10044,#10045,#10046,#10047,#10048,
#10049,#10050,#10051,#10052,#10053,#10054,#10055,#10056,#10057,#10058,#10059,
#10060,#10061,#10062,#10063,#10064,#10065)),.RULED_SURF.,.F.,.F.,.F.,(2,
1,1,2),(4,2,2,2,2,2,2,2,2,2,2,2,2,3,4),(-0.005,0.,1.,1.00505),(0.,0.249999853245584,
0.281249834901282,0.31249981655698,0.374999779868376,0.499999706491168,
0.515624697319017,0.531249688146866,0.562499669802564,0.62499963311396,
0.687499596425356,0.749999559736751,0.874999486359543,0.999999412982335,
1.00599983854664),.UNSPECIFIED.);
#70=B_SPLINE_SURFACE_WITH_KNOTS('',1,3,((#10077,#10078,#10079,#10080,#10081,
#10082,#10083,#10084,#10085,#10086,#10087,#10088,#10089,#10090,#10091,#10092,
#10093,#10094,#10095,#10096,#10097,#10098,#10099,#10100,#10101,#10102,#10103,
#10104,#10105,#10106,#10107,#10108,#10109,#10110,#10111,#10112,#10113,#10114,
#10115),(#10116,#10117,#10118,#10119,#10120,#10121,#10122,#10123,#10124,
#10125,#10126,#10127,#10128,#10129,#10130,#10131,#10132,#10133,#10134,#10135,
#10136,#10137,#10138,#10139,#10140,#10141,#10142,#10143,#10144,#10145,#10146,
#10147,#10148,#10149,#10150,#10151,#10152,#10153,#10154),(#10155,#10156,
#10157,#10158,#10159,#10160,#10161,#10162,#10163,#10164,#10165,#10166,#10167,
#10168,#10169,#10170,#10171,#10172,#10173,#10174,#10175,#10176,#10177,#10178,
#10179,#10180,#10181,#10182,#10183,#10184,#10185,#10186,#10187,#10188,#10189,
#10190,#10191,#10192,#10193),(#10194,#10195,#10196,#10197,#10198,#10199,
#10200,#10201,#10202,#10203,#10204,#10205,#10206,#10207,#10208,#10209,#10210,
#10211,#10212,#10213,#10214,#10215,#10216,#10217,#10218,#10219,#10220,#10221,
#10222,#10223,#10224,#10225,#10226,#10227,#10228,#10229,#10230,#10231,#10232)),
 .RULED_SURF.,.F.,.F.,.F.,(2,1,1,2),(4,2,2,2,2,2,2,2,2,2,2,2,2,2,2,2,2,
3,4),(-0.01,0.,1.,1.0101),(0.,0.124999952258485,0.156249940323106,0.187499928387727,
0.24999990451697,0.281249892581591,0.312499880646212,0.374999856775455,
0.437499832904697,0.468749820969319,0.49999980903394,0.531249797098561,
0.562499785163182,0.624999761292425,0.74999971355091,0.812499689680152,
0.874999665809395,0.99999961806788,1.00999961424856),.UNSPECIFIED.);
#71=B_SPLINE_SURFACE_WITH_KNOTS('',1,3,((#10307,#10308,#10309,#10310,#10311,
#10312,#10313,#10314,#10315,#10316,#10317,#10318,#10319,#10320,#10321,#10322,
#10323,#10324,#10325,#10326,#10327,#10328,#10329,#10330,#10331,#10332,#10333,
#10334,#10335,#10336,#10337,#10338,#10339,#10340,#10341,#10342,#10343,#10344,
#10345,#10346,#10347,#10348,#10349,#10350,#10351,#10352,#10353,#10354,#10355,
#10356,#10357,#10358,#10359,#10360,#10361,#10362,#10363,#10364,#10365,#10366,
#10367,#10368,#10369),(#10370,#10371,#10372,#10373,#10374,#10375,#10376,
#10377,#10378,#10379,#10380,#10381,#10382,#10383,#10384,#10385,#10386,#10387,
#10388,#10389,#10390,#10391,#10392,#10393,#10394,#10395,#10396,#10397,#10398,
#10399,#10400,#10401,#10402,#10403,#10404,#10405,#10406,#10407,#10408,#10409,
#10410,#10411,#10412,#10413,#10414,#10415,#10416,#10417,#10418,#10419,#10420,
#10421,#10422,#10423,#10424,#10425,#10426,#10427,#10428,#10429,#10430,#10431,
#10432),(#10433,#10434,#10435,#10436,#10437,#10438,#10439,#10440,#10441,
#10442,#10443,#10444,#10445,#10446,#10447,#10448,#10449,#10450,#10451,#10452,
#10453,#10454,#10455,#10456,#10457,#10458,#10459,#10460,#10461,#10462,#10463,
#10464,#10465,#10466,#10467,#10468,#10469,#10470,#10471,#10472,#10473,#10474,
#10475,#10476,#10477,#10478,#10479,#10480,#10481,#10482,#10483,#10484,#10485,
#10486,#10487,#10488,#10489,#10490,#10491,#10492,#10493,#10494,#10495),
(#10496,#10497,#10498,#10499,#10500,#10501,#10502,#10503,#10504,#10505,
#10506,#10507,#10508,#10509,#10510,#10511,#10512,#10513,#10514,#10515,#10516,
#10517,#10518,#10519,#10520,#10521,#10522,#10523,#10524,#10525,#10526,#10527,
#10528,#10529,#10530,#10531,#10532,#10533,#10534,#10535,#10536,#10537,#10538,
#10539,#10540,#10541,#10542,#10543,#10544,#10545,#10546,#10547,#10548,#10549,
#10550,#10551,#10552,#10553,#10554,#10555,#10556,#10557,#10558)),
 .RULED_SURF.,.F.,.F.,.F.,(2,1,1,2),(4,2,2,2,2,2,2,2,2,2,2,2,2,2,2,2,2,
2,2,2,2,2,2,2,2,2,2,2,2,3,4),(-0.005,0.,1.,1.00505),(0.,0.124999990895497,
0.187499986343245,0.218749984067119,0.249999981790993,0.312499977238742,
0.37499997268649,0.499999963581987,0.562499959029735,0.570312458460704,
0.578124957891672,0.593749956753609,0.624999954477484,0.656249952201358,
0.664062451632326,0.671874951063295,0.687499949925232,0.6953124493562,0.703124948787169,
0.718749947649106,0.734374946511043,0.74999994537298,0.812499940820729,
0.843749938544603,0.85937493740654,0.874999936268477,0.906249933992351,
0.937499931716225,0.9687499294401,0.999999927163974,1.00599996687375),
 .UNSPECIFIED.);
#72=B_SPLINE_SURFACE_WITH_KNOTS('',1,3,((#10591,#10592,#10593,#10594,#10595,
#10596,#10597,#10598,#10599,#10600,#10601,#10602,#10603,#10604,#10605,#10606,
#10607,#10608,#10609,#10610,#10611,#10612,#10613,#10614,#10615,#10616,#10617,
#10618,#10619,#10620,#10621,#10622,#10623,#10624,#10625,#10626,#10627,#10628,
#10629,#10630,#10631,#10632,#10633,#10634,#10635,#10636,#10637,#10638,#10639,
#10640,#10641,#10642,#10643,#10644,#10645,#10646,#10647,#10648,#10649,#10650,
#10651,#10652,#10653,#10654,#10655),(#10656,#10657,#10658,#10659,#10660,
#10661,#10662,#10663,#10664,#10665,#10666,#10667,#10668,#10669,#10670,#10671,
#10672,#10673,#10674,#10675,#10676,#10677,#10678,#10679,#10680,#10681,#10682,
#10683,#10684,#10685,#10686,#10687,#10688,#10689,#10690,#10691,#10692,#10693,
#10694,#10695,#10696,#10697,#10698,#10699,#10700,#10701,#10702,#10703,#10704,
#10705,#10706,#10707,#10708,#10709,#10710,#10711,#10712,#10713,#10714,#10715,
#10716,#10717,#10718,#10719,#10720),(#10721,#10722,#10723,#10724,#10725,
#10726,#10727,#10728,#10729,#10730,#10731,#10732,#10733,#10734,#10735,#10736,
#10737,#10738,#10739,#10740,#10741,#10742,#10743,#10744,#10745,#10746,#10747,
#10748,#10749,#10750,#10751,#10752,#10753,#10754,#10755,#10756,#10757,#10758,
#10759,#10760,#10761,#10762,#10763,#10764,#10765,#10766,#10767,#10768,#10769,
#10770,#10771,#10772,#10773,#10774,#10775,#10776,#10777,#10778,#10779,#10780,
#10781,#10782,#10783,#10784,#10785),(#10786,#10787,#10788,#10789,#10790,
#10791,#10792,#10793,#10794,#10795,#10796,#10797,#10798,#10799,#10800,#10801,
#10802,#10803,#10804,#10805,#10806,#10807,#10808,#10809,#10810,#10811,#10812,
#10813,#10814,#10815,#10816,#10817,#10818,#10819,#10820,#10821,#10822,#10823,
#10824,#10825,#10826,#10827,#10828,#10829,#10830,#10831,#10832,#10833,#10834,
#10835,#10836,#10837,#10838,#10839,#10840,#10841,#10842,#10843,#10844,#10845,
#10846,#10847,#10848,#10849,#10850)),.RULED_SURF.,.F.,.F.,.F.,(2,1,1,2),
(4,2,2,2,2,2,2,2,2,2,2,2,2,2,2,2,2,2,2,2,2,2,2,2,2,2,2,2,2,2,3,4),(-0.005,
0.,1.,1.00505),(0.,0.0312499977178405,0.0624999954356809,0.124999990871362,
0.156249988589202,0.187499986307043,0.249999981742724,0.281249979460564,
0.312499977178405,0.374999972614086,0.437499968049767,0.499999963485447,
0.515624962344368,0.531249961203288,0.562499958921128,0.593749956638969,
0.624999954356809,0.64062495321573,0.65624995207465,0.67187495093357,0.68749994979249,
0.718749947510331,0.749999945228171,0.781249942946012,0.812499940663852,
0.828124939522772,0.843749938381693,0.874999936099533,0.937499931535214,
0.968749929253054,0.999999926970895,1.0059999665644),.UNSPECIFIED.);
#73=B_SPLINE_SURFACE_WITH_KNOTS('',1,3,((#11089,#11090,#11091,#11092,#11093,
#11094,#11095,#11096,#11097,#11098,#11099,#11100,#11101,#11102,#11103,#11104,
#11105,#11106,#11107,#11108,#11109,#11110,#11111),(#11112,#11113,#11114,
#11115,#11116,#11117,#11118,#11119,#11120,#11121,#11122,#11123,#11124,#11125,
#11126,#11127,#11128,#11129,#11130,#11131,#11132,#11133,#11134),(#11135,
#11136,#11137,#11138,#11139,#11140,#11141,#11142,#11143,#11144,#11145,#11146,
#11147,#11148,#11149,#11150,#11151,#11152,#11153,#11154,#11155,#11156,#11157),
(#11158,#11159,#11160,#11161,#11162,#11163,#11164,#11165,#11166,#11167,
#11168,#11169,#11170,#11171,#11172,#11173,#11174,#11175,#11176,#11177,#11178,
#11179,#11180)),.RULED_SURF.,.F.,.F.,.F.,(2,1,1,2),(4,2,2,2,2,2,2,2,2,3,
4),(-0.005,0.,1.,1.00505),(0.,0.124999967000987,0.156249958751234,0.18749995050148,
0.249999934001974,0.499999868003948,0.624999835004935,0.749999802005922,
0.874999769006908,0.999999736007895,1.00599988375247),.UNSPECIFIED.);
#74=B_SPLINE_SURFACE_WITH_KNOTS('',1,3,((#11195,#11196,#11197,#11198,#11199,
#11200,#11201,#11202,#11203,#11204,#11205,#11206,#11207,#11208,#11209,#11210,
#11211,#11212,#11213,#11214,#11215,#11216),(#11217,#11218,#11219,#11220,
#11221,#11222,#11223,#11224,#11225,#11226,#11227,#11228,#11229,#11230,#11231,
#11232,#11233,#11234,#11235,#11236,#11237,#11238),(#11239,#11240,#11241,
#11242,#11243,#11244,#11245,#11246,#11247,#11248,#11249,#11250,#11251,#11252,
#11253,#11254,#11255,#11256,#11257,#11258,#11259,#11260),(#11261,#11262,
#11263,#11264,#11265,#11266,#11267,#11268,#11269,#11270,#11271,#11272,#11273,
#11274,#11275,#11276,#11277,#11278,#11279,#11280,#11281,#11282)),
 .SURF_OF_LINEAR_EXTRUSION.,.F.,.T.,.F.,(2,1,1,2),(2,2,2,2,2,2,2,2,2,2,
2,2,2),(-0.01,0.,1.,1.0101),(-0.125,0.,0.125,0.25,0.3125,0.375,0.5,0.5625,
0.625,0.75,0.875,1.,1.125),.UNSPECIFIED.);
#75=B_SPLINE_SURFACE_WITH_KNOTS('',1,3,((#11283,#11284,#11285,#11286,#11287,
#11288,#11289,#11290,#11291,#11292,#11293,#11294,#11295,#11296,#11297,#11298,
#11299,#11300,#11301,#11302,#11303,#11304,#11305,#11306,#11307,#11308,#11309,
#11310,#11311,#11312,#11313,#11314,#11315,#11316,#11317,#11318,#11319,#11320,
#11321,#11322,#11323,#11324,#11325,#11326,#11327,#11328,#11329,#11330,#11331,
#11332),(#11333,#11334,#11335,#11336,#11337,#11338,#11339,#11340,#11341,
#11342,#11343,#11344,#11345,#11346,#11347,#11348,#11349,#11350,#11351,#11352,
#11353,#11354,#11355,#11356,#11357,#11358,#11359,#11360,#11361,#11362,#11363,
#11364,#11365,#11366,#11367,#11368,#11369,#11370,#11371,#11372,#11373,#11374,
#11375,#11376,#11377,#11378,#11379,#11380,#11381,#11382),(#11383,#11384,
#11385,#11386,#11387,#11388,#11389,#11390,#11391,#11392,#11393,#11394,#11395,
#11396,#11397,#11398,#11399,#11400,#11401,#11402,#11403,#11404,#11405,#11406,
#11407,#11408,#11409,#11410,#11411,#11412,#11413,#11414,#11415,#11416,#11417,
#11418,#11419,#11420,#11421,#11422,#11423,#11424,#11425,#11426,#11427,#11428,
#11429,#11430,#11431,#11432),(#11433,#11434,#11435,#11436,#11437,#11438,
#11439,#11440,#11441,#11442,#11443,#11444,#11445,#11446,#11447,#11448,#11449,
#11450,#11451,#11452,#11453,#11454,#11455,#11456,#11457,#11458,#11459,#11460,
#11461,#11462,#11463,#11464,#11465,#11466,#11467,#11468,#11469,#11470,#11471,
#11472,#11473,#11474,#11475,#11476,#11477,#11478,#11479,#11480,#11481,#11482)),
 .RULED_SURF.,.F.,.F.,.F.,(2,1,1,2),(4,2,2,2,2,2,2,2,2,2,2,2,2,2,2,2,2,
2,2,2,2,2,2,2,4),(-0.01,0.,1.,1.0101),(0.,0.0312499998649867,0.0624999997299733,
0.124999999459947,0.156249999324933,0.18749999918992,0.249999998919893,
0.265624998852387,0.28124999878488,0.312499998649867,0.32812499858236,0.343749998514853,
0.37499999837984,0.437499998109813,0.453124998042307,0.4687499979748,0.499999997839787,
0.624999997299733,0.687499997029707,0.74999999675968,0.812499996489653,
0.874999996219627,0.9374999959496,0.968749995814587,0.999999995679573),
 .UNSPECIFIED.);
#76=B_SPLINE_SURFACE_WITH_KNOTS('',1,3,((#11539,#11540,#11541,#11542,#11543,
#11544,#11545),(#11546,#11547,#11548,#11549,#11550,#11551,#11552),(#11553,
#11554,#11555,#11556,#11557,#11558,#11559)),.RULED_SURF.,.F.,.F.,.F.,(2,
1,2),(4,3,4),(-0.01,0.,1.),(0.,0.999999957941867,1.00999995752129),
 .UNSPECIFIED.);
#77=B_SPLINE_SURFACE_WITH_KNOTS('',1,3,((#11570,#11571,#11572,#11573,#11574,
#11575,#11576,#11577,#11578),(#11579,#11580,#11581,#11582,#11583,#11584,
#11585,#11586,#11587),(#11588,#11589,#11590,#11591,#11592,#11593,#11594,
#11595,#11596)),.RULED_SURF.,.F.,.F.,.F.,(2,1,2),(4,2,3,4),(0.,1.,1.01),
(0.,0.499999988568197,0.999999977136394,1.00999997690776),.UNSPECIFIED.);
#78=B_SPLINE_SURFACE_WITH_KNOTS('',1,3,((#11666,#11667,#11668,#11669,#11670,
#11671,#11672,#11673,#11674,#11675,#11676,#11677,#11678,#11679,#11680,#11681,
#11682,#11683,#11684,#11685,#11686,#11687,#11688,#11689,#11690,#11691,#11692,
#11693,#11694),(#11695,#11696,#11697,#11698,#11699,#11700,#11701,#11702,
#11703,#11704,#11705,#11706,#11707,#11708,#11709,#11710,#11711,#11712,#11713,
#11714,#11715,#11716,#11717,#11718,#11719,#11720,#11721,#11722,#11723),
(#11724,#11725,#11726,#11727,#11728,#11729,#11730,#11731,#11732,#11733,
#11734,#11735,#11736,#11737,#11738,#11739,#11740,#11741,#11742,#11743,#11744,
#11745,#11746,#11747,#11748,#11749,#11750,#11751,#11752),(#11753,#11754,
#11755,#11756,#11757,#11758,#11759,#11760,#11761,#11762,#11763,#11764,#11765,
#11766,#11767,#11768,#11769,#11770,#11771,#11772,#11773,#11774,#11775,#11776,
#11777,#11778,#11779,#11780,#11781)),.RULED_SURF.,.F.,.F.,.F.,(2,1,1,2),
(4,2,2,2,2,2,2,2,2,2,2,2,3,4),(-0.005,0.,1.,1.00505),(0.,0.0624999880816902,
0.0937499821225353,0.12499997616338,0.249999952326761,0.374999928490141,
0.499999904653522,0.624999880816902,0.749999856980282,0.874999833143663,
0.937499821225353,0.968749815266198,0.999999809307043,1.00599990408152),
 .UNSPECIFIED.);
#79=B_SPLINE_SURFACE_WITH_KNOTS('',1,3,((#11803,#11804,#11805,#11806,#11807,
#11808,#11809,#11810,#11811,#11812,#11813,#11814,#11815,#11816,#11817),
(#11818,#11819,#11820,#11821,#11822,#11823,#11824,#11825,#11826,#11827,
#11828,#11829,#11830,#11831,#11832),(#11833,#11834,#11835,#11836,#11837,
#11838,#11839,#11840,#11841,#11842,#11843,#11844,#11845,#11846,#11847),
(#11848,#11849,#11850,#11851,#11852,#11853,#11854,#11855,#11856,#11857,
#11858,#11859,#11860,#11861,#11862)),.RULED_SURF.,.F.,.F.,.F.,(2,1,1,2),
(4,2,2,2,2,3,4),(-0.005,0.,1.,1.00505),(0.,0.124999990145012,0.249999980290025,
0.49999996058005,0.749999940870075,0.9999999211601,1.00599996399106),
 .UNSPECIFIED.);
#80=B_SPLINE_SURFACE_WITH_KNOTS('',1,3,((#11882,#11883,#11884,#11885,#11886,
#11887,#11888,#11889,#11890,#11891,#11892,#11893,#11894,#11895,#11896,#11897,
#11898,#11899,#11900,#11901,#11902),(#11903,#11904,#11905,#11906,#11907,
#11908,#11909,#11910,#11911,#11912,#11913,#11914,#11915,#11916,#11917,#11918,
#11919,#11920,#11921,#11922,#11923),(#11924,#11925,#11926,#11927,#11928,
#11929,#11930,#11931,#11932,#11933,#11934,#11935,#11936,#11937,#11938,#11939,
#11940,#11941,#11942,#11943,#11944),(#11945,#11946,#11947,#11948,#11949,
#11950,#11951,#11952,#11953,#11954,#11955,#11956,#11957,#11958,#11959,#11960,
#11961,#11962,#11963,#11964,#11965)),.RULED_SURF.,.F.,.F.,.F.,(2,1,1,2),
(4,2,2,2,2,2,2,2,3,4),(-0.005,0.,1.,1.00505),(9.73542165315682E-8,0.062499978785975,
0.12499995757195,0.2499999151439,0.4999998302878,0.62499978785975,0.7499997454317,
0.87499970300365,0.9999996605756,1.0059998735086),.UNSPECIFIED.);
#81=B_SPLINE_SURFACE_WITH_KNOTS('',1,3,((#11977,#11978,#11979,#11980,#11981,
#11982,#11983,#11984,#11985,#11986,#11987,#11988,#11989,#11990,#11991,#11992,
#11993,#11994,#11995,#11996,#11997,#11998,#11999,#12000,#12001),(#12002,
#12003,#12004,#12005,#12006,#12007,#12008,#12009,#12010,#12011,#12012,#12013,
#12014,#12015,#12016,#12017,#12018,#12019,#12020,#12021,#12022,#12023,#12024,
#12025,#12026),(#12027,#12028,#12029,#12030,#12031,#12032,#12033,#12034,
#12035,#12036,#12037,#12038,#12039,#12040,#12041,#12042,#12043,#12044,#12045,
#12046,#12047,#12048,#12049,#12050,#12051),(#12052,#12053,#12054,#12055,
#12056,#12057,#12058,#12059,#12060,#12061,#12062,#12063,#12064,#12065,#12066,
#12067,#12068,#12069,#12070,#12071,#12072,#12073,#12074,#12075,#12076)),
 .RULED_SURF.,.F.,.F.,.F.,(2,1,1,2),(4,2,2,2,2,2,2,2,2,2,3,4),(-0.005,0.,
1.,1.00505),(0.,0.0624999875696458,0.124999975139292,0.249999950278583,
0.374999925417875,0.499999900557167,0.624999875696458,0.74999985083575,
0.874999825975042,0.937499813544687,0.999999801114333,1.00599991210323),
 .UNSPECIFIED.);
#82=B_SPLINE_SURFACE_WITH_KNOTS('',1,3,((#12132,#12133,#12134,#12135,#12136,
#12137,#12138,#12139,#12140,#12141,#12142,#12143,#12144,#12145,#12146,#12147,
#12148),(#12149,#12150,#12151,#12152,#12153,#12154,#12155,#12156,#12157,
#12158,#12159,#12160,#12161,#12162,#12163,#12164,#12165),(#12166,#12167,
#12168,#12169,#12170,#12171,#12172,#12173,#12174,#12175,#12176,#12177,#12178,
#12179,#12180,#12181,#12182),(#12183,#12184,#12185,#12186,#12187,#12188,
#12189,#12190,#12191,#12192,#12193,#12194,#12195,#12196,#12197,#12198,#12199)),
 .RULED_SURF.,.F.,.F.,.F.,(2,1,1,2),(4,2,2,2,2,2,3,4),(-0.01,0.,1.,1.0101),
(0.,0.249999750465402,0.312499688081753,0.374999625698103,0.499999500930804,
0.749999251396206,0.999999001861608,1.00999899188022),.UNSPECIFIED.);
#83=B_SPLINE_SURFACE_WITH_KNOTS('',1,3,((#12208,#12209,#12210,#12211,#12212,
#12213,#12214,#12215,#12216,#12217,#12218,#12219,#12220,#12221,#12222,#12223,
#12224,#12225),(#12226,#12227,#12228,#12229,#12230,#12231,#12232,#12233,
#12234,#12235,#12236,#12237,#12238,#12239,#12240,#12241,#12242,#12243),
(#12244,#12245,#12246,#12247,#12248,#12249,#12250,#12251,#12252,#12253,
#12254,#12255,#12256,#12257,#12258,#12259,#12260,#12261),(#12262,#12263,
#12264,#12265,#12266,#12267,#12268,#12269,#12270,#12271,#12272,#12273,#12274,
#12275,#12276,#12277,#12278,#12279)),.RULED_SURF.,.F.,.F.,.F.,(2,1,1,2),
(4,2,2,2,2,2,2,2,4),(-0.01,0.,1.,1.0101),(0.,0.25,0.375,0.5,0.625,0.6875,
0.71875,0.75,1.),.UNSPECIFIED.);
#84=B_SPLINE_SURFACE_WITH_KNOTS('',1,3,((#12302,#12303,#12304,#12305,#12306,
#12307,#12308,#12309,#12310,#12311,#12312,#12313),(#12314,#12315,#12316,
#12317,#12318,#12319,#12320,#12321,#12322,#12323,#12324,#12325)),
 .RULED_SURF.,.F.,.F.,.F.,(2,2),(4,2,2,2,2,4),(0.,1.),(0.,0.499999766630123,
0.562499737458889,0.624999708287654,0.749999649945185,0.999999533260247),
 .UNSPECIFIED.);
#85=B_SPLINE_SURFACE_WITH_KNOTS('',1,3,((#12338,#12339,#12340,#12341,#12342,
#12343,#12344,#12345,#12346,#12347,#12348,#12349,#12350,#12351,#12352,#12353,
#12354,#12355,#12356,#12357,#12358,#12359,#12360,#12361,#12362,#12363,#12364),
(#12365,#12366,#12367,#12368,#12369,#12370,#12371,#12372,#12373,#12374,
#12375,#12376,#12377,#12378,#12379,#12380,#12381,#12382,#12383,#12384,#12385,
#12386,#12387,#12388,#12389,#12390,#12391),(#12392,#12393,#12394,#12395,
#12396,#12397,#12398,#12399,#12400,#12401,#12402,#12403,#12404,#12405,#12406,
#12407,#12408,#12409,#12410,#12411,#12412,#12413,#12414,#12415,#12416,#12417,
#12418),(#12419,#12420,#12421,#12422,#12423,#12424,#12425,#12426,#12427,
#12428,#12429,#12430,#12431,#12432,#12433,#12434,#12435,#12436,#12437,#12438,
#12439,#12440,#12441,#12442,#12443,#12444,#12445)),.RULED_SURF.,.F.,.F.,
 .F.,(2,1,1,2),(4,2,2,2,2,2,2,2,2,2,2,3,4),(-0.005,0.,1.,1.00505),(0.,0.499999873634223,
0.515624869685293,0.531249865736362,0.562499857838501,0.624999842042779,
0.749999810451335,0.765624806502404,0.781249802553474,0.812499794655613,
0.87499977885989,0.999999747268446,1.00599994588384),.UNSPECIFIED.);
#86=LINE('',#6246,#295);
#87=LINE('',#6250,#296);
#88=LINE('',#6252,#297);
#89=LINE('',#6256,#298);
#90=LINE('',#6334,#299);
#91=LINE('',#6341,#300);
#92=LINE('',#6345,#301);
#93=LINE('',#6349,#302);
#94=LINE('',#6353,#303);
#95=LINE('',#6440,#304);
#96=LINE('',#6522,#305);
#97=LINE('',#6534,#306);
#98=LINE('',#6538,#307);
#99=LINE('',#6540,#308);
#100=LINE('',#6542,#309);
#101=LINE('',#6544,#310);
#102=LINE('',#6546,#311);
#103=LINE('',#6550,#312);
#104=LINE('',#6552,#313);
#105=LINE('',#6602,#314);
#106=LINE('',#6606,#315);
#107=LINE('',#6608,#316);
#108=LINE('',#6612,#317);
#109=LINE('',#6616,#318);
#110=LINE('',#6643,#319);
#111=LINE('',#6731,#320);
#112=LINE('',#6738,#321);
#113=LINE('',#6742,#322);
#114=LINE('',#6746,#323);
#115=LINE('',#6750,#324);
#116=LINE('',#6837,#325);
#117=LINE('',#6970,#326);
#118=LINE('',#6974,#327);
#119=LINE('',#6976,#328);
#120=LINE('',#6980,#329);
#121=LINE('',#6984,#330);
#122=LINE('',#7071,#331);
#123=LINE('',#7153,#332);
#124=LINE('',#7160,#333);
#125=LINE('',#7164,#334);
#126=LINE('',#7168,#335);
#127=LINE('',#7172,#336);
#128=LINE('',#7199,#337);
#129=LINE('',#7370,#338);
#130=LINE('',#7374,#339);
#131=LINE('',#7376,#340);
#132=LINE('',#7380,#341);
#133=LINE('',#7407,#342);
#134=LINE('',#7527,#343);
#135=LINE('',#7534,#344);
#136=LINE('',#7538,#345);
#137=LINE('',#7542,#346);
#138=LINE('',#7546,#347);
#139=LINE('',#7617,#348);
#140=LINE('',#7699,#349);
#141=LINE('',#7742,#350);
#142=LINE('',#7746,#351);
#143=LINE('',#7822,#352);
#144=LINE('',#7829,#353);
#145=LINE('',#7833,#354);
#146=LINE('',#7837,#355);
#147=LINE('',#7841,#356);
#148=LINE('',#7928,#357);
#149=LINE('',#8010,#358);
#150=LINE('',#8017,#359);
#151=LINE('',#8021,#360);
#152=LINE('',#8064,#361);
#153=LINE('',#8068,#362);
#154=LINE('',#8070,#363);
#155=LINE('',#8074,#364);
#156=LINE('',#8161,#365);
#157=LINE('',#8227,#366);
#158=LINE('',#8234,#367);
#159=LINE('',#8238,#368);
#160=LINE('',#8242,#369);
#161=LINE('',#8246,#370);
#162=LINE('',#8341,#371);
#163=LINE('',#8415,#372);
#164=LINE('',#8470,#373);
#165=LINE('',#8474,#374);
#166=LINE('',#8476,#375);
#167=LINE('',#8480,#376);
#168=LINE('',#8484,#377);
#169=LINE('',#8511,#378);
#170=LINE('',#8631,#379);
#171=LINE('',#8638,#380);
#172=LINE('',#8642,#381);
#173=LINE('',#8646,#382);
#174=LINE('',#8650,#383);
#175=LINE('',#8721,#384);
#176=LINE('',#8842,#385);
#177=LINE('',#8846,#386);
#178=LINE('',#8848,#387);
#179=LINE('',#8852,#388);
#180=LINE('',#8939,#389);
#181=LINE('',#9021,#390);
#182=LINE('',#9028,#391);
#183=LINE('',#9032,#392);
#184=LINE('',#9036,#393);
#185=LINE('',#9040,#394);
#186=LINE('',#9118,#395);
#187=LINE('',#9240,#396);
#188=LINE('',#9247,#397);
#189=LINE('',#9320,#398);
#190=LINE('',#9327,#399);
#191=LINE('',#9331,#400);
#192=LINE('',#9335,#401);
#193=LINE('',#9339,#402);
#194=LINE('',#9366,#403);
#195=LINE('',#9486,#404);
#196=LINE('',#9493,#405);
#197=LINE('',#9497,#406);
#198=LINE('',#9501,#407);
#199=LINE('',#9507,#408);
#200=LINE('',#9533,#409);
#201=LINE('',#9537,#410);
#202=LINE('',#9556,#411);
#203=LINE('',#9571,#412);
#204=LINE('',#9573,#413);
#205=LINE('',#9575,#414);
#206=LINE('',#9768,#415);
#207=LINE('',#9769,#416);
#208=LINE('',#9931,#417);
#209=LINE('',#10066,#418);
#210=LINE('',#10074,#419);
#211=LINE('',#10233,#420);
#212=LINE('',#10245,#421);
#213=LINE('',#10247,#422);
#214=LINE('',#10874,#423);
#215=LINE('',#10878,#424);
#216=LINE('',#10882,#425);
#217=LINE('',#10886,#426);
#218=LINE('',#10890,#427);
#219=LINE('',#10894,#428);
#220=LINE('',#10896,#429);
#221=LINE('',#10898,#430);
#222=LINE('',#10900,#431);
#223=LINE('',#10902,#432);
#224=LINE('',#10906,#433);
#225=LINE('',#10908,#434);
#226=LINE('',#10910,#435);
#227=LINE('',#10914,#436);
#228=LINE('',#10916,#437);
#229=LINE('',#10918,#438);
#230=LINE('',#10922,#439);
#231=LINE('',#10924,#440);
#232=LINE('',#10926,#441);
#233=LINE('',#10930,#442);
#234=LINE('',#10932,#443);
#235=LINE('',#10934,#444);
#236=LINE('',#10938,#445);
#237=LINE('',#10940,#446);
#238=LINE('',#10944,#447);
#239=LINE('',#10949,#448);
#240=LINE('',#10955,#449);
#241=LINE('',#10959,#450);
#242=LINE('',#10965,#451);
#243=LINE('',#10969,#452);
#244=LINE('',#10971,#453);
#245=LINE('',#10973,#454);
#246=LINE('',#10975,#455);
#247=LINE('',#10986,#456);
#248=LINE('',#10988,#457);
#249=LINE('',#10990,#458);
#250=LINE('',#10994,#459);
#251=LINE('',#10996,#460);
#252=LINE('',#10998,#461);
#253=LINE('',#11009,#462);
#254=LINE('',#11014,#463);
#255=LINE('',#11018,#464);
#256=LINE('',#11022,#465);
#257=LINE('',#11024,#466);
#258=LINE('',#11026,#467);
#259=LINE('',#11028,#468);
#260=LINE('',#11030,#469);
#261=LINE('',#11034,#470);
#262=LINE('',#11036,#471);
#263=LINE('',#11038,#472);
#264=LINE('',#11042,#473);
#265=LINE('',#11044,#474);
#266=LINE('',#11181,#475);
#267=LINE('',#11509,#476);
#268=LINE('',#11514,#477);
#269=LINE('',#11523,#478);
#270=LINE('',#11530,#479);
#271=LINE('',#11534,#480);
#272=LINE('',#11536,#481);
#273=LINE('',#11538,#482);
#274=LINE('',#11560,#483);
#275=LINE('',#11567,#484);
#276=LINE('',#11569,#485);
#277=LINE('',#11597,#486);
#278=LINE('',#11604,#487);
#279=LINE('',#11608,#488);
#280=LINE('',#11966,#489);
#281=LINE('',#12200,#490);
#282=LINE('',#12207,#491);
#283=LINE('',#12280,#492);
#284=LINE('',#12287,#493);
#285=LINE('',#12291,#494);
#286=LINE('',#12295,#495);
#287=LINE('',#12299,#496);
#288=LINE('',#12326,#497);
#289=LINE('',#12446,#498);
#290=LINE('',#12453,#499);
#291=LINE('',#12457,#500);
#292=LINE('',#12461,#501);
#293=LINE('',#12467,#502);
#294=LINE('',#12476,#503);
#295=VECTOR('',#5088,1.);
#296=VECTOR('',#5091,1.);
#297=VECTOR('',#5094,1.);
#298=VECTOR('',#5099,1.);
#299=VECTOR('',#5106,1.);
#300=VECTOR('',#5109,1.);
#301=VECTOR('',#5114,1.);
#302=VECTOR('',#5119,1.);
#303=VECTOR('',#5124,1.);
#304=VECTOR('',#5127,1.);
#305=VECTOR('',#5128,1.);
#306=VECTOR('',#5137,1.);
#307=VECTOR('',#5140,1.);
#308=VECTOR('',#5143,1.);
#309=VECTOR('',#5144,1.);
#310=VECTOR('',#5145,1.);
#311=VECTOR('',#5148,1.);
#312=VECTOR('',#5153,1.);
#313=VECTOR('',#5154,1.);
#314=VECTOR('',#5179,1.);
#315=VECTOR('',#5182,1.);
#316=VECTOR('',#5185,1.);
#317=VECTOR('',#5190,1.);
#318=VECTOR('',#5195,1.);
#319=VECTOR('',#5198,1.);
#320=VECTOR('',#5199,1.);
#321=VECTOR('',#5202,1.);
#322=VECTOR('',#5207,1.);
#323=VECTOR('',#5212,1.);
#324=VECTOR('',#5217,1.);
#325=VECTOR('',#5220,1.);
#326=VECTOR('',#5241,1.);
#327=VECTOR('',#5244,1.);
#328=VECTOR('',#5247,1.);
#329=VECTOR('',#5252,1.);
#330=VECTOR('',#5257,1.);
#331=VECTOR('',#5260,1.);
#332=VECTOR('',#5261,1.);
#333=VECTOR('',#5264,1.);
#334=VECTOR('',#5269,1.);
#335=VECTOR('',#5274,1.);
#336=VECTOR('',#5279,1.);
#337=VECTOR('',#5282,1.);
#338=VECTOR('',#5303,1.);
#339=VECTOR('',#5306,1.);
#340=VECTOR('',#5309,1.);
#341=VECTOR('',#5314,1.);
#342=VECTOR('',#5317,1.);
#343=VECTOR('',#5318,1.);
#344=VECTOR('',#5321,1.);
#345=VECTOR('',#5326,1.);
#346=VECTOR('',#5331,1.);
#347=VECTOR('',#5336,1.);
#348=VECTOR('',#5339,1.);
#349=VECTOR('',#5340,1.);
#350=VECTOR('',#5367,1.);
#351=VECTOR('',#5370,1.);
#352=VECTOR('',#5375,1.);
#353=VECTOR('',#5378,1.);
#354=VECTOR('',#5383,1.);
#355=VECTOR('',#5388,1.);
#356=VECTOR('',#5393,1.);
#357=VECTOR('',#5396,1.);
#358=VECTOR('',#5397,1.);
#359=VECTOR('',#5400,1.);
#360=VECTOR('',#5405,1.);
#361=VECTOR('',#5432,1.);
#362=VECTOR('',#5435,1.);
#363=VECTOR('',#5438,1.);
#364=VECTOR('',#5443,1.);
#365=VECTOR('',#5446,1.);
#366=VECTOR('',#5447,1.);
#367=VECTOR('',#5450,1.);
#368=VECTOR('',#5455,1.);
#369=VECTOR('',#5460,1.);
#370=VECTOR('',#5465,1.);
#371=VECTOR('',#5468,1.);
#372=VECTOR('',#5469,1.);
#373=VECTOR('',#5494,1.);
#374=VECTOR('',#5497,1.);
#375=VECTOR('',#5500,1.);
#376=VECTOR('',#5505,1.);
#377=VECTOR('',#5510,1.);
#378=VECTOR('',#5513,1.);
#379=VECTOR('',#5514,1.);
#380=VECTOR('',#5517,1.);
#381=VECTOR('',#5522,1.);
#382=VECTOR('',#5527,1.);
#383=VECTOR('',#5532,1.);
#384=VECTOR('',#5535,1.);
#385=VECTOR('',#5558,1.);
#386=VECTOR('',#5561,1.);
#387=VECTOR('',#5564,1.);
#388=VECTOR('',#5569,1.);
#389=VECTOR('',#5572,1.);
#390=VECTOR('',#5573,1.);
#391=VECTOR('',#5576,1.);
#392=VECTOR('',#5581,1.);
#393=VECTOR('',#5586,1.);
#394=VECTOR('',#5591,1.);
#395=VECTOR('',#5598,1.);
#396=VECTOR('',#5621,1.);
#397=VECTOR('',#5622,1.);
#398=VECTOR('',#5623,1.);
#399=VECTOR('',#5626,1.);
#400=VECTOR('',#5631,1.);
#401=VECTOR('',#5636,1.);
#402=VECTOR('',#5641,1.);
#403=VECTOR('',#5644,1.);
#404=VECTOR('',#5645,1.);
#405=VECTOR('',#5648,1.);
#406=VECTOR('',#5653,1.);
#407=VECTOR('',#5658,1.);
#408=VECTOR('',#5667,1.);
#409=VECTOR('',#5670,1.);
#410=VECTOR('',#5673,1.);
#411=VECTOR('',#5676,1.);
#412=VECTOR('',#5679,1.);
#413=VECTOR('',#5680,1.);
#414=VECTOR('',#5681,1.);
#415=VECTOR('',#5682,1.);
#416=VECTOR('',#5683,1.);
#417=VECTOR('',#5686,1.);
#418=VECTOR('',#5687,1.);
#419=VECTOR('',#5690,1.);
#420=VECTOR('',#5693,1.);
#421=VECTOR('',#5696,1.);
#422=VECTOR('',#5697,1.);
#423=VECTOR('',#5720,1.);
#424=VECTOR('',#5723,1.);
#425=VECTOR('',#5726,1.);
#426=VECTOR('',#5729,1.);
#427=VECTOR('',#5732,1.);
#428=VECTOR('',#5735,1.);
#429=VECTOR('',#5738,1.);
#430=VECTOR('',#5739,1.);
#431=VECTOR('',#5740,1.);
#432=VECTOR('',#5743,1.);
#433=VECTOR('',#5748,1.);
#434=VECTOR('',#5749,1.);
#435=VECTOR('',#5752,1.);
#436=VECTOR('',#5757,1.);
#437=VECTOR('',#5758,1.);
#438=VECTOR('',#5761,1.);
#439=VECTOR('',#5766,1.);
#440=VECTOR('',#5767,1.);
#441=VECTOR('',#5770,1.);
#442=VECTOR('',#5775,1.);
#443=VECTOR('',#5776,1.);
#444=VECTOR('',#5779,1.);
#445=VECTOR('',#5784,1.);
#446=VECTOR('',#5785,1.);
#447=VECTOR('',#5792,1.);
#448=VECTOR('',#5795,1.);
#449=VECTOR('',#5800,1.);
#450=VECTOR('',#5803,1.);
#451=VECTOR('',#5810,1.);
#452=VECTOR('',#5813,1.);
#453=VECTOR('',#5816,1.);
#454=VECTOR('',#5817,1.);
#455=VECTOR('',#5820,1.);
#456=VECTOR('',#5829,1.);
#457=VECTOR('',#5830,1.);
#458=VECTOR('',#5833,1.);
#459=VECTOR('',#5838,1.);
#460=VECTOR('',#5839,1.);
#461=VECTOR('',#5842,1.);
#462=VECTOR('',#5851,1.);
#463=VECTOR('',#5856,1.);
#464=VECTOR('',#5859,1.);
#465=VECTOR('',#5862,1.);
#466=VECTOR('',#5865,1.);
#467=VECTOR('',#5866,1.);
#468=VECTOR('',#5867,1.);
#469=VECTOR('',#5870,1.);
#470=VECTOR('',#5875,1.);
#471=VECTOR('',#5876,1.);
#472=VECTOR('',#5879,1.);
#473=VECTOR('',#5884,1.);
#474=VECTOR('',#5885,1.);
#475=VECTOR('',#5894,1.);
#476=VECTOR('',#5901,1.);
#477=VECTOR('',#5904,1.);
#478=VECTOR('',#5907,1.);
#479=VECTOR('',#5910,1.);
#480=VECTOR('',#5913,1.);
#481=VECTOR('',#5916,1.);
#482=VECTOR('',#5917,1.);
#483=VECTOR('',#5918,1.);
#484=VECTOR('',#5921,1.);
#485=VECTOR('',#5922,1.);
#486=VECTOR('',#5923,1.);
#487=VECTOR('',#5926,1.);
#488=VECTOR('',#5931,1.);
#489=VECTOR('',#5952,1.);
#490=VECTOR('',#5971,1.);
#491=VECTOR('',#5972,1.);
#492=VECTOR('',#5973,1.);
#493=VECTOR('',#5976,1.);
#494=VECTOR('',#5981,1.);
#495=VECTOR('',#5986,1.);
#496=VECTOR('',#5991,1.);
#497=VECTOR('',#5994,1.);
#498=VECTOR('',#5995,1.);
#499=VECTOR('',#5998,1.);
#500=VECTOR('',#6003,1.);
#501=VECTOR('',#6008,1.);
#502=VECTOR('',#6017,1.);
#503=VECTOR('',#6018,1.);
#504=PLANE('',#4611);
#505=PLANE('',#4613);
#506=PLANE('',#4615);
#507=PLANE('',#4617);
#508=PLANE('',#4619);
#509=PLANE('',#4621);
#510=PLANE('',#4623);
#511=PLANE('',#4625);
#512=PLANE('',#4627);
#513=PLANE('',#4632);
#514=PLANE('',#4633);
#515=PLANE('',#4635);
#516=PLANE('',#4636);
#517=PLANE('',#4647);
#518=PLANE('',#4649);
#519=PLANE('',#4651);
#520=PLANE('',#4653);
#521=PLANE('',#4655);
#522=PLANE('',#4657);
#523=PLANE('',#4659);
#524=PLANE('',#4661);
#525=PLANE('',#4672);
#526=PLANE('',#4674);
#527=PLANE('',#4676);
#528=PLANE('',#4678);
#529=PLANE('',#4680);
#530=PLANE('',#4682);
#531=PLANE('',#4684);
#532=PLANE('',#4686);
#533=PLANE('',#4697);
#534=PLANE('',#4699);
#535=PLANE('',#4701);
#536=PLANE('',#4703);
#537=PLANE('',#4705);
#538=PLANE('',#4707);
#539=PLANE('',#4709);
#540=PLANE('',#4711);
#541=PLANE('',#4723);
#542=PLANE('',#4725);
#543=PLANE('',#4727);
#544=PLANE('',#4729);
#545=PLANE('',#4731);
#546=PLANE('',#4733);
#547=PLANE('',#4735);
#548=PLANE('',#4737);
#549=PLANE('',#4739);
#550=PLANE('',#4750);
#551=PLANE('',#4752);
#552=PLANE('',#4754);
#553=PLANE('',#4756);
#554=PLANE('',#4758);
#555=PLANE('',#4760);
#556=PLANE('',#4762);
#557=PLANE('',#4764);
#558=PLANE('',#4775);
#559=PLANE('',#4777);
#560=PLANE('',#4779);
#561=PLANE('',#4781);
#562=PLANE('',#4783);
#563=PLANE('',#4785);
#564=PLANE('',#4787);
#565=PLANE('',#4789);
#566=PLANE('',#4801);
#567=PLANE('',#4803);
#568=PLANE('',#4805);
#569=PLANE('',#4807);
#570=PLANE('',#4809);
#571=PLANE('',#4811);
#572=PLANE('',#4813);
#573=PLANE('',#4815);
#574=PLANE('',#4817);
#575=PLANE('',#4828);
#576=PLANE('',#4830);
#577=PLANE('',#4832);
#578=PLANE('',#4834);
#579=PLANE('',#4836);
#580=PLANE('',#4838);
#581=PLANE('',#4840);
#582=PLANE('',#4842);
#583=PLANE('',#4848);
#584=PLANE('',#4849);
#585=PLANE('',#4850);
#586=PLANE('',#4852);
#587=PLANE('',#4853);
#588=PLANE('',#4858);
#589=PLANE('',#4860);
#590=PLANE('',#4869);
#591=PLANE('',#4870);
#592=PLANE('',#4872);
#593=PLANE('',#4873);
#594=PLANE('',#4875);
#595=PLANE('',#4876);
#596=PLANE('',#4878);
#597=PLANE('',#4879);
#598=PLANE('',#4881);
#599=PLANE('',#4882);
#600=PLANE('',#4884);
#601=PLANE('',#4885);
#602=PLANE('',#4894);
#603=PLANE('',#4896);
#604=PLANE('',#4897);
#605=PLANE('',#4899);
#606=PLANE('',#4901);
#607=PLANE('',#4902);
#608=PLANE('',#4904);
#609=PLANE('',#4905);
#610=PLANE('',#4907);
#611=PLANE('',#4909);
#612=PLANE('',#4914);
#613=PLANE('',#4915);
#614=PLANE('',#4917);
#615=PLANE('',#4918);
#616=PLANE('',#4920);
#617=PLANE('',#4921);
#618=PLANE('',#4925);
#619=PLANE('',#4930);
#620=PLANE('',#4932);
#621=PLANE('',#4933);
#622=PLANE('',#4934);
#623=PLANE('',#4936);
#624=PLANE('',#4941);
#625=PLANE('',#4943);
#626=PLANE('',#4945);
#627=PLANE('',#4956);
#628=PLANE('',#4958);
#629=PLANE('',#4960);
#630=PLANE('',#4962);
#631=PLANE('',#4964);
#632=PLANE('',#4966);
#633=PLANE('',#4968);
#634=PLANE('',#4970);
#635=PLANE('',#5040);
#636=PLANE('',#5041);
#637=PLANE('',#5044);
#638=PLANE('',#5052);
#639=PLANE('',#5054);
#640=PLANE('',#5057);
#641=PLANE('',#5061);
#642=CIRCLE('',#4604,0.034417);
#643=CIRCLE('',#4605,0.034417);
#644=CIRCLE('',#4608,0.034417);
#645=CIRCLE('',#4610,0.034417);
#646=CIRCLE('',#4616,0.034544);
#647=CIRCLE('',#4620,0.034544);
#648=CIRCLE('',#4626,0.034544);
#649=CIRCLE('',#4628,0.034544);
#650=CIRCLE('',#4630,0.034417);
#651=CIRCLE('',#4631,0.034417);
#652=CIRCLE('',#4634,0.034544);
#653=CIRCLE('',#4637,0.034544);
#654=CIRCLE('',#4640,0.034417);
#655=CIRCLE('',#4641,0.034417);
#656=CIRCLE('',#4644,0.034417);
#657=CIRCLE('',#4645,0.034417);
#658=CIRCLE('',#4648,0.034544);
#659=CIRCLE('',#4654,0.034544);
#660=CIRCLE('',#4656,0.034544);
#661=CIRCLE('',#4662,0.034544);
#662=CIRCLE('',#4665,0.034417);
#663=CIRCLE('',#4666,0.034417);
#664=CIRCLE('',#4669,0.034417);
#665=CIRCLE('',#4670,0.034417);
#666=CIRCLE('',#4673,0.034544);
#667=CIRCLE('',#4679,0.034544);
#668=CIRCLE('',#4681,0.034544);
#669=CIRCLE('',#4687,0.034544);
#670=CIRCLE('',#4691,0.034417);
#671=CIRCLE('',#4692,0.034417);
#672=CIRCLE('',#4695,0.034417);
#673=CIRCLE('',#4696,0.034417);
#674=CIRCLE('',#4702,0.034544);
#675=CIRCLE('',#4704,0.034544);
#676=CIRCLE('',#4710,0.034544);
#677=CIRCLE('',#4712,0.034544);
#678=CIRCLE('',#4715,0.034417);
#679=CIRCLE('',#4718,0.034417);
#680=CIRCLE('',#4719,0.034417);
#681=CIRCLE('',#4722,0.034417);
#682=CIRCLE('',#4724,0.034544);
#683=CIRCLE('',#4728,0.034544);
#684=CIRCLE('',#4734,0.034544);
#685=CIRCLE('',#4736,0.034544);
#686=CIRCLE('',#4744,0.034417);
#687=CIRCLE('',#4745,0.034417);
#688=CIRCLE('',#4748,0.034417);
#689=CIRCLE('',#4749,0.034417);
#690=CIRCLE('',#4755,0.034544);
#691=CIRCLE('',#4757,0.034544);
#692=CIRCLE('',#4763,0.034544);
#693=CIRCLE('',#4765,0.034544);
#694=CIRCLE('',#4768,0.034417);
#695=CIRCLE('',#4769,0.034417);
#696=CIRCLE('',#4772,0.034417);
#697=CIRCLE('',#4773,0.034417);
#698=CIRCLE('',#4776,0.034544);
#699=CIRCLE('',#4782,0.034544);
#700=CIRCLE('',#4784,0.034544);
#701=CIRCLE('',#4790,0.034544);
#702=CIRCLE('',#4794,0.034417);
#703=CIRCLE('',#4796,0.034417);
#704=CIRCLE('',#4799,0.034417);
#705=CIRCLE('',#4800,0.034417);
#706=CIRCLE('',#4806,0.034544);
#707=CIRCLE('',#4808,0.034544);
#708=CIRCLE('',#4814,0.034544);
#709=CIRCLE('',#4818,0.034544);
#710=CIRCLE('',#4820,0.034417);
#711=CIRCLE('',#4823,0.034417);
#712=CIRCLE('',#4824,0.034417);
#713=CIRCLE('',#4827,0.034417);
#714=CIRCLE('',#4829,0.034544);
#715=CIRCLE('',#4835,0.034544);
#716=CIRCLE('',#4837,0.034544);
#717=CIRCLE('',#4843,0.034544);
#718=CIRCLE('',#4846,0.034417);
#719=CIRCLE('',#4847,0.034417);
#720=CIRCLE('',#4851,0.034544);
#721=CIRCLE('',#4854,0.034544);
#722=CIRCLE('',#4863,0.034417);
#723=CIRCLE('',#4864,0.034417);
#724=CIRCLE('',#4865,0.034417);
#725=CIRCLE('',#4866,0.034417);
#726=CIRCLE('',#4867,0.034417);
#727=CIRCLE('',#4868,0.034417);
#728=CIRCLE('',#4871,0.034544);
#729=CIRCLE('',#4874,0.034544);
#730=CIRCLE('',#4877,0.034544);
#731=CIRCLE('',#4880,0.034544);
#732=CIRCLE('',#4883,0.034544);
#733=CIRCLE('',#4886,0.034544);
#734=CIRCLE('',#4888,0.034417);
#735=CIRCLE('',#4890,0.034417);
#736=CIRCLE('',#4891,0.034417);
#737=CIRCLE('',#4893,0.034417);
#738=CIRCLE('',#4895,0.034544);
#739=CIRCLE('',#4898,0.034544);
#740=CIRCLE('',#4903,0.034544);
#741=CIRCLE('',#4906,0.034544);
#742=CIRCLE('',#4911,0.034417);
#743=CIRCLE('',#4912,0.034417);
#744=CIRCLE('',#4913,0.034417);
#745=CIRCLE('',#4916,0.034544);
#746=CIRCLE('',#4919,0.034544);
#747=CIRCLE('',#4922,0.034544);
#748=CIRCLE('',#4928,0.034417);
#749=CIRCLE('',#4929,0.034417);
#750=CIRCLE('',#4931,0.034544);
#751=CIRCLE('',#4935,0.034544);
#752=CIRCLE('',#4948,0.034417);
#753=CIRCLE('',#4951,0.034417);
#754=CIRCLE('',#4952,0.034417);
#755=CIRCLE('',#4955,0.034417);
#756=CIRCLE('',#4957,0.034544);
#757=CIRCLE('',#4963,0.034544);
#758=CIRCLE('',#4965,0.034544);
#759=CIRCLE('',#4971,0.034544);
#760=CIRCLE('',#4974,0.0038735);
#761=CIRCLE('',#4975,0.0033655);
#762=CIRCLE('',#4977,0.0033655);
#763=CIRCLE('',#4978,0.0038735);
#764=CIRCLE('',#4981,0.0038735);
#765=CIRCLE('',#4982,0.0033655);
#766=CIRCLE('',#4984,0.0033655);
#767=CIRCLE('',#4985,0.0038735);
#768=CIRCLE('',#4988,0.0038735);
#769=CIRCLE('',#4989,0.0033655);
#770=CIRCLE('',#4991,0.0033655);
#771=CIRCLE('',#4992,0.0038735);
#772=CIRCLE('',#4995,0.0038735);
#773=CIRCLE('',#4996,0.0033655);
#774=CIRCLE('',#4998,0.0033655);
#775=CIRCLE('',#4999,0.0038735);
#776=CIRCLE('',#5002,0.0038735);
#777=CIRCLE('',#5003,0.0033655);
#778=CIRCLE('',#5005,0.0033655);
#779=CIRCLE('',#5006,0.0038735);
#780=CIRCLE('',#5009,0.0038735);
#781=CIRCLE('',#5010,0.0033655);
#782=CIRCLE('',#5012,0.0033655);
#783=CIRCLE('',#5013,0.0038735);
#784=CIRCLE('',#5016,0.019685);
#785=CIRCLE('',#5017,0.019177);
#786=CIRCLE('',#5019,0.018288);
#787=CIRCLE('',#5020,0.0184912);
#788=CIRCLE('',#5022,0.018288);
#789=CIRCLE('',#5023,0.018542);
#790=CIRCLE('',#5025,0.034036);
#791=CIRCLE('',#5026,0.034544);
#792=CIRCLE('',#5028,0.0195001063246356);
#793=CIRCLE('',#5029,0.019177);
#794=CIRCLE('',#5031,0.019177);
#795=CIRCLE('',#5033,0.034544);
#796=CIRCLE('',#5034,0.034544);
#797=CIRCLE('',#5036,0.020955);
#798=CIRCLE('',#5037,0.0207701031209928);
#799=CIRCLE('',#5039,0.02413);
#800=CIRCLE('',#5042,0.0191135);
#801=CIRCLE('',#5048,0.034036);
#802=CIRCLE('',#5049,0.034544);
#803=CIRCLE('',#5051,0.02413);
#804=CIRCLE('',#5055,0.0191135);
#805=CIRCLE('',#5058,0.0174625);
#806=CIRCLE('',#5060,0.0174625);
#807=ELLIPSE('',#4602,0.0592254619380574,0.034417);
#808=ELLIPSE('',#4603,0.0584916473822808,0.034417);
#809=ELLIPSE('',#4606,0.059548307174156,0.034417);
#810=ELLIPSE('',#4607,0.0578107830656793,0.034417);
#811=ELLIPSE('',#4609,0.0595525581642051,0.034417);
#812=ELLIPSE('',#4612,0.0587074837194847,0.034544);
#813=ELLIPSE('',#4614,0.0594440060780502,0.034544);
#814=ELLIPSE('',#4618,0.0597723093013424,0.034544);
#815=ELLIPSE('',#4622,0.0580241069884309,0.034544);
#816=ELLIPSE('',#4624,0.0597680426249831,0.034544);
#817=ELLIPSE('',#4639,0.058491647384862,0.034417);
#818=ELLIPSE('',#4642,0.0594711791577692,0.034417);
#819=ELLIPSE('',#4643,0.0578107830657012,0.034417);
#820=ELLIPSE('',#4646,0.0592254619380574,0.034417);
#821=ELLIPSE('',#4650,0.0587074837220755,0.034544);
#822=ELLIPSE('',#4652,0.0594440060780503,0.034544);
#823=ELLIPSE('',#4658,0.0580241069884528,0.034544);
#824=ELLIPSE('',#4660,0.0596906300033698,0.034544);
#825=ELLIPSE('',#4664,0.0578107830706191,0.034417);
#826=ELLIPSE('',#4667,0.0592254619380589,0.034417);
#827=ELLIPSE('',#4668,0.0584185536547178,0.034417);
#828=ELLIPSE('',#4671,0.0594711791577737,0.034417);
#829=ELLIPSE('',#4675,0.0580241069933889,0.034544);
#830=ELLIPSE('',#4677,0.0596906300033744,0.034544);
#831=ELLIPSE('',#4683,0.0586341202733699,0.034544);
#832=ELLIPSE('',#4685,0.0594440060780517,0.034544);
#833=ELLIPSE('',#4689,0.0592254619380569,0.034417);
#834=ELLIPSE('',#4690,0.058491647382285,0.034417);
#835=ELLIPSE('',#4693,0.0594711791577671,0.034417);
#836=ELLIPSE('',#4694,0.0578107830657031,0.034417);
#837=ELLIPSE('',#4698,0.058707483719489,0.034544);
#838=ELLIPSE('',#4700,0.0594440060780497,0.034544);
#839=ELLIPSE('',#4706,0.0580241069884547,0.034544);
#840=ELLIPSE('',#4708,0.0596906300033677,0.034544);
#841=ELLIPSE('',#4714,0.0595525581642024,0.034417);
#842=ELLIPSE('',#4716,0.0592254619380569,0.034417);
#843=ELLIPSE('',#4717,0.0584916473822825,0.034417);
#844=ELLIPSE('',#4720,0.0595483071741546,0.034417);
#845=ELLIPSE('',#4721,0.0578107830656831,0.034417);
#846=ELLIPSE('',#4726,0.0597723093013397,0.034544);
#847=ELLIPSE('',#4730,0.0580241069884347,0.034544);
#848=ELLIPSE('',#4732,0.0597680426249818,0.034544);
#849=ELLIPSE('',#4738,0.0587074837194865,0.034544);
#850=ELLIPSE('',#4740,0.0594440060780497,0.034544);
#851=ELLIPSE('',#4742,0.0594711791577715,0.034417);
#852=ELLIPSE('',#4743,0.0578107830657014,0.034417);
#853=ELLIPSE('',#4746,0.0592254619380572,0.034417);
#854=ELLIPSE('',#4747,0.058418553654718,0.034417);
#855=ELLIPSE('',#4751,0.0580241069884531,0.034544);
#856=ELLIPSE('',#4753,0.0596906300033721,0.034544);
#857=ELLIPSE('',#4759,0.0586341202733701,0.034544);
#858=ELLIPSE('',#4761,0.0594440060780501,0.034544);
#859=ELLIPSE('',#4767,0.0584916473848613,0.034417);
#860=ELLIPSE('',#4770,0.0594711791577707,0.034417);
#861=ELLIPSE('',#4771,0.0578107830656996,0.034417);
#862=ELLIPSE('',#4774,0.0592254619380569,0.034417);
#863=ELLIPSE('',#4778,0.0587074837220748,0.034544);
#864=ELLIPSE('',#4780,0.0594440060780497,0.034544);
#865=ELLIPSE('',#4786,0.0580241069884513,0.034544);
#866=ELLIPSE('',#4788,0.0596906300033713,0.034544);
#867=ELLIPSE('',#4792,0.0594711791719188,0.034417);
#868=ELLIPSE('',#4793,0.0577466455121475,0.034417);
#869=ELLIPSE('',#4795,0.0595525581642008,0.034417);
#870=ELLIPSE('',#4797,0.0592254619380574,0.034417);
#871=ELLIPSE('',#4798,0.0584185536547183,0.034417);
#872=ELLIPSE('',#4802,0.0579597327649598,0.034544);
#873=ELLIPSE('',#4804,0.0596906300175716,0.034544);
#874=ELLIPSE('',#4810,0.0586341202733704,0.034544);
#875=ELLIPSE('',#4812,0.0594440060780502,0.034544);
#876=ELLIPSE('',#4816,0.0597723093013381,0.034544);
#877=ELLIPSE('',#4821,0.0594711791577691,0.034417);
#878=ELLIPSE('',#4822,0.0578107830657018,0.034417);
#879=ELLIPSE('',#4825,0.0592954674895016,0.034417);
#880=ELLIPSE('',#4826,0.0584916473670014,0.034417);
#881=ELLIPSE('',#4831,0.058707483704149,0.034544);
#882=ELLIPSE('',#4833,0.0595142699525625,0.034544);
#883=ELLIPSE('',#4839,0.0580241069884534,0.034544);
#884=ELLIPSE('',#4841,0.0596906300033697,0.034544);
#885=ELLIPSE('',#4856,0.0345392651788824,0.034417);
#886=ELLIPSE('',#4857,0.0345432123723605,0.034417);
#887=ELLIPSE('',#4859,0.034666716341904,0.034544);
#888=ELLIPSE('',#4861,0.0346706781006717,0.034544);
#889=ELLIPSE('',#4889,0.0616394325699094,0.034417);
#890=ELLIPSE('',#4892,0.0616927385259362,0.034417);
#891=ELLIPSE('',#4900,0.0619203870075817,0.034544);
#892=ELLIPSE('',#4908,0.0618668843506101,0.034544);
#893=ELLIPSE('',#4924,0.0345487795199977,0.034417);
#894=ELLIPSE('',#4926,0.0346762657912892,0.034544);
#895=ELLIPSE('',#4938,0.0347343856340645,0.034417);
#896=ELLIPSE('',#4939,0.0350017539429811,0.034417);
#897=ELLIPSE('',#4940,0.266580649572485,0.034417);
#898=ELLIPSE('',#4942,0.0348625567987658,0.034544);
#899=ELLIPSE('',#4944,0.267564342006332,0.034544);
#900=ELLIPSE('',#4946,0.0351309117066083,0.034544);
#901=ELLIPSE('',#4949,0.0594711791577707,0.034417);
#902=ELLIPSE('',#4950,0.0578107830657001,0.034417);
#903=ELLIPSE('',#4953,0.0592254619380598,0.034417);
#904=ELLIPSE('',#4954,0.0584185536547182,0.034417);
#905=ELLIPSE('',#4959,0.0586341202733703,0.034544);
#906=ELLIPSE('',#4961,0.0594440060780526,0.034544);
#907=ELLIPSE('',#4967,0.0580241069884518,0.034544);
#908=ELLIPSE('',#4969,0.0596906300033713,0.034544);
#909=ORIENTED_EDGE('',*,*,#2111,.F.);
#910=ORIENTED_EDGE('',*,*,#2112,.T.);
#911=ORIENTED_EDGE('',*,*,#2113,.T.);
#912=ORIENTED_EDGE('',*,*,#2114,.F.);
#913=ORIENTED_EDGE('',*,*,#2115,.T.);
#914=ORIENTED_EDGE('',*,*,#2116,.T.);
#915=ORIENTED_EDGE('',*,*,#2117,.F.);
#916=ORIENTED_EDGE('',*,*,#2118,.T.);
#917=ORIENTED_EDGE('',*,*,#2119,.T.);
#918=ORIENTED_EDGE('',*,*,#2120,.T.);
#919=ORIENTED_EDGE('',*,*,#2121,.T.);
#920=ORIENTED_EDGE('',*,*,#2122,.T.);
#921=ORIENTED_EDGE('',*,*,#2123,.T.);
#922=ORIENTED_EDGE('',*,*,#2113,.F.);
#923=ORIENTED_EDGE('',*,*,#2124,.T.);
#924=ORIENTED_EDGE('',*,*,#2125,.T.);
#925=ORIENTED_EDGE('',*,*,#2126,.F.);
#926=ORIENTED_EDGE('',*,*,#2127,.T.);
#927=ORIENTED_EDGE('',*,*,#2128,.T.);
#928=ORIENTED_EDGE('',*,*,#2124,.F.);
#929=ORIENTED_EDGE('',*,*,#2112,.F.);
#930=ORIENTED_EDGE('',*,*,#2129,.F.);
#931=ORIENTED_EDGE('',*,*,#2130,.F.);
#932=ORIENTED_EDGE('',*,*,#2127,.F.);
#933=ORIENTED_EDGE('',*,*,#2123,.F.);
#934=ORIENTED_EDGE('',*,*,#2131,.T.);
#935=ORIENTED_EDGE('',*,*,#2132,.T.);
#936=ORIENTED_EDGE('',*,*,#2129,.T.);
#937=ORIENTED_EDGE('',*,*,#2122,.F.);
#938=ORIENTED_EDGE('',*,*,#2133,.T.);
#939=ORIENTED_EDGE('',*,*,#2134,.T.);
#940=ORIENTED_EDGE('',*,*,#2131,.F.);
#941=ORIENTED_EDGE('',*,*,#2121,.F.);
#942=ORIENTED_EDGE('',*,*,#2135,.T.);
#943=ORIENTED_EDGE('',*,*,#2136,.F.);
#944=ORIENTED_EDGE('',*,*,#2133,.F.);
#945=ORIENTED_EDGE('',*,*,#2120,.F.);
#946=ORIENTED_EDGE('',*,*,#2137,.T.);
#947=ORIENTED_EDGE('',*,*,#2138,.T.);
#948=ORIENTED_EDGE('',*,*,#2135,.F.);
#949=ORIENTED_EDGE('',*,*,#2119,.F.);
#950=ORIENTED_EDGE('',*,*,#2139,.T.);
#951=ORIENTED_EDGE('',*,*,#2140,.T.);
#952=ORIENTED_EDGE('',*,*,#2137,.F.);
#953=ORIENTED_EDGE('',*,*,#2118,.F.);
#954=ORIENTED_EDGE('',*,*,#2141,.F.);
#955=ORIENTED_EDGE('',*,*,#2142,.T.);
#956=ORIENTED_EDGE('',*,*,#2139,.F.);
#957=ORIENTED_EDGE('',*,*,#2117,.T.);
#958=ORIENTED_EDGE('',*,*,#2143,.T.);
#959=ORIENTED_EDGE('',*,*,#2144,.T.);
#960=ORIENTED_EDGE('',*,*,#2141,.T.);
#961=ORIENTED_EDGE('',*,*,#2116,.F.);
#962=ORIENTED_EDGE('',*,*,#2145,.T.);
#963=ORIENTED_EDGE('',*,*,#2146,.T.);
#964=ORIENTED_EDGE('',*,*,#2143,.F.);
#965=ORIENTED_EDGE('',*,*,#2115,.F.);
#966=ORIENTED_EDGE('',*,*,#2126,.T.);
#967=ORIENTED_EDGE('',*,*,#2147,.T.);
#968=ORIENTED_EDGE('',*,*,#2145,.F.);
#969=ORIENTED_EDGE('',*,*,#2114,.T.);
#970=ORIENTED_EDGE('',*,*,#2148,.F.);
#971=ORIENTED_EDGE('',*,*,#2149,.T.);
#972=ORIENTED_EDGE('',*,*,#2150,.T.);
#973=ORIENTED_EDGE('',*,*,#2151,.F.);
#974=ORIENTED_EDGE('',*,*,#2149,.F.);
#975=ORIENTED_EDGE('',*,*,#2152,.T.);
#976=ORIENTED_EDGE('',*,*,#2153,.T.);
#977=ORIENTED_EDGE('',*,*,#2154,.F.);
#978=ORIENTED_EDGE('',*,*,#2155,.T.);
#979=ORIENTED_EDGE('',*,*,#2156,.T.);
#980=ORIENTED_EDGE('',*,*,#2152,.F.);
#981=ORIENTED_EDGE('',*,*,#2148,.T.);
#982=ORIENTED_EDGE('',*,*,#2157,.T.);
#983=ORIENTED_EDGE('',*,*,#2158,.F.);
#984=ORIENTED_EDGE('',*,*,#2155,.F.);
#985=ORIENTED_EDGE('',*,*,#2151,.T.);
#986=ORIENTED_EDGE('',*,*,#2154,.T.);
#987=ORIENTED_EDGE('',*,*,#2159,.F.);
#988=ORIENTED_EDGE('',*,*,#2157,.F.);
#989=ORIENTED_EDGE('',*,*,#2150,.F.);
#990=ORIENTED_EDGE('',*,*,#2160,.T.);
#991=ORIENTED_EDGE('',*,*,#2161,.F.);
#992=ORIENTED_EDGE('',*,*,#2162,.T.);
#993=ORIENTED_EDGE('',*,*,#2163,.T.);
#994=ORIENTED_EDGE('',*,*,#2164,.F.);
#995=ORIENTED_EDGE('',*,*,#2165,.T.);
#996=ORIENTED_EDGE('',*,*,#2166,.T.);
#997=ORIENTED_EDGE('',*,*,#2167,.T.);
#998=ORIENTED_EDGE('',*,*,#2168,.T.);
#999=ORIENTED_EDGE('',*,*,#2169,.T.);
#1000=ORIENTED_EDGE('',*,*,#2170,.T.);
#1001=ORIENTED_EDGE('',*,*,#2171,.T.);
#1002=ORIENTED_EDGE('',*,*,#2161,.T.);
#1003=ORIENTED_EDGE('',*,*,#2172,.T.);
#1004=ORIENTED_EDGE('',*,*,#2173,.T.);
#1005=ORIENTED_EDGE('',*,*,#2174,.F.);
#1006=ORIENTED_EDGE('',*,*,#2175,.T.);
#1007=ORIENTED_EDGE('',*,*,#2176,.T.);
#1008=ORIENTED_EDGE('',*,*,#2172,.F.);
#1009=ORIENTED_EDGE('',*,*,#2160,.F.);
#1010=ORIENTED_EDGE('',*,*,#2177,.T.);
#1011=ORIENTED_EDGE('',*,*,#2178,.T.);
#1012=ORIENTED_EDGE('',*,*,#2175,.F.);
#1013=ORIENTED_EDGE('',*,*,#2171,.F.);
#1014=ORIENTED_EDGE('',*,*,#2179,.F.);
#1015=ORIENTED_EDGE('',*,*,#2180,.F.);
#1016=ORIENTED_EDGE('',*,*,#2177,.F.);
#1017=ORIENTED_EDGE('',*,*,#2170,.F.);
#1018=ORIENTED_EDGE('',*,*,#2181,.T.);
#1019=ORIENTED_EDGE('',*,*,#2182,.T.);
#1020=ORIENTED_EDGE('',*,*,#2179,.T.);
#1021=ORIENTED_EDGE('',*,*,#2169,.F.);
#1022=ORIENTED_EDGE('',*,*,#2183,.T.);
#1023=ORIENTED_EDGE('',*,*,#2184,.T.);
#1024=ORIENTED_EDGE('',*,*,#2181,.F.);
#1025=ORIENTED_EDGE('',*,*,#2168,.F.);
#1026=ORIENTED_EDGE('',*,*,#2185,.T.);
#1027=ORIENTED_EDGE('',*,*,#2186,.F.);
#1028=ORIENTED_EDGE('',*,*,#2183,.F.);
#1029=ORIENTED_EDGE('',*,*,#2167,.F.);
#1030=ORIENTED_EDGE('',*,*,#2187,.T.);
#1031=ORIENTED_EDGE('',*,*,#2188,.T.);
#1032=ORIENTED_EDGE('',*,*,#2185,.F.);
#1033=ORIENTED_EDGE('',*,*,#2166,.F.);
#1034=ORIENTED_EDGE('',*,*,#2189,.T.);
#1035=ORIENTED_EDGE('',*,*,#2190,.T.);
#1036=ORIENTED_EDGE('',*,*,#2187,.F.);
#1037=ORIENTED_EDGE('',*,*,#2165,.F.);
#1038=ORIENTED_EDGE('',*,*,#2191,.F.);
#1039=ORIENTED_EDGE('',*,*,#2192,.T.);
#1040=ORIENTED_EDGE('',*,*,#2189,.F.);
#1041=ORIENTED_EDGE('',*,*,#2164,.T.);
#1042=ORIENTED_EDGE('',*,*,#2193,.T.);
#1043=ORIENTED_EDGE('',*,*,#2194,.T.);
#1044=ORIENTED_EDGE('',*,*,#2191,.T.);
#1045=ORIENTED_EDGE('',*,*,#2163,.F.);
#1046=ORIENTED_EDGE('',*,*,#2174,.T.);
#1047=ORIENTED_EDGE('',*,*,#2195,.T.);
#1048=ORIENTED_EDGE('',*,*,#2193,.F.);
#1049=ORIENTED_EDGE('',*,*,#2162,.F.);
#1050=ORIENTED_EDGE('',*,*,#2196,.T.);
#1051=ORIENTED_EDGE('',*,*,#2197,.T.);
#1052=ORIENTED_EDGE('',*,*,#2198,.T.);
#1053=ORIENTED_EDGE('',*,*,#2199,.T.);
#1054=ORIENTED_EDGE('',*,*,#2200,.T.);
#1055=ORIENTED_EDGE('',*,*,#2201,.T.);
#1056=ORIENTED_EDGE('',*,*,#2202,.T.);
#1057=ORIENTED_EDGE('',*,*,#2203,.F.);
#1058=ORIENTED_EDGE('',*,*,#2204,.T.);
#1059=ORIENTED_EDGE('',*,*,#2205,.T.);
#1060=ORIENTED_EDGE('',*,*,#2206,.F.);
#1061=ORIENTED_EDGE('',*,*,#2207,.T.);
#1062=ORIENTED_EDGE('',*,*,#2197,.F.);
#1063=ORIENTED_EDGE('',*,*,#2208,.T.);
#1064=ORIENTED_EDGE('',*,*,#2209,.F.);
#1065=ORIENTED_EDGE('',*,*,#2210,.F.);
#1066=ORIENTED_EDGE('',*,*,#2211,.T.);
#1067=ORIENTED_EDGE('',*,*,#2212,.T.);
#1068=ORIENTED_EDGE('',*,*,#2208,.F.);
#1069=ORIENTED_EDGE('',*,*,#2196,.F.);
#1070=ORIENTED_EDGE('',*,*,#2213,.T.);
#1071=ORIENTED_EDGE('',*,*,#2214,.T.);
#1072=ORIENTED_EDGE('',*,*,#2211,.F.);
#1073=ORIENTED_EDGE('',*,*,#2207,.F.);
#1074=ORIENTED_EDGE('',*,*,#2215,.F.);
#1075=ORIENTED_EDGE('',*,*,#2216,.T.);
#1076=ORIENTED_EDGE('',*,*,#2213,.F.);
#1077=ORIENTED_EDGE('',*,*,#2206,.T.);
#1078=ORIENTED_EDGE('',*,*,#2217,.T.);
#1079=ORIENTED_EDGE('',*,*,#2218,.T.);
#1080=ORIENTED_EDGE('',*,*,#2215,.T.);
#1081=ORIENTED_EDGE('',*,*,#2205,.F.);
#1082=ORIENTED_EDGE('',*,*,#2219,.T.);
#1083=ORIENTED_EDGE('',*,*,#2220,.T.);
#1084=ORIENTED_EDGE('',*,*,#2217,.F.);
#1085=ORIENTED_EDGE('',*,*,#2204,.F.);
#1086=ORIENTED_EDGE('',*,*,#2221,.T.);
#1087=ORIENTED_EDGE('',*,*,#2222,.T.);
#1088=ORIENTED_EDGE('',*,*,#2219,.F.);
#1089=ORIENTED_EDGE('',*,*,#2203,.T.);
#1090=ORIENTED_EDGE('',*,*,#2223,.T.);
#1091=ORIENTED_EDGE('',*,*,#2224,.T.);
#1092=ORIENTED_EDGE('',*,*,#2221,.F.);
#1093=ORIENTED_EDGE('',*,*,#2202,.F.);
#1094=ORIENTED_EDGE('',*,*,#2225,.T.);
#1095=ORIENTED_EDGE('',*,*,#2226,.T.);
#1096=ORIENTED_EDGE('',*,*,#2223,.F.);
#1097=ORIENTED_EDGE('',*,*,#2201,.F.);
#1098=ORIENTED_EDGE('',*,*,#2227,.F.);
#1099=ORIENTED_EDGE('',*,*,#2228,.F.);
#1100=ORIENTED_EDGE('',*,*,#2225,.F.);
#1101=ORIENTED_EDGE('',*,*,#2200,.F.);
#1102=ORIENTED_EDGE('',*,*,#2229,.T.);
#1103=ORIENTED_EDGE('',*,*,#2230,.T.);
#1104=ORIENTED_EDGE('',*,*,#2227,.T.);
#1105=ORIENTED_EDGE('',*,*,#2199,.F.);
#1106=ORIENTED_EDGE('',*,*,#2210,.T.);
#1107=ORIENTED_EDGE('',*,*,#2231,.T.);
#1108=ORIENTED_EDGE('',*,*,#2229,.F.);
#1109=ORIENTED_EDGE('',*,*,#2198,.F.);
#1110=ORIENTED_EDGE('',*,*,#2232,.T.);
#1111=ORIENTED_EDGE('',*,*,#2233,.T.);
#1112=ORIENTED_EDGE('',*,*,#2234,.F.);
#1113=ORIENTED_EDGE('',*,*,#2235,.T.);
#1114=ORIENTED_EDGE('',*,*,#2236,.T.);
#1115=ORIENTED_EDGE('',*,*,#2237,.F.);
#1116=ORIENTED_EDGE('',*,*,#2238,.T.);
#1117=ORIENTED_EDGE('',*,*,#2239,.T.);
#1118=ORIENTED_EDGE('',*,*,#2240,.T.);
#1119=ORIENTED_EDGE('',*,*,#2241,.T.);
#1120=ORIENTED_EDGE('',*,*,#2242,.T.);
#1121=ORIENTED_EDGE('',*,*,#2243,.T.);
#1122=ORIENTED_EDGE('',*,*,#2233,.F.);
#1123=ORIENTED_EDGE('',*,*,#2244,.T.);
#1124=ORIENTED_EDGE('',*,*,#2245,.T.);
#1125=ORIENTED_EDGE('',*,*,#2246,.F.);
#1126=ORIENTED_EDGE('',*,*,#2247,.T.);
#1127=ORIENTED_EDGE('',*,*,#2248,.T.);
#1128=ORIENTED_EDGE('',*,*,#2244,.F.);
#1129=ORIENTED_EDGE('',*,*,#2232,.F.);
#1130=ORIENTED_EDGE('',*,*,#2249,.F.);
#1131=ORIENTED_EDGE('',*,*,#2250,.F.);
#1132=ORIENTED_EDGE('',*,*,#2247,.F.);
#1133=ORIENTED_EDGE('',*,*,#2243,.F.);
#1134=ORIENTED_EDGE('',*,*,#2251,.T.);
#1135=ORIENTED_EDGE('',*,*,#2252,.T.);
#1136=ORIENTED_EDGE('',*,*,#2249,.T.);
#1137=ORIENTED_EDGE('',*,*,#2242,.F.);
#1138=ORIENTED_EDGE('',*,*,#2253,.T.);
#1139=ORIENTED_EDGE('',*,*,#2254,.T.);
#1140=ORIENTED_EDGE('',*,*,#2251,.F.);
#1141=ORIENTED_EDGE('',*,*,#2241,.F.);
#1142=ORIENTED_EDGE('',*,*,#2255,.T.);
#1143=ORIENTED_EDGE('',*,*,#2256,.F.);
#1144=ORIENTED_EDGE('',*,*,#2253,.F.);
#1145=ORIENTED_EDGE('',*,*,#2240,.F.);
#1146=ORIENTED_EDGE('',*,*,#2257,.T.);
#1147=ORIENTED_EDGE('',*,*,#2258,.T.);
#1148=ORIENTED_EDGE('',*,*,#2255,.F.);
#1149=ORIENTED_EDGE('',*,*,#2239,.F.);
#1150=ORIENTED_EDGE('',*,*,#2259,.T.);
#1151=ORIENTED_EDGE('',*,*,#2260,.T.);
#1152=ORIENTED_EDGE('',*,*,#2257,.F.);
#1153=ORIENTED_EDGE('',*,*,#2238,.F.);
#1154=ORIENTED_EDGE('',*,*,#2261,.F.);
#1155=ORIENTED_EDGE('',*,*,#2262,.T.);
#1156=ORIENTED_EDGE('',*,*,#2259,.F.);
#1157=ORIENTED_EDGE('',*,*,#2237,.T.);
#1158=ORIENTED_EDGE('',*,*,#2263,.T.);
#1159=ORIENTED_EDGE('',*,*,#2264,.T.);
#1160=ORIENTED_EDGE('',*,*,#2261,.T.);
#1161=ORIENTED_EDGE('',*,*,#2236,.F.);
#1162=ORIENTED_EDGE('',*,*,#2265,.T.);
#1163=ORIENTED_EDGE('',*,*,#2266,.T.);
#1164=ORIENTED_EDGE('',*,*,#2263,.F.);
#1165=ORIENTED_EDGE('',*,*,#2235,.F.);
#1166=ORIENTED_EDGE('',*,*,#2246,.T.);
#1167=ORIENTED_EDGE('',*,*,#2267,.T.);
#1168=ORIENTED_EDGE('',*,*,#2265,.F.);
#1169=ORIENTED_EDGE('',*,*,#2234,.T.);
#1170=ORIENTED_EDGE('',*,*,#2268,.T.);
#1171=ORIENTED_EDGE('',*,*,#2269,.T.);
#1172=ORIENTED_EDGE('',*,*,#2270,.T.);
#1173=ORIENTED_EDGE('',*,*,#2271,.T.);
#1174=ORIENTED_EDGE('',*,*,#2272,.F.);
#1175=ORIENTED_EDGE('',*,*,#2273,.T.);
#1176=ORIENTED_EDGE('',*,*,#2274,.T.);
#1177=ORIENTED_EDGE('',*,*,#2275,.F.);
#1178=ORIENTED_EDGE('',*,*,#2276,.T.);
#1179=ORIENTED_EDGE('',*,*,#2277,.T.);
#1180=ORIENTED_EDGE('',*,*,#2278,.T.);
#1181=ORIENTED_EDGE('',*,*,#2279,.T.);
#1182=ORIENTED_EDGE('',*,*,#2269,.F.);
#1183=ORIENTED_EDGE('',*,*,#2280,.F.);
#1184=ORIENTED_EDGE('',*,*,#2281,.F.);
#1185=ORIENTED_EDGE('',*,*,#2282,.F.);
#1186=ORIENTED_EDGE('',*,*,#2283,.T.);
#1187=ORIENTED_EDGE('',*,*,#2284,.T.);
#1188=ORIENTED_EDGE('',*,*,#2280,.T.);
#1189=ORIENTED_EDGE('',*,*,#2268,.F.);
#1190=ORIENTED_EDGE('',*,*,#2285,.T.);
#1191=ORIENTED_EDGE('',*,*,#2286,.T.);
#1192=ORIENTED_EDGE('',*,*,#2283,.F.);
#1193=ORIENTED_EDGE('',*,*,#2279,.F.);
#1194=ORIENTED_EDGE('',*,*,#2287,.T.);
#1195=ORIENTED_EDGE('',*,*,#2288,.F.);
#1196=ORIENTED_EDGE('',*,*,#2285,.F.);
#1197=ORIENTED_EDGE('',*,*,#2278,.F.);
#1198=ORIENTED_EDGE('',*,*,#2289,.T.);
#1199=ORIENTED_EDGE('',*,*,#2290,.T.);
#1200=ORIENTED_EDGE('',*,*,#2287,.F.);
#1201=ORIENTED_EDGE('',*,*,#2277,.F.);
#1202=ORIENTED_EDGE('',*,*,#2291,.T.);
#1203=ORIENTED_EDGE('',*,*,#2292,.T.);
#1204=ORIENTED_EDGE('',*,*,#2289,.F.);
#1205=ORIENTED_EDGE('',*,*,#2276,.F.);
#1206=ORIENTED_EDGE('',*,*,#2293,.F.);
#1207=ORIENTED_EDGE('',*,*,#2294,.T.);
#1208=ORIENTED_EDGE('',*,*,#2291,.F.);
#1209=ORIENTED_EDGE('',*,*,#2275,.T.);
#1210=ORIENTED_EDGE('',*,*,#2295,.T.);
#1211=ORIENTED_EDGE('',*,*,#2296,.T.);
#1212=ORIENTED_EDGE('',*,*,#2293,.T.);
#1213=ORIENTED_EDGE('',*,*,#2274,.F.);
#1214=ORIENTED_EDGE('',*,*,#2297,.T.);
#1215=ORIENTED_EDGE('',*,*,#2298,.T.);
#1216=ORIENTED_EDGE('',*,*,#2295,.F.);
#1217=ORIENTED_EDGE('',*,*,#2273,.F.);
#1218=ORIENTED_EDGE('',*,*,#2299,.T.);
#1219=ORIENTED_EDGE('',*,*,#2300,.T.);
#1220=ORIENTED_EDGE('',*,*,#2297,.F.);
#1221=ORIENTED_EDGE('',*,*,#2272,.T.);
#1222=ORIENTED_EDGE('',*,*,#2301,.T.);
#1223=ORIENTED_EDGE('',*,*,#2302,.T.);
#1224=ORIENTED_EDGE('',*,*,#2299,.F.);
#1225=ORIENTED_EDGE('',*,*,#2271,.F.);
#1226=ORIENTED_EDGE('',*,*,#2282,.T.);
#1227=ORIENTED_EDGE('',*,*,#2303,.T.);
#1228=ORIENTED_EDGE('',*,*,#2301,.F.);
#1229=ORIENTED_EDGE('',*,*,#2270,.F.);
#1230=ORIENTED_EDGE('',*,*,#2304,.T.);
#1231=ORIENTED_EDGE('',*,*,#2305,.T.);
#1232=ORIENTED_EDGE('',*,*,#2306,.T.);
#1233=ORIENTED_EDGE('',*,*,#2307,.T.);
#1234=ORIENTED_EDGE('',*,*,#2308,.T.);
#1235=ORIENTED_EDGE('',*,*,#2309,.T.);
#1236=ORIENTED_EDGE('',*,*,#2310,.T.);
#1237=ORIENTED_EDGE('',*,*,#2311,.T.);
#1238=ORIENTED_EDGE('',*,*,#2312,.F.);
#1239=ORIENTED_EDGE('',*,*,#2313,.T.);
#1240=ORIENTED_EDGE('',*,*,#2314,.T.);
#1241=ORIENTED_EDGE('',*,*,#2315,.F.);
#1242=ORIENTED_EDGE('',*,*,#2305,.F.);
#1243=ORIENTED_EDGE('',*,*,#2316,.T.);
#1244=ORIENTED_EDGE('',*,*,#2317,.T.);
#1245=ORIENTED_EDGE('',*,*,#2318,.F.);
#1246=ORIENTED_EDGE('',*,*,#2319,.T.);
#1247=ORIENTED_EDGE('',*,*,#2320,.T.);
#1248=ORIENTED_EDGE('',*,*,#2316,.F.);
#1249=ORIENTED_EDGE('',*,*,#2304,.F.);
#1250=ORIENTED_EDGE('',*,*,#2321,.F.);
#1251=ORIENTED_EDGE('',*,*,#2322,.T.);
#1252=ORIENTED_EDGE('',*,*,#2319,.F.);
#1253=ORIENTED_EDGE('',*,*,#2315,.T.);
#1254=ORIENTED_EDGE('',*,*,#2323,.T.);
#1255=ORIENTED_EDGE('',*,*,#2324,.T.);
#1256=ORIENTED_EDGE('',*,*,#2321,.T.);
#1257=ORIENTED_EDGE('',*,*,#2314,.F.);
#1258=ORIENTED_EDGE('',*,*,#2325,.T.);
#1259=ORIENTED_EDGE('',*,*,#2326,.T.);
#1260=ORIENTED_EDGE('',*,*,#2323,.F.);
#1261=ORIENTED_EDGE('',*,*,#2313,.F.);
#1262=ORIENTED_EDGE('',*,*,#2327,.T.);
#1263=ORIENTED_EDGE('',*,*,#2328,.T.);
#1264=ORIENTED_EDGE('',*,*,#2325,.F.);
#1265=ORIENTED_EDGE('',*,*,#2312,.T.);
#1266=ORIENTED_EDGE('',*,*,#2329,.T.);
#1267=ORIENTED_EDGE('',*,*,#2330,.T.);
#1268=ORIENTED_EDGE('',*,*,#2327,.F.);
#1269=ORIENTED_EDGE('',*,*,#2311,.F.);
#1270=ORIENTED_EDGE('',*,*,#2331,.T.);
#1271=ORIENTED_EDGE('',*,*,#2332,.T.);
#1272=ORIENTED_EDGE('',*,*,#2329,.F.);
#1273=ORIENTED_EDGE('',*,*,#2310,.F.);
#1274=ORIENTED_EDGE('',*,*,#2333,.F.);
#1275=ORIENTED_EDGE('',*,*,#2334,.F.);
#1276=ORIENTED_EDGE('',*,*,#2331,.F.);
#1277=ORIENTED_EDGE('',*,*,#2309,.F.);
#1278=ORIENTED_EDGE('',*,*,#2335,.T.);
#1279=ORIENTED_EDGE('',*,*,#2336,.T.);
#1280=ORIENTED_EDGE('',*,*,#2333,.T.);
#1281=ORIENTED_EDGE('',*,*,#2308,.F.);
#1282=ORIENTED_EDGE('',*,*,#2337,.T.);
#1283=ORIENTED_EDGE('',*,*,#2338,.T.);
#1284=ORIENTED_EDGE('',*,*,#2335,.F.);
#1285=ORIENTED_EDGE('',*,*,#2307,.F.);
#1286=ORIENTED_EDGE('',*,*,#2318,.T.);
#1287=ORIENTED_EDGE('',*,*,#2339,.F.);
#1288=ORIENTED_EDGE('',*,*,#2337,.F.);
#1289=ORIENTED_EDGE('',*,*,#2306,.F.);
#1290=ORIENTED_EDGE('',*,*,#2340,.T.);
#1291=ORIENTED_EDGE('',*,*,#2341,.F.);
#1292=ORIENTED_EDGE('',*,*,#2342,.T.);
#1293=ORIENTED_EDGE('',*,*,#2343,.T.);
#1294=ORIENTED_EDGE('',*,*,#2344,.F.);
#1295=ORIENTED_EDGE('',*,*,#2345,.T.);
#1296=ORIENTED_EDGE('',*,*,#2346,.T.);
#1297=ORIENTED_EDGE('',*,*,#2347,.T.);
#1298=ORIENTED_EDGE('',*,*,#2348,.T.);
#1299=ORIENTED_EDGE('',*,*,#2349,.T.);
#1300=ORIENTED_EDGE('',*,*,#2350,.T.);
#1301=ORIENTED_EDGE('',*,*,#2351,.T.);
#1302=ORIENTED_EDGE('',*,*,#2341,.T.);
#1303=ORIENTED_EDGE('',*,*,#2352,.T.);
#1304=ORIENTED_EDGE('',*,*,#2353,.T.);
#1305=ORIENTED_EDGE('',*,*,#2354,.F.);
#1306=ORIENTED_EDGE('',*,*,#2355,.T.);
#1307=ORIENTED_EDGE('',*,*,#2356,.T.);
#1308=ORIENTED_EDGE('',*,*,#2352,.F.);
#1309=ORIENTED_EDGE('',*,*,#2340,.F.);
#1310=ORIENTED_EDGE('',*,*,#2357,.T.);
#1311=ORIENTED_EDGE('',*,*,#2358,.T.);
#1312=ORIENTED_EDGE('',*,*,#2355,.F.);
#1313=ORIENTED_EDGE('',*,*,#2351,.F.);
#1314=ORIENTED_EDGE('',*,*,#2359,.F.);
#1315=ORIENTED_EDGE('',*,*,#2360,.F.);
#1316=ORIENTED_EDGE('',*,*,#2357,.F.);
#1317=ORIENTED_EDGE('',*,*,#2350,.F.);
#1318=ORIENTED_EDGE('',*,*,#2361,.T.);
#1319=ORIENTED_EDGE('',*,*,#2362,.T.);
#1320=ORIENTED_EDGE('',*,*,#2359,.T.);
#1321=ORIENTED_EDGE('',*,*,#2349,.F.);
#1322=ORIENTED_EDGE('',*,*,#2363,.T.);
#1323=ORIENTED_EDGE('',*,*,#2364,.T.);
#1324=ORIENTED_EDGE('',*,*,#2361,.F.);
#1325=ORIENTED_EDGE('',*,*,#2348,.F.);
#1326=ORIENTED_EDGE('',*,*,#2365,.T.);
#1327=ORIENTED_EDGE('',*,*,#2366,.F.);
#1328=ORIENTED_EDGE('',*,*,#2363,.F.);
#1329=ORIENTED_EDGE('',*,*,#2347,.F.);
#1330=ORIENTED_EDGE('',*,*,#2367,.T.);
#1331=ORIENTED_EDGE('',*,*,#2368,.T.);
#1332=ORIENTED_EDGE('',*,*,#2365,.F.);
#1333=ORIENTED_EDGE('',*,*,#2346,.F.);
#1334=ORIENTED_EDGE('',*,*,#2369,.T.);
#1335=ORIENTED_EDGE('',*,*,#2370,.T.);
#1336=ORIENTED_EDGE('',*,*,#2367,.F.);
#1337=ORIENTED_EDGE('',*,*,#2345,.F.);
#1338=ORIENTED_EDGE('',*,*,#2371,.F.);
#1339=ORIENTED_EDGE('',*,*,#2372,.T.);
#1340=ORIENTED_EDGE('',*,*,#2369,.F.);
#1341=ORIENTED_EDGE('',*,*,#2344,.T.);
#1342=ORIENTED_EDGE('',*,*,#2373,.T.);
#1343=ORIENTED_EDGE('',*,*,#2374,.T.);
#1344=ORIENTED_EDGE('',*,*,#2371,.T.);
#1345=ORIENTED_EDGE('',*,*,#2343,.F.);
#1346=ORIENTED_EDGE('',*,*,#2354,.T.);
#1347=ORIENTED_EDGE('',*,*,#2375,.T.);
#1348=ORIENTED_EDGE('',*,*,#2373,.F.);
#1349=ORIENTED_EDGE('',*,*,#2342,.F.);
#1350=ORIENTED_EDGE('',*,*,#2376,.T.);
#1351=ORIENTED_EDGE('',*,*,#2377,.T.);
#1352=ORIENTED_EDGE('',*,*,#2378,.T.);
#1353=ORIENTED_EDGE('',*,*,#2379,.T.);
#1354=ORIENTED_EDGE('',*,*,#2380,.T.);
#1355=ORIENTED_EDGE('',*,*,#2381,.T.);
#1356=ORIENTED_EDGE('',*,*,#2382,.T.);
#1357=ORIENTED_EDGE('',*,*,#2383,.T.);
#1358=ORIENTED_EDGE('',*,*,#2384,.F.);
#1359=ORIENTED_EDGE('',*,*,#2385,.T.);
#1360=ORIENTED_EDGE('',*,*,#2386,.T.);
#1361=ORIENTED_EDGE('',*,*,#2387,.F.);
#1362=ORIENTED_EDGE('',*,*,#2377,.F.);
#1363=ORIENTED_EDGE('',*,*,#2388,.T.);
#1364=ORIENTED_EDGE('',*,*,#2389,.T.);
#1365=ORIENTED_EDGE('',*,*,#2390,.T.);
#1366=ORIENTED_EDGE('',*,*,#2391,.T.);
#1367=ORIENTED_EDGE('',*,*,#2392,.T.);
#1368=ORIENTED_EDGE('',*,*,#2388,.F.);
#1369=ORIENTED_EDGE('',*,*,#2376,.F.);
#1370=ORIENTED_EDGE('',*,*,#2393,.F.);
#1371=ORIENTED_EDGE('',*,*,#2394,.T.);
#1372=ORIENTED_EDGE('',*,*,#2391,.F.);
#1373=ORIENTED_EDGE('',*,*,#2387,.T.);
#1374=ORIENTED_EDGE('',*,*,#2395,.T.);
#1375=ORIENTED_EDGE('',*,*,#2396,.T.);
#1376=ORIENTED_EDGE('',*,*,#2393,.T.);
#1377=ORIENTED_EDGE('',*,*,#2386,.F.);
#1378=ORIENTED_EDGE('',*,*,#2397,.T.);
#1379=ORIENTED_EDGE('',*,*,#2398,.T.);
#1380=ORIENTED_EDGE('',*,*,#2395,.F.);
#1381=ORIENTED_EDGE('',*,*,#2385,.F.);
#1382=ORIENTED_EDGE('',*,*,#2399,.T.);
#1383=ORIENTED_EDGE('',*,*,#2400,.T.);
#1384=ORIENTED_EDGE('',*,*,#2397,.F.);
#1385=ORIENTED_EDGE('',*,*,#2384,.T.);
#1386=ORIENTED_EDGE('',*,*,#2401,.T.);
#1387=ORIENTED_EDGE('',*,*,#2402,.T.);
#1388=ORIENTED_EDGE('',*,*,#2399,.F.);
#1389=ORIENTED_EDGE('',*,*,#2383,.F.);
#1390=ORIENTED_EDGE('',*,*,#2403,.T.);
#1391=ORIENTED_EDGE('',*,*,#2404,.T.);
#1392=ORIENTED_EDGE('',*,*,#2401,.F.);
#1393=ORIENTED_EDGE('',*,*,#2382,.F.);
#1394=ORIENTED_EDGE('',*,*,#2405,.F.);
#1395=ORIENTED_EDGE('',*,*,#2406,.F.);
#1396=ORIENTED_EDGE('',*,*,#2403,.F.);
#1397=ORIENTED_EDGE('',*,*,#2381,.F.);
#1398=ORIENTED_EDGE('',*,*,#2407,.T.);
#1399=ORIENTED_EDGE('',*,*,#2408,.T.);
#1400=ORIENTED_EDGE('',*,*,#2405,.T.);
#1401=ORIENTED_EDGE('',*,*,#2380,.F.);
#1402=ORIENTED_EDGE('',*,*,#2409,.T.);
#1403=ORIENTED_EDGE('',*,*,#2410,.T.);
#1404=ORIENTED_EDGE('',*,*,#2407,.F.);
#1405=ORIENTED_EDGE('',*,*,#2379,.F.);
#1406=ORIENTED_EDGE('',*,*,#2390,.F.);
#1407=ORIENTED_EDGE('',*,*,#2411,.F.);
#1408=ORIENTED_EDGE('',*,*,#2409,.F.);
#1409=ORIENTED_EDGE('',*,*,#2378,.F.);
#1410=ORIENTED_EDGE('',*,*,#2412,.T.);
#1411=ORIENTED_EDGE('',*,*,#2413,.T.);
#1412=ORIENTED_EDGE('',*,*,#2414,.F.);
#1413=ORIENTED_EDGE('',*,*,#2415,.T.);
#1414=ORIENTED_EDGE('',*,*,#2416,.T.);
#1415=ORIENTED_EDGE('',*,*,#2417,.T.);
#1416=ORIENTED_EDGE('',*,*,#2418,.T.);
#1417=ORIENTED_EDGE('',*,*,#2419,.T.);
#1418=ORIENTED_EDGE('',*,*,#2420,.T.);
#1419=ORIENTED_EDGE('',*,*,#2421,.T.);
#1420=ORIENTED_EDGE('',*,*,#2422,.T.);
#1421=ORIENTED_EDGE('',*,*,#2423,.F.);
#1422=ORIENTED_EDGE('',*,*,#2413,.F.);
#1423=ORIENTED_EDGE('',*,*,#2424,.T.);
#1424=ORIENTED_EDGE('',*,*,#2425,.T.);
#1425=ORIENTED_EDGE('',*,*,#2426,.T.);
#1426=ORIENTED_EDGE('',*,*,#2427,.T.);
#1427=ORIENTED_EDGE('',*,*,#2428,.T.);
#1428=ORIENTED_EDGE('',*,*,#2424,.F.);
#1429=ORIENTED_EDGE('',*,*,#2412,.F.);
#1430=ORIENTED_EDGE('',*,*,#2429,.T.);
#1431=ORIENTED_EDGE('',*,*,#2430,.T.);
#1432=ORIENTED_EDGE('',*,*,#2427,.F.);
#1433=ORIENTED_EDGE('',*,*,#2423,.T.);
#1434=ORIENTED_EDGE('',*,*,#2431,.T.);
#1435=ORIENTED_EDGE('',*,*,#2432,.T.);
#1436=ORIENTED_EDGE('',*,*,#2429,.F.);
#1437=ORIENTED_EDGE('',*,*,#2422,.F.);
#1438=ORIENTED_EDGE('',*,*,#2433,.T.);
#1439=ORIENTED_EDGE('',*,*,#2434,.T.);
#1440=ORIENTED_EDGE('',*,*,#2431,.F.);
#1441=ORIENTED_EDGE('',*,*,#2421,.F.);
#1442=ORIENTED_EDGE('',*,*,#2435,.F.);
#1443=ORIENTED_EDGE('',*,*,#2436,.F.);
#1444=ORIENTED_EDGE('',*,*,#2433,.F.);
#1445=ORIENTED_EDGE('',*,*,#2420,.F.);
#1446=ORIENTED_EDGE('',*,*,#2437,.T.);
#1447=ORIENTED_EDGE('',*,*,#2438,.T.);
#1448=ORIENTED_EDGE('',*,*,#2435,.T.);
#1449=ORIENTED_EDGE('',*,*,#2419,.F.);
#1450=ORIENTED_EDGE('',*,*,#2439,.T.);
#1451=ORIENTED_EDGE('',*,*,#2440,.T.);
#1452=ORIENTED_EDGE('',*,*,#2437,.F.);
#1453=ORIENTED_EDGE('',*,*,#2418,.F.);
#1454=ORIENTED_EDGE('',*,*,#2441,.T.);
#1455=ORIENTED_EDGE('',*,*,#2442,.F.);
#1456=ORIENTED_EDGE('',*,*,#2439,.F.);
#1457=ORIENTED_EDGE('',*,*,#2417,.F.);
#1458=ORIENTED_EDGE('',*,*,#2443,.T.);
#1459=ORIENTED_EDGE('',*,*,#2444,.T.);
#1460=ORIENTED_EDGE('',*,*,#2441,.F.);
#1461=ORIENTED_EDGE('',*,*,#2416,.F.);
#1462=ORIENTED_EDGE('',*,*,#2445,.T.);
#1463=ORIENTED_EDGE('',*,*,#2446,.T.);
#1464=ORIENTED_EDGE('',*,*,#2443,.F.);
#1465=ORIENTED_EDGE('',*,*,#2415,.F.);
#1466=ORIENTED_EDGE('',*,*,#2426,.F.);
#1467=ORIENTED_EDGE('',*,*,#2447,.T.);
#1468=ORIENTED_EDGE('',*,*,#2445,.F.);
#1469=ORIENTED_EDGE('',*,*,#2414,.T.);
#1470=ORIENTED_EDGE('',*,*,#2448,.T.);
#1471=ORIENTED_EDGE('',*,*,#2449,.T.);
#1472=ORIENTED_EDGE('',*,*,#2450,.T.);
#1473=ORIENTED_EDGE('',*,*,#2451,.T.);
#1474=ORIENTED_EDGE('',*,*,#2452,.T.);
#1475=ORIENTED_EDGE('',*,*,#2453,.F.);
#1476=ORIENTED_EDGE('',*,*,#2454,.T.);
#1477=ORIENTED_EDGE('',*,*,#2455,.T.);
#1478=ORIENTED_EDGE('',*,*,#2456,.T.);
#1479=ORIENTED_EDGE('',*,*,#2457,.F.);
#1480=ORIENTED_EDGE('',*,*,#2458,.F.);
#1481=ORIENTED_EDGE('',*,*,#2451,.F.);
#1482=ORIENTED_EDGE('',*,*,#2459,.T.);
#1483=ORIENTED_EDGE('',*,*,#2460,.T.);
#1484=ORIENTED_EDGE('',*,*,#2461,.F.);
#1485=ORIENTED_EDGE('',*,*,#2458,.T.);
#1486=ORIENTED_EDGE('',*,*,#2462,.T.);
#1487=ORIENTED_EDGE('',*,*,#2449,.F.);
#1488=ORIENTED_EDGE('',*,*,#2463,.F.);
#1489=ORIENTED_EDGE('',*,*,#2463,.T.);
#1490=ORIENTED_EDGE('',*,*,#2448,.F.);
#1491=ORIENTED_EDGE('',*,*,#2462,.F.);
#1492=ORIENTED_EDGE('',*,*,#2457,.T.);
#1493=ORIENTED_EDGE('',*,*,#2464,.T.);
#1494=ORIENTED_EDGE('',*,*,#2465,.T.);
#1495=ORIENTED_EDGE('',*,*,#2459,.F.);
#1496=ORIENTED_EDGE('',*,*,#2450,.F.);
#1497=ORIENTED_EDGE('',*,*,#2466,.T.);
#1498=ORIENTED_EDGE('',*,*,#2467,.T.);
#1499=ORIENTED_EDGE('',*,*,#2464,.F.);
#1500=ORIENTED_EDGE('',*,*,#2456,.F.);
#1501=ORIENTED_EDGE('',*,*,#2468,.F.);
#1502=ORIENTED_EDGE('',*,*,#2469,.F.);
#1503=ORIENTED_EDGE('',*,*,#2466,.F.);
#1504=ORIENTED_EDGE('',*,*,#2455,.F.);
#1505=ORIENTED_EDGE('',*,*,#2470,.T.);
#1506=ORIENTED_EDGE('',*,*,#2471,.T.);
#1507=ORIENTED_EDGE('',*,*,#2468,.T.);
#1508=ORIENTED_EDGE('',*,*,#2454,.F.);
#1509=ORIENTED_EDGE('',*,*,#2472,.T.);
#1510=ORIENTED_EDGE('',*,*,#2473,.F.);
#1511=ORIENTED_EDGE('',*,*,#2470,.F.);
#1512=ORIENTED_EDGE('',*,*,#2453,.T.);
#1513=ORIENTED_EDGE('',*,*,#2461,.T.);
#1514=ORIENTED_EDGE('',*,*,#2474,.F.);
#1515=ORIENTED_EDGE('',*,*,#2472,.F.);
#1516=ORIENTED_EDGE('',*,*,#2452,.F.);
#1517=ORIENTED_EDGE('',*,*,#2475,.T.);
#1518=ORIENTED_EDGE('',*,*,#2476,.T.);
#1519=ORIENTED_EDGE('',*,*,#2477,.T.);
#1520=ORIENTED_EDGE('',*,*,#2478,.T.);
#1521=ORIENTED_EDGE('',*,*,#2476,.F.);
#1522=ORIENTED_EDGE('',*,*,#2479,.T.);
#1523=ORIENTED_EDGE('',*,*,#2480,.T.);
#1524=ORIENTED_EDGE('',*,*,#2481,.F.);
#1525=ORIENTED_EDGE('',*,*,#2482,.T.);
#1526=ORIENTED_EDGE('',*,*,#2483,.T.);
#1527=ORIENTED_EDGE('',*,*,#2479,.F.);
#1528=ORIENTED_EDGE('',*,*,#2475,.F.);
#1529=ORIENTED_EDGE('',*,*,#2484,.T.);
#1530=ORIENTED_EDGE('',*,*,#2485,.T.);
#1531=ORIENTED_EDGE('',*,*,#2482,.F.);
#1532=ORIENTED_EDGE('',*,*,#2478,.F.);
#1533=ORIENTED_EDGE('',*,*,#2481,.T.);
#1534=ORIENTED_EDGE('',*,*,#2486,.T.);
#1535=ORIENTED_EDGE('',*,*,#2484,.F.);
#1536=ORIENTED_EDGE('',*,*,#2477,.F.);
#1537=ORIENTED_EDGE('',*,*,#2487,.F.);
#1538=ORIENTED_EDGE('',*,*,#2488,.F.);
#1539=ORIENTED_EDGE('',*,*,#2489,.T.);
#1540=ORIENTED_EDGE('',*,*,#2490,.F.);
#1541=ORIENTED_EDGE('',*,*,#2491,.F.);
#1542=ORIENTED_EDGE('',*,*,#2492,.T.);
#1543=ORIENTED_EDGE('',*,*,#2493,.T.);
#1544=ORIENTED_EDGE('',*,*,#2494,.F.);
#1545=ORIENTED_EDGE('',*,*,#2495,.F.);
#1546=ORIENTED_EDGE('',*,*,#2496,.F.);
#1547=ORIENTED_EDGE('',*,*,#2497,.T.);
#1548=ORIENTED_EDGE('',*,*,#2498,.F.);
#1549=ORIENTED_EDGE('',*,*,#2488,.T.);
#1550=ORIENTED_EDGE('',*,*,#2499,.T.);
#1551=ORIENTED_EDGE('',*,*,#2500,.F.);
#1552=ORIENTED_EDGE('',*,*,#2501,.F.);
#1553=ORIENTED_EDGE('',*,*,#2502,.T.);
#1554=ORIENTED_EDGE('',*,*,#2503,.T.);
#1555=ORIENTED_EDGE('',*,*,#2499,.F.);
#1556=ORIENTED_EDGE('',*,*,#2487,.T.);
#1557=ORIENTED_EDGE('',*,*,#2504,.T.);
#1558=ORIENTED_EDGE('',*,*,#2505,.F.);
#1559=ORIENTED_EDGE('',*,*,#2502,.F.);
#1560=ORIENTED_EDGE('',*,*,#2498,.T.);
#1561=ORIENTED_EDGE('',*,*,#2506,.T.);
#1562=ORIENTED_EDGE('',*,*,#2507,.F.);
#1563=ORIENTED_EDGE('',*,*,#2504,.F.);
#1564=ORIENTED_EDGE('',*,*,#2497,.F.);
#1565=ORIENTED_EDGE('',*,*,#2508,.T.);
#1566=ORIENTED_EDGE('',*,*,#2509,.F.);
#1567=ORIENTED_EDGE('',*,*,#2506,.F.);
#1568=ORIENTED_EDGE('',*,*,#2496,.T.);
#1569=ORIENTED_EDGE('',*,*,#2510,.T.);
#1570=ORIENTED_EDGE('',*,*,#2511,.T.);
#1571=ORIENTED_EDGE('',*,*,#2508,.F.);
#1572=ORIENTED_EDGE('',*,*,#2495,.T.);
#1573=ORIENTED_EDGE('',*,*,#2512,.T.);
#1574=ORIENTED_EDGE('',*,*,#2513,.F.);
#1575=ORIENTED_EDGE('',*,*,#2510,.F.);
#1576=ORIENTED_EDGE('',*,*,#2494,.T.);
#1577=ORIENTED_EDGE('',*,*,#2514,.T.);
#1578=ORIENTED_EDGE('',*,*,#2515,.F.);
#1579=ORIENTED_EDGE('',*,*,#2512,.F.);
#1580=ORIENTED_EDGE('',*,*,#2493,.F.);
#1581=ORIENTED_EDGE('',*,*,#2516,.T.);
#1582=ORIENTED_EDGE('',*,*,#2517,.T.);
#1583=ORIENTED_EDGE('',*,*,#2514,.F.);
#1584=ORIENTED_EDGE('',*,*,#2492,.F.);
#1585=ORIENTED_EDGE('',*,*,#2518,.T.);
#1586=ORIENTED_EDGE('',*,*,#2519,.T.);
#1587=ORIENTED_EDGE('',*,*,#2516,.F.);
#1588=ORIENTED_EDGE('',*,*,#2491,.T.);
#1589=ORIENTED_EDGE('',*,*,#2520,.T.);
#1590=ORIENTED_EDGE('',*,*,#2521,.F.);
#1591=ORIENTED_EDGE('',*,*,#2518,.F.);
#1592=ORIENTED_EDGE('',*,*,#2490,.T.);
#1593=ORIENTED_EDGE('',*,*,#2501,.T.);
#1594=ORIENTED_EDGE('',*,*,#2522,.F.);
#1595=ORIENTED_EDGE('',*,*,#2520,.F.);
#1596=ORIENTED_EDGE('',*,*,#2489,.F.);
#1597=ORIENTED_EDGE('',*,*,#2523,.F.);
#1598=ORIENTED_EDGE('',*,*,#2524,.F.);
#1599=ORIENTED_EDGE('',*,*,#2525,.T.);
#1600=ORIENTED_EDGE('',*,*,#2526,.T.);
#1601=ORIENTED_EDGE('',*,*,#2527,.F.);
#1602=ORIENTED_EDGE('',*,*,#2528,.T.);
#1603=ORIENTED_EDGE('',*,*,#2529,.T.);
#1604=ORIENTED_EDGE('',*,*,#2530,.F.);
#1605=ORIENTED_EDGE('',*,*,#2531,.T.);
#1606=ORIENTED_EDGE('',*,*,#2532,.T.);
#1607=ORIENTED_EDGE('',*,*,#2524,.T.);
#1608=ORIENTED_EDGE('',*,*,#2533,.T.);
#1609=ORIENTED_EDGE('',*,*,#2534,.T.);
#1610=ORIENTED_EDGE('',*,*,#2535,.F.);
#1611=ORIENTED_EDGE('',*,*,#2536,.T.);
#1612=ORIENTED_EDGE('',*,*,#2537,.F.);
#1613=ORIENTED_EDGE('',*,*,#2533,.F.);
#1614=ORIENTED_EDGE('',*,*,#2523,.T.);
#1615=ORIENTED_EDGE('',*,*,#2538,.T.);
#1616=ORIENTED_EDGE('',*,*,#2539,.F.);
#1617=ORIENTED_EDGE('',*,*,#2536,.F.);
#1618=ORIENTED_EDGE('',*,*,#2532,.F.);
#1619=ORIENTED_EDGE('',*,*,#2540,.T.);
#1620=ORIENTED_EDGE('',*,*,#2541,.T.);
#1621=ORIENTED_EDGE('',*,*,#2538,.F.);
#1622=ORIENTED_EDGE('',*,*,#2531,.F.);
#1623=ORIENTED_EDGE('',*,*,#2542,.T.);
#1624=ORIENTED_EDGE('',*,*,#2543,.F.);
#1625=ORIENTED_EDGE('',*,*,#2540,.F.);
#1626=ORIENTED_EDGE('',*,*,#2530,.T.);
#1627=ORIENTED_EDGE('',*,*,#2544,.T.);
#1628=ORIENTED_EDGE('',*,*,#2545,.F.);
#1629=ORIENTED_EDGE('',*,*,#2542,.F.);
#1630=ORIENTED_EDGE('',*,*,#2529,.F.);
#1631=ORIENTED_EDGE('',*,*,#2546,.T.);
#1632=ORIENTED_EDGE('',*,*,#2547,.T.);
#1633=ORIENTED_EDGE('',*,*,#2544,.F.);
#1634=ORIENTED_EDGE('',*,*,#2528,.F.);
#1635=ORIENTED_EDGE('',*,*,#2548,.T.);
#1636=ORIENTED_EDGE('',*,*,#2549,.T.);
#1637=ORIENTED_EDGE('',*,*,#2546,.F.);
#1638=ORIENTED_EDGE('',*,*,#2527,.T.);
#1639=ORIENTED_EDGE('',*,*,#2550,.T.);
#1640=ORIENTED_EDGE('',*,*,#2551,.T.);
#1641=ORIENTED_EDGE('',*,*,#2548,.F.);
#1642=ORIENTED_EDGE('',*,*,#2526,.F.);
#1643=ORIENTED_EDGE('',*,*,#2535,.T.);
#1644=ORIENTED_EDGE('',*,*,#2552,.T.);
#1645=ORIENTED_EDGE('',*,*,#2550,.F.);
#1646=ORIENTED_EDGE('',*,*,#2525,.F.);
#1647=ORIENTED_EDGE('',*,*,#2553,.F.);
#1648=ORIENTED_EDGE('',*,*,#2554,.F.);
#1649=ORIENTED_EDGE('',*,*,#2555,.F.);
#1650=ORIENTED_EDGE('',*,*,#2556,.T.);
#1651=ORIENTED_EDGE('',*,*,#2557,.T.);
#1652=ORIENTED_EDGE('',*,*,#2558,.F.);
#1653=ORIENTED_EDGE('',*,*,#2554,.T.);
#1654=ORIENTED_EDGE('',*,*,#2559,.T.);
#1655=ORIENTED_EDGE('',*,*,#2560,.F.);
#1656=ORIENTED_EDGE('',*,*,#2561,.F.);
#1657=ORIENTED_EDGE('',*,*,#2562,.T.);
#1658=ORIENTED_EDGE('',*,*,#2563,.T.);
#1659=ORIENTED_EDGE('',*,*,#2559,.F.);
#1660=ORIENTED_EDGE('',*,*,#2553,.T.);
#1661=ORIENTED_EDGE('',*,*,#2564,.T.);
#1662=ORIENTED_EDGE('',*,*,#2565,.F.);
#1663=ORIENTED_EDGE('',*,*,#2562,.F.);
#1664=ORIENTED_EDGE('',*,*,#2558,.T.);
#1665=ORIENTED_EDGE('',*,*,#2566,.T.);
#1666=ORIENTED_EDGE('',*,*,#2567,.F.);
#1667=ORIENTED_EDGE('',*,*,#2564,.F.);
#1668=ORIENTED_EDGE('',*,*,#2557,.F.);
#1669=ORIENTED_EDGE('',*,*,#2568,.T.);
#1670=ORIENTED_EDGE('',*,*,#2569,.T.);
#1671=ORIENTED_EDGE('',*,*,#2566,.F.);
#1672=ORIENTED_EDGE('',*,*,#2556,.F.);
#1673=ORIENTED_EDGE('',*,*,#2561,.T.);
#1674=ORIENTED_EDGE('',*,*,#2570,.T.);
#1675=ORIENTED_EDGE('',*,*,#2568,.F.);
#1676=ORIENTED_EDGE('',*,*,#2555,.T.);
#1677=ORIENTED_EDGE('',*,*,#2571,.T.);
#1678=ORIENTED_EDGE('',*,*,#2572,.T.);
#1679=ORIENTED_EDGE('',*,*,#2573,.T.);
#1680=ORIENTED_EDGE('',*,*,#2574,.T.);
#1681=ORIENTED_EDGE('',*,*,#2572,.F.);
#1682=ORIENTED_EDGE('',*,*,#2575,.T.);
#1683=ORIENTED_EDGE('',*,*,#2576,.T.);
#1684=ORIENTED_EDGE('',*,*,#2577,.F.);
#1685=ORIENTED_EDGE('',*,*,#2574,.F.);
#1686=ORIENTED_EDGE('',*,*,#2111,.T.);
#1687=ORIENTED_EDGE('',*,*,#2578,.T.);
#1688=ORIENTED_EDGE('',*,*,#2579,.T.);
#1689=ORIENTED_EDGE('',*,*,#2575,.F.);
#1690=ORIENTED_EDGE('',*,*,#2571,.F.);
#1691=ORIENTED_EDGE('',*,*,#2577,.T.);
#1692=ORIENTED_EDGE('',*,*,#2580,.T.);
#1693=ORIENTED_EDGE('',*,*,#2578,.F.);
#1694=ORIENTED_EDGE('',*,*,#2573,.F.);
#1695=ORIENTED_EDGE('',*,*,#2581,.T.);
#1696=ORIENTED_EDGE('',*,*,#2582,.T.);
#1697=ORIENTED_EDGE('',*,*,#2583,.F.);
#1698=ORIENTED_EDGE('',*,*,#2584,.F.);
#1699=ORIENTED_EDGE('',*,*,#2585,.T.);
#1700=ORIENTED_EDGE('',*,*,#2586,.T.);
#1701=ORIENTED_EDGE('',*,*,#2587,.T.);
#1702=ORIENTED_EDGE('',*,*,#2582,.F.);
#1703=ORIENTED_EDGE('',*,*,#2588,.T.);
#1704=ORIENTED_EDGE('',*,*,#2589,.F.);
#1705=ORIENTED_EDGE('',*,*,#2590,.F.);
#1706=ORIENTED_EDGE('',*,*,#2591,.T.);
#1707=ORIENTED_EDGE('',*,*,#2592,.T.);
#1708=ORIENTED_EDGE('',*,*,#2588,.F.);
#1709=ORIENTED_EDGE('',*,*,#2581,.F.);
#1710=ORIENTED_EDGE('',*,*,#2593,.T.);
#1711=ORIENTED_EDGE('',*,*,#2594,.T.);
#1712=ORIENTED_EDGE('',*,*,#2591,.F.);
#1713=ORIENTED_EDGE('',*,*,#2587,.F.);
#1714=ORIENTED_EDGE('',*,*,#2595,.T.);
#1715=ORIENTED_EDGE('',*,*,#2596,.T.);
#1716=ORIENTED_EDGE('',*,*,#2593,.F.);
#1717=ORIENTED_EDGE('',*,*,#2586,.F.);
#1718=ORIENTED_EDGE('',*,*,#2597,.T.);
#1719=ORIENTED_EDGE('',*,*,#2598,.T.);
#1720=ORIENTED_EDGE('',*,*,#2595,.F.);
#1721=ORIENTED_EDGE('',*,*,#2585,.F.);
#1722=ORIENTED_EDGE('',*,*,#2599,.T.);
#1723=ORIENTED_EDGE('',*,*,#2600,.T.);
#1724=ORIENTED_EDGE('',*,*,#2597,.F.);
#1725=ORIENTED_EDGE('',*,*,#2584,.T.);
#1726=ORIENTED_EDGE('',*,*,#2590,.T.);
#1727=ORIENTED_EDGE('',*,*,#2601,.F.);
#1728=ORIENTED_EDGE('',*,*,#2599,.F.);
#1729=ORIENTED_EDGE('',*,*,#2583,.T.);
#1730=ORIENTED_EDGE('',*,*,#2602,.T.);
#1731=ORIENTED_EDGE('',*,*,#2603,.T.);
#1732=ORIENTED_EDGE('',*,*,#2604,.T.);
#1733=ORIENTED_EDGE('',*,*,#2605,.T.);
#1734=ORIENTED_EDGE('',*,*,#2606,.T.);
#1735=ORIENTED_EDGE('',*,*,#2607,.T.);
#1736=ORIENTED_EDGE('',*,*,#2608,.T.);
#1737=ORIENTED_EDGE('',*,*,#2603,.F.);
#1738=ORIENTED_EDGE('',*,*,#2609,.T.);
#1739=ORIENTED_EDGE('',*,*,#2610,.T.);
#1740=ORIENTED_EDGE('',*,*,#2611,.F.);
#1741=ORIENTED_EDGE('',*,*,#2612,.T.);
#1742=ORIENTED_EDGE('',*,*,#2613,.T.);
#1743=ORIENTED_EDGE('',*,*,#2609,.F.);
#1744=ORIENTED_EDGE('',*,*,#2602,.F.);
#1745=ORIENTED_EDGE('',*,*,#2614,.T.);
#1746=ORIENTED_EDGE('',*,*,#2615,.T.);
#1747=ORIENTED_EDGE('',*,*,#2612,.F.);
#1748=ORIENTED_EDGE('',*,*,#2608,.F.);
#1749=ORIENTED_EDGE('',*,*,#2616,.T.);
#1750=ORIENTED_EDGE('',*,*,#2617,.T.);
#1751=ORIENTED_EDGE('',*,*,#2614,.F.);
#1752=ORIENTED_EDGE('',*,*,#2607,.F.);
#1753=ORIENTED_EDGE('',*,*,#2618,.T.);
#1754=ORIENTED_EDGE('',*,*,#2619,.T.);
#1755=ORIENTED_EDGE('',*,*,#2616,.F.);
#1756=ORIENTED_EDGE('',*,*,#2606,.F.);
#1757=ORIENTED_EDGE('',*,*,#2620,.T.);
#1758=ORIENTED_EDGE('',*,*,#2621,.T.);
#1759=ORIENTED_EDGE('',*,*,#2618,.F.);
#1760=ORIENTED_EDGE('',*,*,#2605,.F.);
#1761=ORIENTED_EDGE('',*,*,#2611,.T.);
#1762=ORIENTED_EDGE('',*,*,#2622,.T.);
#1763=ORIENTED_EDGE('',*,*,#2620,.F.);
#1764=ORIENTED_EDGE('',*,*,#2604,.F.);
#1765=ORIENTED_EDGE('',*,*,#2623,.T.);
#1766=ORIENTED_EDGE('',*,*,#2624,.T.);
#1767=ORIENTED_EDGE('',*,*,#2625,.F.);
#1768=ORIENTED_EDGE('',*,*,#2626,.T.);
#1769=ORIENTED_EDGE('',*,*,#2627,.T.);
#1770=ORIENTED_EDGE('',*,*,#2628,.T.);
#1771=ORIENTED_EDGE('',*,*,#2629,.T.);
#1772=ORIENTED_EDGE('',*,*,#2630,.T.);
#1773=ORIENTED_EDGE('',*,*,#2631,.T.);
#1774=ORIENTED_EDGE('',*,*,#2632,.T.);
#1775=ORIENTED_EDGE('',*,*,#2633,.T.);
#1776=ORIENTED_EDGE('',*,*,#2634,.F.);
#1777=ORIENTED_EDGE('',*,*,#2624,.F.);
#1778=ORIENTED_EDGE('',*,*,#2635,.T.);
#1779=ORIENTED_EDGE('',*,*,#2636,.T.);
#1780=ORIENTED_EDGE('',*,*,#2637,.T.);
#1781=ORIENTED_EDGE('',*,*,#2638,.T.);
#1782=ORIENTED_EDGE('',*,*,#2639,.T.);
#1783=ORIENTED_EDGE('',*,*,#2635,.F.);
#1784=ORIENTED_EDGE('',*,*,#2623,.F.);
#1785=ORIENTED_EDGE('',*,*,#2640,.T.);
#1786=ORIENTED_EDGE('',*,*,#2641,.T.);
#1787=ORIENTED_EDGE('',*,*,#2638,.F.);
#1788=ORIENTED_EDGE('',*,*,#2634,.T.);
#1789=ORIENTED_EDGE('',*,*,#2642,.T.);
#1790=ORIENTED_EDGE('',*,*,#2643,.T.);
#1791=ORIENTED_EDGE('',*,*,#2640,.F.);
#1792=ORIENTED_EDGE('',*,*,#2633,.F.);
#1793=ORIENTED_EDGE('',*,*,#2644,.T.);
#1794=ORIENTED_EDGE('',*,*,#2645,.T.);
#1795=ORIENTED_EDGE('',*,*,#2642,.F.);
#1796=ORIENTED_EDGE('',*,*,#2632,.F.);
#1797=ORIENTED_EDGE('',*,*,#2646,.F.);
#1798=ORIENTED_EDGE('',*,*,#2647,.F.);
#1799=ORIENTED_EDGE('',*,*,#2644,.F.);
#1800=ORIENTED_EDGE('',*,*,#2631,.F.);
#1801=ORIENTED_EDGE('',*,*,#2648,.T.);
#1802=ORIENTED_EDGE('',*,*,#2649,.T.);
#1803=ORIENTED_EDGE('',*,*,#2646,.T.);
#1804=ORIENTED_EDGE('',*,*,#2630,.F.);
#1805=ORIENTED_EDGE('',*,*,#2650,.T.);
#1806=ORIENTED_EDGE('',*,*,#2651,.T.);
#1807=ORIENTED_EDGE('',*,*,#2648,.F.);
#1808=ORIENTED_EDGE('',*,*,#2629,.F.);
#1809=ORIENTED_EDGE('',*,*,#2652,.T.);
#1810=ORIENTED_EDGE('',*,*,#2653,.F.);
#1811=ORIENTED_EDGE('',*,*,#2650,.F.);
#1812=ORIENTED_EDGE('',*,*,#2628,.F.);
#1813=ORIENTED_EDGE('',*,*,#2654,.T.);
#1814=ORIENTED_EDGE('',*,*,#2655,.T.);
#1815=ORIENTED_EDGE('',*,*,#2652,.F.);
#1816=ORIENTED_EDGE('',*,*,#2627,.F.);
#1817=ORIENTED_EDGE('',*,*,#2656,.T.);
#1818=ORIENTED_EDGE('',*,*,#2657,.T.);
#1819=ORIENTED_EDGE('',*,*,#2654,.F.);
#1820=ORIENTED_EDGE('',*,*,#2626,.F.);
#1821=ORIENTED_EDGE('',*,*,#2637,.F.);
#1822=ORIENTED_EDGE('',*,*,#2658,.T.);
#1823=ORIENTED_EDGE('',*,*,#2656,.F.);
#1824=ORIENTED_EDGE('',*,*,#2625,.T.);
#1825=ORIENTED_EDGE('',*,*,#2659,.T.);
#1826=ORIENTED_EDGE('',*,*,#2660,.T.);
#1827=ORIENTED_EDGE('',*,*,#2661,.F.);
#1828=ORIENTED_EDGE('',*,*,#2662,.F.);
#1829=ORIENTED_EDGE('',*,*,#2663,.F.);
#1830=ORIENTED_EDGE('',*,*,#2664,.F.);
#1831=ORIENTED_EDGE('',*,*,#2665,.F.);
#1832=ORIENTED_EDGE('',*,*,#2666,.T.);
#1833=ORIENTED_EDGE('',*,*,#2667,.F.);
#1834=ORIENTED_EDGE('',*,*,#2668,.T.);
#1835=ORIENTED_EDGE('',*,*,#2666,.F.);
#1836=ORIENTED_EDGE('',*,*,#2667,.T.);
#1837=ORIENTED_EDGE('',*,*,#2669,.F.);
#1838=ORIENTED_EDGE('',*,*,#2670,.T.);
#1839=ORIENTED_EDGE('',*,*,#2671,.F.);
#1840=ORIENTED_EDGE('',*,*,#2672,.T.);
#1841=ORIENTED_EDGE('',*,*,#2670,.F.);
#1842=ORIENTED_EDGE('',*,*,#2671,.T.);
#1843=ORIENTED_EDGE('',*,*,#2673,.F.);
#1844=ORIENTED_EDGE('',*,*,#2674,.T.);
#1845=ORIENTED_EDGE('',*,*,#2675,.F.);
#1846=ORIENTED_EDGE('',*,*,#2676,.T.);
#1847=ORIENTED_EDGE('',*,*,#2674,.F.);
#1848=ORIENTED_EDGE('',*,*,#2675,.T.);
#1849=ORIENTED_EDGE('',*,*,#2677,.F.);
#1850=ORIENTED_EDGE('',*,*,#2678,.T.);
#1851=ORIENTED_EDGE('',*,*,#2679,.F.);
#1852=ORIENTED_EDGE('',*,*,#2680,.T.);
#1853=ORIENTED_EDGE('',*,*,#2678,.F.);
#1854=ORIENTED_EDGE('',*,*,#2679,.T.);
#1855=ORIENTED_EDGE('',*,*,#2681,.F.);
#1856=ORIENTED_EDGE('',*,*,#2682,.T.);
#1857=ORIENTED_EDGE('',*,*,#2683,.F.);
#1858=ORIENTED_EDGE('',*,*,#2684,.T.);
#1859=ORIENTED_EDGE('',*,*,#2682,.F.);
#1860=ORIENTED_EDGE('',*,*,#2683,.T.);
#1861=ORIENTED_EDGE('',*,*,#2685,.F.);
#1862=ORIENTED_EDGE('',*,*,#2686,.T.);
#1863=ORIENTED_EDGE('',*,*,#2687,.F.);
#1864=ORIENTED_EDGE('',*,*,#2688,.T.);
#1865=ORIENTED_EDGE('',*,*,#2686,.F.);
#1866=ORIENTED_EDGE('',*,*,#2687,.T.);
#1867=ORIENTED_EDGE('',*,*,#2689,.T.);
#1868=ORIENTED_EDGE('',*,*,#2690,.F.);
#1869=ORIENTED_EDGE('',*,*,#2691,.T.);
#1870=ORIENTED_EDGE('',*,*,#2692,.F.);
#1871=ORIENTED_EDGE('',*,*,#2693,.T.);
#1872=ORIENTED_EDGE('',*,*,#2694,.F.);
#1873=ORIENTED_EDGE('',*,*,#2695,.F.);
#1874=ORIENTED_EDGE('',*,*,#2696,.T.);
#1875=ORIENTED_EDGE('',*,*,#2697,.F.);
#1876=ORIENTED_EDGE('',*,*,#2698,.F.);
#1877=ORIENTED_EDGE('',*,*,#2699,.F.);
#1878=ORIENTED_EDGE('',*,*,#2697,.T.);
#1879=ORIENTED_EDGE('',*,*,#2700,.T.);
#1880=ORIENTED_EDGE('',*,*,#2701,.T.);
#1881=ORIENTED_EDGE('',*,*,#2702,.T.);
#1882=ORIENTED_EDGE('',*,*,#2703,.F.);
#1883=ORIENTED_EDGE('',*,*,#2704,.T.);
#1884=ORIENTED_EDGE('',*,*,#2702,.F.);
#1885=ORIENTED_EDGE('',*,*,#2703,.T.);
#1886=ORIENTED_EDGE('',*,*,#2694,.T.);
#1887=ORIENTED_EDGE('',*,*,#2705,.F.);
#1888=ORIENTED_EDGE('',*,*,#2698,.T.);
#1889=ORIENTED_EDGE('',*,*,#2693,.F.);
#1890=ORIENTED_EDGE('',*,*,#2691,.F.);
#1891=ORIENTED_EDGE('',*,*,#2695,.T.);
#1892=ORIENTED_EDGE('',*,*,#2689,.F.);
#1893=ORIENTED_EDGE('',*,*,#2688,.F.);
#1894=ORIENTED_EDGE('',*,*,#2684,.F.);
#1895=ORIENTED_EDGE('',*,*,#2680,.F.);
#1896=ORIENTED_EDGE('',*,*,#2676,.F.);
#1897=ORIENTED_EDGE('',*,*,#2672,.F.);
#1898=ORIENTED_EDGE('',*,*,#2668,.F.);
#1899=ORIENTED_EDGE('',*,*,#2701,.F.);
#1900=ORIENTED_EDGE('',*,*,#2696,.F.);
#1901=ORIENTED_EDGE('',*,*,#2699,.T.);
#1902=ORIENTED_EDGE('',*,*,#2690,.T.);
#1903=ORIENTED_EDGE('',*,*,#2706,.T.);
#1904=ORIENTED_EDGE('',*,*,#2664,.T.);
#1905=ORIENTED_EDGE('',*,*,#2707,.F.);
#1906=ORIENTED_EDGE('',*,*,#2662,.T.);
#1907=ORIENTED_EDGE('',*,*,#2660,.F.);
#1908=ORIENTED_EDGE('',*,*,#2708,.T.);
#1909=ORIENTED_EDGE('',*,*,#2704,.F.);
#1910=ORIENTED_EDGE('',*,*,#2677,.T.);
#1911=ORIENTED_EDGE('',*,*,#2681,.T.);
#1912=ORIENTED_EDGE('',*,*,#2685,.T.);
#1913=ORIENTED_EDGE('',*,*,#2661,.T.);
#1914=ORIENTED_EDGE('',*,*,#2708,.F.);
#1915=ORIENTED_EDGE('',*,*,#2659,.F.);
#1916=ORIENTED_EDGE('',*,*,#2706,.F.);
#1917=ORIENTED_EDGE('',*,*,#2665,.T.);
#1918=ORIENTED_EDGE('',*,*,#2669,.T.);
#1919=ORIENTED_EDGE('',*,*,#2673,.T.);
#1920=ORIENTED_EDGE('',*,*,#2707,.T.);
#1921=ORIENTED_EDGE('',*,*,#2663,.T.);
#1922=ORIENTED_EDGE('',*,*,#2700,.F.);
#1923=ORIENTED_EDGE('',*,*,#2649,.F.);
#1924=ORIENTED_EDGE('',*,*,#2651,.F.);
#1925=ORIENTED_EDGE('',*,*,#2653,.T.);
#1926=ORIENTED_EDGE('',*,*,#2655,.F.);
#1927=ORIENTED_EDGE('',*,*,#2657,.F.);
#1928=ORIENTED_EDGE('',*,*,#2658,.F.);
#1929=ORIENTED_EDGE('',*,*,#2636,.F.);
#1930=ORIENTED_EDGE('',*,*,#2639,.F.);
#1931=ORIENTED_EDGE('',*,*,#2641,.F.);
#1932=ORIENTED_EDGE('',*,*,#2643,.F.);
#1933=ORIENTED_EDGE('',*,*,#2645,.F.);
#1934=ORIENTED_EDGE('',*,*,#2647,.T.);
#1935=ORIENTED_EDGE('',*,*,#2622,.F.);
#1936=ORIENTED_EDGE('',*,*,#2610,.F.);
#1937=ORIENTED_EDGE('',*,*,#2613,.F.);
#1938=ORIENTED_EDGE('',*,*,#2615,.F.);
#1939=ORIENTED_EDGE('',*,*,#2617,.F.);
#1940=ORIENTED_EDGE('',*,*,#2619,.F.);
#1941=ORIENTED_EDGE('',*,*,#2621,.F.);
#1942=ORIENTED_EDGE('',*,*,#2601,.T.);
#1943=ORIENTED_EDGE('',*,*,#2589,.T.);
#1944=ORIENTED_EDGE('',*,*,#2592,.F.);
#1945=ORIENTED_EDGE('',*,*,#2594,.F.);
#1946=ORIENTED_EDGE('',*,*,#2596,.F.);
#1947=ORIENTED_EDGE('',*,*,#2598,.F.);
#1948=ORIENTED_EDGE('',*,*,#2600,.F.);
#1949=ORIENTED_EDGE('',*,*,#2580,.F.);
#1950=ORIENTED_EDGE('',*,*,#2576,.F.);
#1951=ORIENTED_EDGE('',*,*,#2579,.F.);
#1952=ORIENTED_EDGE('',*,*,#2570,.F.);
#1953=ORIENTED_EDGE('',*,*,#2560,.T.);
#1954=ORIENTED_EDGE('',*,*,#2563,.F.);
#1955=ORIENTED_EDGE('',*,*,#2565,.T.);
#1956=ORIENTED_EDGE('',*,*,#2567,.T.);
#1957=ORIENTED_EDGE('',*,*,#2569,.F.);
#1958=ORIENTED_EDGE('',*,*,#2552,.F.);
#1959=ORIENTED_EDGE('',*,*,#2534,.F.);
#1960=ORIENTED_EDGE('',*,*,#2537,.T.);
#1961=ORIENTED_EDGE('',*,*,#2539,.T.);
#1962=ORIENTED_EDGE('',*,*,#2541,.F.);
#1963=ORIENTED_EDGE('',*,*,#2543,.T.);
#1964=ORIENTED_EDGE('',*,*,#2545,.T.);
#1965=ORIENTED_EDGE('',*,*,#2547,.F.);
#1966=ORIENTED_EDGE('',*,*,#2549,.F.);
#1967=ORIENTED_EDGE('',*,*,#2551,.F.);
#1968=ORIENTED_EDGE('',*,*,#2522,.T.);
#1969=ORIENTED_EDGE('',*,*,#2500,.T.);
#1970=ORIENTED_EDGE('',*,*,#2503,.F.);
#1971=ORIENTED_EDGE('',*,*,#2505,.T.);
#1972=ORIENTED_EDGE('',*,*,#2507,.T.);
#1973=ORIENTED_EDGE('',*,*,#2509,.T.);
#1974=ORIENTED_EDGE('',*,*,#2511,.F.);
#1975=ORIENTED_EDGE('',*,*,#2513,.T.);
#1976=ORIENTED_EDGE('',*,*,#2515,.T.);
#1977=ORIENTED_EDGE('',*,*,#2517,.F.);
#1978=ORIENTED_EDGE('',*,*,#2519,.F.);
#1979=ORIENTED_EDGE('',*,*,#2521,.T.);
#1980=ORIENTED_EDGE('',*,*,#2486,.F.);
#1981=ORIENTED_EDGE('',*,*,#2480,.F.);
#1982=ORIENTED_EDGE('',*,*,#2483,.F.);
#1983=ORIENTED_EDGE('',*,*,#2485,.F.);
#1984=ORIENTED_EDGE('',*,*,#2474,.T.);
#1985=ORIENTED_EDGE('',*,*,#2460,.F.);
#1986=ORIENTED_EDGE('',*,*,#2465,.F.);
#1987=ORIENTED_EDGE('',*,*,#2467,.F.);
#1988=ORIENTED_EDGE('',*,*,#2469,.T.);
#1989=ORIENTED_EDGE('',*,*,#2471,.F.);
#1990=ORIENTED_EDGE('',*,*,#2473,.T.);
#1991=ORIENTED_EDGE('',*,*,#2438,.F.);
#1992=ORIENTED_EDGE('',*,*,#2440,.F.);
#1993=ORIENTED_EDGE('',*,*,#2442,.T.);
#1994=ORIENTED_EDGE('',*,*,#2444,.F.);
#1995=ORIENTED_EDGE('',*,*,#2446,.F.);
#1996=ORIENTED_EDGE('',*,*,#2447,.F.);
#1997=ORIENTED_EDGE('',*,*,#2425,.F.);
#1998=ORIENTED_EDGE('',*,*,#2428,.F.);
#1999=ORIENTED_EDGE('',*,*,#2430,.F.);
#2000=ORIENTED_EDGE('',*,*,#2432,.F.);
#2001=ORIENTED_EDGE('',*,*,#2434,.F.);
#2002=ORIENTED_EDGE('',*,*,#2436,.T.);
#2003=ORIENTED_EDGE('',*,*,#2411,.T.);
#2004=ORIENTED_EDGE('',*,*,#2389,.F.);
#2005=ORIENTED_EDGE('',*,*,#2392,.F.);
#2006=ORIENTED_EDGE('',*,*,#2394,.F.);
#2007=ORIENTED_EDGE('',*,*,#2396,.F.);
#2008=ORIENTED_EDGE('',*,*,#2398,.F.);
#2009=ORIENTED_EDGE('',*,*,#2400,.F.);
#2010=ORIENTED_EDGE('',*,*,#2402,.F.);
#2011=ORIENTED_EDGE('',*,*,#2404,.F.);
#2012=ORIENTED_EDGE('',*,*,#2406,.T.);
#2013=ORIENTED_EDGE('',*,*,#2408,.F.);
#2014=ORIENTED_EDGE('',*,*,#2410,.F.);
#2015=ORIENTED_EDGE('',*,*,#2362,.F.);
#2016=ORIENTED_EDGE('',*,*,#2364,.F.);
#2017=ORIENTED_EDGE('',*,*,#2366,.T.);
#2018=ORIENTED_EDGE('',*,*,#2368,.F.);
#2019=ORIENTED_EDGE('',*,*,#2370,.F.);
#2020=ORIENTED_EDGE('',*,*,#2372,.F.);
#2021=ORIENTED_EDGE('',*,*,#2374,.F.);
#2022=ORIENTED_EDGE('',*,*,#2375,.F.);
#2023=ORIENTED_EDGE('',*,*,#2353,.F.);
#2024=ORIENTED_EDGE('',*,*,#2356,.F.);
#2025=ORIENTED_EDGE('',*,*,#2358,.F.);
#2026=ORIENTED_EDGE('',*,*,#2360,.T.);
#2027=ORIENTED_EDGE('',*,*,#2339,.T.);
#2028=ORIENTED_EDGE('',*,*,#2317,.F.);
#2029=ORIENTED_EDGE('',*,*,#2320,.F.);
#2030=ORIENTED_EDGE('',*,*,#2322,.F.);
#2031=ORIENTED_EDGE('',*,*,#2324,.F.);
#2032=ORIENTED_EDGE('',*,*,#2326,.F.);
#2033=ORIENTED_EDGE('',*,*,#2328,.F.);
#2034=ORIENTED_EDGE('',*,*,#2330,.F.);
#2035=ORIENTED_EDGE('',*,*,#2332,.F.);
#2036=ORIENTED_EDGE('',*,*,#2334,.T.);
#2037=ORIENTED_EDGE('',*,*,#2336,.F.);
#2038=ORIENTED_EDGE('',*,*,#2338,.F.);
#2039=ORIENTED_EDGE('',*,*,#2303,.F.);
#2040=ORIENTED_EDGE('',*,*,#2281,.T.);
#2041=ORIENTED_EDGE('',*,*,#2284,.F.);
#2042=ORIENTED_EDGE('',*,*,#2286,.F.);
#2043=ORIENTED_EDGE('',*,*,#2288,.T.);
#2044=ORIENTED_EDGE('',*,*,#2290,.F.);
#2045=ORIENTED_EDGE('',*,*,#2292,.F.);
#2046=ORIENTED_EDGE('',*,*,#2294,.F.);
#2047=ORIENTED_EDGE('',*,*,#2296,.F.);
#2048=ORIENTED_EDGE('',*,*,#2298,.F.);
#2049=ORIENTED_EDGE('',*,*,#2300,.F.);
#2050=ORIENTED_EDGE('',*,*,#2302,.F.);
#2051=ORIENTED_EDGE('',*,*,#2182,.F.);
#2052=ORIENTED_EDGE('',*,*,#2184,.F.);
#2053=ORIENTED_EDGE('',*,*,#2186,.T.);
#2054=ORIENTED_EDGE('',*,*,#2188,.F.);
#2055=ORIENTED_EDGE('',*,*,#2190,.F.);
#2056=ORIENTED_EDGE('',*,*,#2192,.F.);
#2057=ORIENTED_EDGE('',*,*,#2194,.F.);
#2058=ORIENTED_EDGE('',*,*,#2195,.F.);
#2059=ORIENTED_EDGE('',*,*,#2173,.F.);
#2060=ORIENTED_EDGE('',*,*,#2176,.F.);
#2061=ORIENTED_EDGE('',*,*,#2178,.F.);
#2062=ORIENTED_EDGE('',*,*,#2180,.T.);
#2063=ORIENTED_EDGE('',*,*,#2159,.T.);
#2064=ORIENTED_EDGE('',*,*,#2153,.F.);
#2065=ORIENTED_EDGE('',*,*,#2156,.F.);
#2066=ORIENTED_EDGE('',*,*,#2158,.T.);
#2067=ORIENTED_EDGE('',*,*,#2147,.F.);
#2068=ORIENTED_EDGE('',*,*,#2125,.F.);
#2069=ORIENTED_EDGE('',*,*,#2128,.F.);
#2070=ORIENTED_EDGE('',*,*,#2130,.T.);
#2071=ORIENTED_EDGE('',*,*,#2132,.F.);
#2072=ORIENTED_EDGE('',*,*,#2134,.F.);
#2073=ORIENTED_EDGE('',*,*,#2136,.T.);
#2074=ORIENTED_EDGE('',*,*,#2138,.F.);
#2075=ORIENTED_EDGE('',*,*,#2140,.F.);
#2076=ORIENTED_EDGE('',*,*,#2142,.F.);
#2077=ORIENTED_EDGE('',*,*,#2144,.F.);
#2078=ORIENTED_EDGE('',*,*,#2146,.F.);
#2079=ORIENTED_EDGE('',*,*,#2252,.F.);
#2080=ORIENTED_EDGE('',*,*,#2254,.F.);
#2081=ORIENTED_EDGE('',*,*,#2256,.T.);
#2082=ORIENTED_EDGE('',*,*,#2258,.F.);
#2083=ORIENTED_EDGE('',*,*,#2260,.F.);
#2084=ORIENTED_EDGE('',*,*,#2262,.F.);
#2085=ORIENTED_EDGE('',*,*,#2264,.F.);
#2086=ORIENTED_EDGE('',*,*,#2266,.F.);
#2087=ORIENTED_EDGE('',*,*,#2267,.F.);
#2088=ORIENTED_EDGE('',*,*,#2245,.F.);
#2089=ORIENTED_EDGE('',*,*,#2248,.F.);
#2090=ORIENTED_EDGE('',*,*,#2250,.T.);
#2091=ORIENTED_EDGE('',*,*,#2220,.F.);
#2092=ORIENTED_EDGE('',*,*,#2222,.F.);
#2093=ORIENTED_EDGE('',*,*,#2224,.F.);
#2094=ORIENTED_EDGE('',*,*,#2226,.F.);
#2095=ORIENTED_EDGE('',*,*,#2228,.T.);
#2096=ORIENTED_EDGE('',*,*,#2230,.F.);
#2097=ORIENTED_EDGE('',*,*,#2231,.F.);
#2098=ORIENTED_EDGE('',*,*,#2209,.T.);
#2099=ORIENTED_EDGE('',*,*,#2212,.F.);
#2100=ORIENTED_EDGE('',*,*,#2214,.F.);
#2101=ORIENTED_EDGE('',*,*,#2216,.F.);
#2102=ORIENTED_EDGE('',*,*,#2218,.F.);
#2103=ORIENTED_EDGE('',*,*,#2709,.T.);
#2104=ORIENTED_EDGE('',*,*,#2705,.T.);
#2105=ORIENTED_EDGE('',*,*,#2709,.F.);
#2106=ORIENTED_EDGE('',*,*,#2710,.T.);
#2107=ORIENTED_EDGE('',*,*,#2692,.T.);
#2108=ORIENTED_EDGE('',*,*,#2711,.T.);
#2109=ORIENTED_EDGE('',*,*,#2710,.F.);
#2110=ORIENTED_EDGE('',*,*,#2711,.F.);
#2111=EDGE_CURVE('',#2712,#2712,#3128,.T.);
#2112=EDGE_CURVE('',#2713,#2714,#807,.F.);
#2113=EDGE_CURVE('',#2714,#2715,#808,.F.);
#2114=EDGE_CURVE('',#2716,#2715,#642,.T.);
#2115=EDGE_CURVE('',#2716,#2717,#3129,.T.);
#2116=EDGE_CURVE('',#2717,#2718,#3130,.T.);
#2117=EDGE_CURVE('',#2719,#2718,#643,.T.);
#2118=EDGE_CURVE('',#2719,#2720,#809,.F.);
#2119=EDGE_CURVE('',#2720,#2721,#810,.F.);
#2120=EDGE_CURVE('',#2721,#2722,#644,.T.);
#2121=EDGE_CURVE('',#2722,#2723,#3131,.T.);
#2122=EDGE_CURVE('',#2723,#2724,#811,.F.);
#2123=EDGE_CURVE('',#2724,#2713,#645,.T.);
#2124=EDGE_CURVE('',#2714,#2725,#86,.T.);
#2125=EDGE_CURVE('',#2725,#2726,#812,.F.);
#2126=EDGE_CURVE('',#2715,#2726,#87,.T.);
#2127=EDGE_CURVE('',#2713,#2727,#88,.T.);
#2128=EDGE_CURVE('',#2727,#2725,#813,.F.);
#2129=EDGE_CURVE('',#2728,#2724,#89,.T.);
#2130=EDGE_CURVE('',#2727,#2728,#646,.T.);
#2131=EDGE_CURVE('',#2723,#2729,#3132,.T.);
#2132=EDGE_CURVE('',#2729,#2728,#814,.F.);
#2133=EDGE_CURVE('',#2722,#2730,#90,.T.);
#2134=EDGE_CURVE('',#2730,#2729,#3133,.T.);
#2135=EDGE_CURVE('',#2721,#2731,#91,.T.);
#2136=EDGE_CURVE('',#2730,#2731,#647,.T.);
#2137=EDGE_CURVE('',#2720,#2732,#92,.T.);
#2138=EDGE_CURVE('',#2732,#2731,#815,.F.);
#2139=EDGE_CURVE('',#2719,#2733,#93,.T.);
#2140=EDGE_CURVE('',#2733,#2732,#816,.F.);
#2141=EDGE_CURVE('',#2734,#2718,#94,.T.);
#2142=EDGE_CURVE('',#2734,#2733,#648,.T.);
#2143=EDGE_CURVE('',#2717,#2735,#95,.T.);
#2144=EDGE_CURVE('',#2735,#2734,#3134,.T.);
#2145=EDGE_CURVE('',#2716,#2736,#96,.T.);
#2146=EDGE_CURVE('',#2736,#2735,#3135,.T.);
#2147=EDGE_CURVE('',#2726,#2736,#649,.T.);
#2148=EDGE_CURVE('',#2737,#2738,#650,.T.);
#2149=EDGE_CURVE('',#2737,#2739,#97,.T.);
#2150=EDGE_CURVE('',#2739,#2740,#651,.T.);
#2151=EDGE_CURVE('',#2738,#2740,#98,.T.);
#2152=EDGE_CURVE('',#2737,#2741,#99,.T.);
#2153=EDGE_CURVE('',#2741,#2742,#100,.T.);
#2154=EDGE_CURVE('',#2739,#2742,#101,.T.);
#2155=EDGE_CURVE('',#2738,#2743,#102,.T.);
#2156=EDGE_CURVE('',#2743,#2741,#652,.T.);
#2157=EDGE_CURVE('',#2740,#2744,#103,.T.);
#2158=EDGE_CURVE('',#2743,#2744,#104,.T.);
#2159=EDGE_CURVE('',#2744,#2742,#653,.T.);
#2160=EDGE_CURVE('',#2745,#2746,#817,.F.);
#2161=EDGE_CURVE('',#2747,#2746,#654,.T.);
#2162=EDGE_CURVE('',#2747,#2748,#3136,.T.);
#2163=EDGE_CURVE('',#2748,#2749,#3137,.T.);
#2164=EDGE_CURVE('',#2750,#2749,#655,.T.);
#2165=EDGE_CURVE('',#2750,#2751,#818,.F.);
#2166=EDGE_CURVE('',#2751,#2752,#819,.F.);
#2167=EDGE_CURVE('',#2752,#2753,#656,.T.);
#2168=EDGE_CURVE('',#2753,#2754,#3138,.T.);
#2169=EDGE_CURVE('',#2754,#2755,#3139,.T.);
#2170=EDGE_CURVE('',#2755,#2756,#657,.T.);
#2171=EDGE_CURVE('',#2756,#2745,#820,.F.);
#2172=EDGE_CURVE('',#2746,#2757,#105,.T.);
#2173=EDGE_CURVE('',#2757,#2758,#658,.T.);
#2174=EDGE_CURVE('',#2747,#2758,#106,.T.);
#2175=EDGE_CURVE('',#2745,#2759,#107,.T.);
#2176=EDGE_CURVE('',#2759,#2757,#821,.F.);
#2177=EDGE_CURVE('',#2756,#2760,#108,.T.);
#2178=EDGE_CURVE('',#2760,#2759,#822,.F.);
#2179=EDGE_CURVE('',#2761,#2755,#109,.T.);
#2180=EDGE_CURVE('',#2760,#2761,#659,.T.);
#2181=EDGE_CURVE('',#2754,#2762,#110,.T.);
#2182=EDGE_CURVE('',#2762,#2761,#3140,.T.);
#2183=EDGE_CURVE('',#2753,#2763,#111,.T.);
#2184=EDGE_CURVE('',#2763,#2762,#3141,.T.);
#2185=EDGE_CURVE('',#2752,#2764,#112,.T.);
#2186=EDGE_CURVE('',#2763,#2764,#660,.T.);
#2187=EDGE_CURVE('',#2751,#2765,#113,.T.);
#2188=EDGE_CURVE('',#2765,#2764,#823,.F.);
#2189=EDGE_CURVE('',#2750,#2766,#114,.T.);
#2190=EDGE_CURVE('',#2766,#2765,#824,.F.);
#2191=EDGE_CURVE('',#2767,#2749,#115,.T.);
#2192=EDGE_CURVE('',#2767,#2766,#661,.T.);
#2193=EDGE_CURVE('',#2748,#2768,#116,.T.);
#2194=EDGE_CURVE('',#2768,#2767,#3142,.T.);
#2195=EDGE_CURVE('',#2758,#2768,#3143,.T.);
#2196=EDGE_CURVE('',#2769,#2770,#825,.F.);
#2197=EDGE_CURVE('',#2770,#2771,#662,.T.);
#2198=EDGE_CURVE('',#2771,#2772,#3144,.T.);
#2199=EDGE_CURVE('',#2772,#2773,#3145,.T.);
#2200=EDGE_CURVE('',#2773,#2774,#663,.T.);
#2201=EDGE_CURVE('',#2774,#2775,#826,.F.);
#2202=EDGE_CURVE('',#2775,#2776,#827,.F.);
#2203=EDGE_CURVE('',#2777,#2776,#664,.T.);
#2204=EDGE_CURVE('',#2777,#2778,#3146,.T.);
#2205=EDGE_CURVE('',#2778,#2779,#3147,.T.);
#2206=EDGE_CURVE('',#2780,#2779,#665,.T.);
#2207=EDGE_CURVE('',#2780,#2769,#828,.F.);
#2208=EDGE_CURVE('',#2770,#2781,#117,.T.);
#2209=EDGE_CURVE('',#2782,#2781,#666,.T.);
#2210=EDGE_CURVE('',#2771,#2782,#118,.T.);
#2211=EDGE_CURVE('',#2769,#2783,#119,.T.);
#2212=EDGE_CURVE('',#2783,#2781,#829,.F.);
#2213=EDGE_CURVE('',#2780,#2784,#120,.T.);
#2214=EDGE_CURVE('',#2784,#2783,#830,.F.);
#2215=EDGE_CURVE('',#2785,#2779,#121,.T.);
#2216=EDGE_CURVE('',#2785,#2784,#667,.T.);
#2217=EDGE_CURVE('',#2778,#2786,#122,.T.);
#2218=EDGE_CURVE('',#2786,#2785,#3148,.T.);
#2219=EDGE_CURVE('',#2777,#2787,#123,.T.);
#2220=EDGE_CURVE('',#2787,#2786,#3149,.T.);
#2221=EDGE_CURVE('',#2776,#2788,#124,.T.);
#2222=EDGE_CURVE('',#2788,#2787,#668,.T.);
#2223=EDGE_CURVE('',#2775,#2789,#125,.T.);
#2224=EDGE_CURVE('',#2789,#2788,#831,.F.);
#2225=EDGE_CURVE('',#2774,#2790,#126,.T.);
#2226=EDGE_CURVE('',#2790,#2789,#832,.F.);
#2227=EDGE_CURVE('',#2791,#2773,#127,.T.);
#2228=EDGE_CURVE('',#2790,#2791,#669,.T.);
#2229=EDGE_CURVE('',#2772,#2792,#128,.T.);
#2230=EDGE_CURVE('',#2792,#2791,#3150,.T.);
#2231=EDGE_CURVE('',#2782,#2792,#3151,.T.);
#2232=EDGE_CURVE('',#2793,#2794,#833,.F.);
#2233=EDGE_CURVE('',#2794,#2795,#834,.F.);
#2234=EDGE_CURVE('',#2796,#2795,#670,.T.);
#2235=EDGE_CURVE('',#2796,#2797,#3152,.T.);
#2236=EDGE_CURVE('',#2797,#2798,#3153,.T.);
#2237=EDGE_CURVE('',#2799,#2798,#671,.T.);
#2238=EDGE_CURVE('',#2799,#2800,#835,.F.);
#2239=EDGE_CURVE('',#2800,#2801,#836,.F.);
#2240=EDGE_CURVE('',#2801,#2802,#672,.T.);
#2241=EDGE_CURVE('',#2802,#2803,#3154,.T.);
#2242=EDGE_CURVE('',#2803,#2804,#3155,.T.);
#2243=EDGE_CURVE('',#2804,#2793,#673,.T.);
#2244=EDGE_CURVE('',#2794,#2805,#129,.T.);
#2245=EDGE_CURVE('',#2805,#2806,#837,.F.);
#2246=EDGE_CURVE('',#2795,#2806,#130,.T.);
#2247=EDGE_CURVE('',#2793,#2807,#131,.T.);
#2248=EDGE_CURVE('',#2807,#2805,#838,.F.);
#2249=EDGE_CURVE('',#2808,#2804,#132,.T.);
#2250=EDGE_CURVE('',#2807,#2808,#674,.T.);
#2251=EDGE_CURVE('',#2803,#2809,#133,.T.);
#2252=EDGE_CURVE('',#2809,#2808,#3156,.T.);
#2253=EDGE_CURVE('',#2802,#2810,#134,.T.);
#2254=EDGE_CURVE('',#2810,#2809,#3157,.T.);
#2255=EDGE_CURVE('',#2801,#2811,#135,.T.);
#2256=EDGE_CURVE('',#2810,#2811,#675,.T.);
#2257=EDGE_CURVE('',#2800,#2812,#136,.T.);
#2258=EDGE_CURVE('',#2812,#2811,#839,.F.);
#2259=EDGE_CURVE('',#2799,#2813,#137,.T.);
#2260=EDGE_CURVE('',#2813,#2812,#840,.F.);
#2261=EDGE_CURVE('',#2814,#2798,#138,.T.);
#2262=EDGE_CURVE('',#2814,#2813,#676,.T.);
#2263=EDGE_CURVE('',#2797,#2815,#139,.T.);
#2264=EDGE_CURVE('',#2815,#2814,#3158,.T.);
#2265=EDGE_CURVE('',#2796,#2816,#140,.T.);
#2266=EDGE_CURVE('',#2816,#2815,#3159,.T.);
#2267=EDGE_CURVE('',#2806,#2816,#677,.T.);
#2268=EDGE_CURVE('',#2817,#2818,#841,.F.);
#2269=EDGE_CURVE('',#2818,#2819,#678,.T.);
#2270=EDGE_CURVE('',#2819,#2820,#842,.F.);
#2271=EDGE_CURVE('',#2820,#2821,#843,.F.);
#2272=EDGE_CURVE('',#2822,#2821,#679,.T.);
#2273=EDGE_CURVE('',#2822,#2823,#3160,.T.);
#2274=EDGE_CURVE('',#2823,#2824,#3161,.T.);
#2275=EDGE_CURVE('',#2825,#2824,#680,.T.);
#2276=EDGE_CURVE('',#2825,#2826,#844,.F.);
#2277=EDGE_CURVE('',#2826,#2827,#845,.F.);
#2278=EDGE_CURVE('',#2827,#2828,#681,.T.);
#2279=EDGE_CURVE('',#2828,#2817,#3162,.T.);
#2280=EDGE_CURVE('',#2829,#2818,#141,.T.);
#2281=EDGE_CURVE('',#2830,#2829,#682,.T.);
#2282=EDGE_CURVE('',#2819,#2830,#142,.T.);
#2283=EDGE_CURVE('',#2817,#2831,#3163,.T.);
#2284=EDGE_CURVE('',#2831,#2829,#846,.F.);
#2285=EDGE_CURVE('',#2828,#2832,#143,.T.);
#2286=EDGE_CURVE('',#2832,#2831,#3164,.T.);
#2287=EDGE_CURVE('',#2827,#2833,#144,.T.);
#2288=EDGE_CURVE('',#2832,#2833,#683,.T.);
#2289=EDGE_CURVE('',#2826,#2834,#145,.T.);
#2290=EDGE_CURVE('',#2834,#2833,#847,.F.);
#2291=EDGE_CURVE('',#2825,#2835,#146,.T.);
#2292=EDGE_CURVE('',#2835,#2834,#848,.F.);
#2293=EDGE_CURVE('',#2836,#2824,#147,.T.);
#2294=EDGE_CURVE('',#2836,#2835,#684,.T.);
#2295=EDGE_CURVE('',#2823,#2837,#148,.T.);
#2296=EDGE_CURVE('',#2837,#2836,#3165,.T.);
#2297=EDGE_CURVE('',#2822,#2838,#149,.T.);
#2298=EDGE_CURVE('',#2838,#2837,#3166,.T.);
#2299=EDGE_CURVE('',#2821,#2839,#150,.T.);
#2300=EDGE_CURVE('',#2839,#2838,#685,.T.);
#2301=EDGE_CURVE('',#2820,#2840,#151,.T.);
#2302=EDGE_CURVE('',#2840,#2839,#849,.F.);
#2303=EDGE_CURVE('',#2830,#2840,#850,.F.);
#2304=EDGE_CURVE('',#2841,#2842,#851,.F.);
#2305=EDGE_CURVE('',#2842,#2843,#852,.F.);
#2306=EDGE_CURVE('',#2843,#2844,#686,.T.);
#2307=EDGE_CURVE('',#2844,#2845,#3167,.T.);
#2308=EDGE_CURVE('',#2845,#2846,#3168,.T.);
#2309=EDGE_CURVE('',#2846,#2847,#687,.T.);
#2310=EDGE_CURVE('',#2847,#2848,#853,.F.);
#2311=EDGE_CURVE('',#2848,#2849,#854,.F.);
#2312=EDGE_CURVE('',#2850,#2849,#688,.T.);
#2313=EDGE_CURVE('',#2850,#2851,#3169,.T.);
#2314=EDGE_CURVE('',#2851,#2852,#3170,.T.);
#2315=EDGE_CURVE('',#2841,#2852,#689,.T.);
#2316=EDGE_CURVE('',#2842,#2853,#152,.T.);
#2317=EDGE_CURVE('',#2853,#2854,#855,.F.);
#2318=EDGE_CURVE('',#2843,#2854,#153,.T.);
#2319=EDGE_CURVE('',#2841,#2855,#154,.T.);
#2320=EDGE_CURVE('',#2855,#2853,#856,.F.);
#2321=EDGE_CURVE('',#2856,#2852,#155,.T.);
#2322=EDGE_CURVE('',#2856,#2855,#690,.T.);
#2323=EDGE_CURVE('',#2851,#2857,#156,.T.);
#2324=EDGE_CURVE('',#2857,#2856,#3171,.T.);
#2325=EDGE_CURVE('',#2850,#2858,#157,.T.);
#2326=EDGE_CURVE('',#2858,#2857,#3172,.T.);
#2327=EDGE_CURVE('',#2849,#2859,#158,.T.);
#2328=EDGE_CURVE('',#2859,#2858,#691,.T.);
#2329=EDGE_CURVE('',#2848,#2860,#159,.T.);
#2330=EDGE_CURVE('',#2860,#2859,#857,.F.);
#2331=EDGE_CURVE('',#2847,#2861,#160,.T.);
#2332=EDGE_CURVE('',#2861,#2860,#858,.F.);
#2333=EDGE_CURVE('',#2862,#2846,#161,.T.);
#2334=EDGE_CURVE('',#2861,#2862,#692,.T.);
#2335=EDGE_CURVE('',#2845,#2863,#162,.T.);
#2336=EDGE_CURVE('',#2863,#2862,#3173,.T.);
#2337=EDGE_CURVE('',#2844,#2864,#163,.T.);
#2338=EDGE_CURVE('',#2864,#2863,#3174,.T.);
#2339=EDGE_CURVE('',#2864,#2854,#693,.T.);
#2340=EDGE_CURVE('',#2865,#2866,#859,.F.);
#2341=EDGE_CURVE('',#2867,#2866,#694,.T.);
#2342=EDGE_CURVE('',#2867,#2868,#3175,.T.);
#2343=EDGE_CURVE('',#2868,#2869,#3176,.T.);
#2344=EDGE_CURVE('',#2870,#2869,#695,.T.);
#2345=EDGE_CURVE('',#2870,#2871,#860,.F.);
#2346=EDGE_CURVE('',#2871,#2872,#861,.F.);
#2347=EDGE_CURVE('',#2872,#2873,#696,.T.);
#2348=EDGE_CURVE('',#2873,#2874,#3177,.T.);
#2349=EDGE_CURVE('',#2874,#2875,#3178,.T.);
#2350=EDGE_CURVE('',#2875,#2876,#697,.T.);
#2351=EDGE_CURVE('',#2876,#2865,#862,.F.);
#2352=EDGE_CURVE('',#2866,#2877,#164,.T.);
#2353=EDGE_CURVE('',#2877,#2878,#698,.T.);
#2354=EDGE_CURVE('',#2867,#2878,#165,.T.);
#2355=EDGE_CURVE('',#2865,#2879,#166,.T.);
#2356=EDGE_CURVE('',#2879,#2877,#863,.F.);
#2357=EDGE_CURVE('',#2876,#2880,#167,.T.);
#2358=EDGE_CURVE('',#2880,#2879,#864,.F.);
#2359=EDGE_CURVE('',#2881,#2875,#168,.T.);
#2360=EDGE_CURVE('',#2880,#2881,#699,.T.);
#2361=EDGE_CURVE('',#2874,#2882,#169,.T.);
#2362=EDGE_CURVE('',#2882,#2881,#3179,.T.);
#2363=EDGE_CURVE('',#2873,#2883,#170,.T.);
#2364=EDGE_CURVE('',#2883,#2882,#3180,.T.);
#2365=EDGE_CURVE('',#2872,#2884,#171,.T.);
#2366=EDGE_CURVE('',#2883,#2884,#700,.T.);
#2367=EDGE_CURVE('',#2871,#2885,#172,.T.);
#2368=EDGE_CURVE('',#2885,#2884,#865,.F.);
#2369=EDGE_CURVE('',#2870,#2886,#173,.T.);
#2370=EDGE_CURVE('',#2886,#2885,#866,.F.);
#2371=EDGE_CURVE('',#2887,#2869,#174,.T.);
#2372=EDGE_CURVE('',#2887,#2886,#701,.T.);
#2373=EDGE_CURVE('',#2868,#2888,#175,.T.);
#2374=EDGE_CURVE('',#2888,#2887,#3181,.T.);
#2375=EDGE_CURVE('',#2878,#2888,#3182,.T.);
#2376=EDGE_CURVE('',#2889,#2890,#867,.F.);
#2377=EDGE_CURVE('',#2890,#2891,#868,.F.);
#2378=EDGE_CURVE('',#2891,#2892,#702,.T.);
#2379=EDGE_CURVE('',#2892,#2893,#3183,.T.);
#2380=EDGE_CURVE('',#2893,#2894,#869,.F.);
#2381=EDGE_CURVE('',#2894,#2895,#703,.T.);
#2382=EDGE_CURVE('',#2895,#2896,#870,.F.);
#2383=EDGE_CURVE('',#2896,#2897,#871,.F.);
#2384=EDGE_CURVE('',#2898,#2897,#704,.T.);
#2385=EDGE_CURVE('',#2898,#2899,#3184,.T.);
#2386=EDGE_CURVE('',#2899,#2900,#3185,.T.);
#2387=EDGE_CURVE('',#2889,#2900,#705,.T.);
#2388=EDGE_CURVE('',#2890,#2901,#176,.T.);
#2389=EDGE_CURVE('',#2901,#2902,#872,.F.);
#2390=EDGE_CURVE('',#2902,#2891,#177,.T.);
#2391=EDGE_CURVE('',#2889,#2903,#178,.T.);
#2392=EDGE_CURVE('',#2903,#2901,#873,.F.);
#2393=EDGE_CURVE('',#2904,#2900,#179,.T.);
#2394=EDGE_CURVE('',#2904,#2903,#706,.T.);
#2395=EDGE_CURVE('',#2899,#2905,#180,.T.);
#2396=EDGE_CURVE('',#2905,#2904,#3186,.T.);
#2397=EDGE_CURVE('',#2898,#2906,#181,.T.);
#2398=EDGE_CURVE('',#2906,#2905,#3187,.T.);
#2399=EDGE_CURVE('',#2897,#2907,#182,.T.);
#2400=EDGE_CURVE('',#2907,#2906,#707,.T.);
#2401=EDGE_CURVE('',#2896,#2908,#183,.T.);
#2402=EDGE_CURVE('',#2908,#2907,#874,.F.);
#2403=EDGE_CURVE('',#2895,#2909,#184,.T.);
#2404=EDGE_CURVE('',#2909,#2908,#875,.F.);
#2405=EDGE_CURVE('',#2910,#2894,#185,.T.);
#2406=EDGE_CURVE('',#2909,#2910,#708,.T.);
#2407=EDGE_CURVE('',#2893,#2911,#3188,.T.);
#2408=EDGE_CURVE('',#2911,#2910,#876,.F.);
#2409=EDGE_CURVE('',#2892,#2912,#186,.T.);
#2410=EDGE_CURVE('',#2912,#2911,#3189,.T.);
#2411=EDGE_CURVE('',#2912,#2902,#709,.T.);
#2412=EDGE_CURVE('',#2913,#2914,#3190,.T.);
#2413=EDGE_CURVE('',#2914,#2915,#3191,.T.);
#2414=EDGE_CURVE('',#2916,#2915,#710,.T.);
#2415=EDGE_CURVE('',#2916,#2917,#877,.F.);
#2416=EDGE_CURVE('',#2917,#2918,#878,.F.);
#2417=EDGE_CURVE('',#2918,#2919,#711,.T.);
#2418=EDGE_CURVE('',#2919,#2920,#3192,.T.);
#2419=EDGE_CURVE('',#2920,#2921,#3193,.T.);
#2420=EDGE_CURVE('',#2921,#2922,#712,.T.);
#2421=EDGE_CURVE('',#2922,#2923,#879,.F.);
#2422=EDGE_CURVE('',#2923,#2924,#880,.F.);
#2423=EDGE_CURVE('',#2913,#2924,#713,.T.);
#2424=EDGE_CURVE('',#2914,#2925,#187,.T.);
#2425=EDGE_CURVE('',#2925,#2926,#3194,.T.);
#2426=EDGE_CURVE('',#2926,#2915,#188,.T.);
#2427=EDGE_CURVE('',#2913,#2927,#189,.T.);
#2428=EDGE_CURVE('',#2927,#2925,#3195,.T.);
#2429=EDGE_CURVE('',#2924,#2928,#190,.T.);
#2430=EDGE_CURVE('',#2928,#2927,#714,.T.);
#2431=EDGE_CURVE('',#2923,#2929,#191,.T.);
#2432=EDGE_CURVE('',#2929,#2928,#881,.F.);
#2433=EDGE_CURVE('',#2922,#2930,#192,.T.);
#2434=EDGE_CURVE('',#2930,#2929,#882,.F.);
#2435=EDGE_CURVE('',#2931,#2921,#193,.T.);
#2436=EDGE_CURVE('',#2930,#2931,#715,.T.);
#2437=EDGE_CURVE('',#2920,#2932,#194,.T.);
#2438=EDGE_CURVE('',#2932,#2931,#3196,.T.);
#2439=EDGE_CURVE('',#2919,#2933,#195,.T.);
#2440=EDGE_CURVE('',#2933,#2932,#3197,.T.);
#2441=EDGE_CURVE('',#2918,#2934,#196,.T.);
#2442=EDGE_CURVE('',#2933,#2934,#716,.T.);
#2443=EDGE_CURVE('',#2917,#2935,#197,.T.);
#2444=EDGE_CURVE('',#2935,#2934,#883,.F.);
#2445=EDGE_CURVE('',#2916,#2936,#198,.T.);
#2446=EDGE_CURVE('',#2936,#2935,#884,.F.);
#2447=EDGE_CURVE('',#2926,#2936,#717,.T.);
#2448=EDGE_CURVE('',#2937,#2938,#199,.T.);
#2449=EDGE_CURVE('',#2938,#2937,#3198,.T.);
#2450=EDGE_CURVE('',#2939,#2940,#3199,.T.);
#2451=EDGE_CURVE('',#2940,#2941,#200,.T.);
#2452=EDGE_CURVE('',#2941,#2942,#718,.T.);
#2453=EDGE_CURVE('',#2943,#2942,#201,.T.);
#2454=EDGE_CURVE('',#2943,#2944,#3200,.T.);
#2455=EDGE_CURVE('',#2944,#2945,#719,.T.);
#2456=EDGE_CURVE('',#2945,#2939,#3201,.T.);
#2457=EDGE_CURVE('',#2946,#2947,#202,.T.);
#2458=EDGE_CURVE('',#2947,#2946,#3202,.T.);
#2459=EDGE_CURVE('',#2940,#2948,#203,.T.);
#2460=EDGE_CURVE('',#2948,#2949,#204,.T.);
#2461=EDGE_CURVE('',#2941,#2949,#205,.T.);
#2462=EDGE_CURVE('',#2946,#2937,#206,.T.);
#2463=EDGE_CURVE('',#2947,#2938,#207,.T.);
#2464=EDGE_CURVE('',#2939,#2950,#208,.T.);
#2465=EDGE_CURVE('',#2950,#2948,#3203,.T.);
#2466=EDGE_CURVE('',#2945,#2951,#209,.T.);
#2467=EDGE_CURVE('',#2951,#2950,#3204,.T.);
#2468=EDGE_CURVE('',#2952,#2944,#210,.T.);
#2469=EDGE_CURVE('',#2951,#2952,#720,.T.);
#2470=EDGE_CURVE('',#2943,#2953,#211,.T.);
#2471=EDGE_CURVE('',#2953,#2952,#3205,.T.);
#2472=EDGE_CURVE('',#2942,#2954,#212,.T.);
#2473=EDGE_CURVE('',#2953,#2954,#213,.T.);
#2474=EDGE_CURVE('',#2954,#2949,#721,.T.);
#2475=EDGE_CURVE('',#2955,#2956,#3206,.T.);
#2476=EDGE_CURVE('',#2956,#2957,#885,.F.);
#2477=EDGE_CURVE('',#2957,#2958,#3207,.T.);
#2478=EDGE_CURVE('',#2958,#2955,#886,.F.);
#2479=EDGE_CURVE('',#2956,#2959,#3208,.T.);
#2480=EDGE_CURVE('',#2959,#2960,#887,.F.);
#2481=EDGE_CURVE('',#2957,#2960,#3209,.F.);
#2482=EDGE_CURVE('',#2955,#2961,#3210,.F.);
#2483=EDGE_CURVE('',#2961,#2959,#3211,.T.);
#2484=EDGE_CURVE('',#2958,#2962,#3212,.T.);
#2485=EDGE_CURVE('',#2962,#2961,#888,.F.);
#2486=EDGE_CURVE('',#2960,#2962,#3213,.T.);
#2487=EDGE_CURVE('',#2963,#2964,#722,.T.);
#2488=EDGE_CURVE('',#2965,#2963,#214,.T.);
#2489=EDGE_CURVE('',#2965,#2966,#723,.T.);
#2490=EDGE_CURVE('',#2967,#2966,#215,.T.);
#2491=EDGE_CURVE('',#2968,#2967,#724,.T.);
#2492=EDGE_CURVE('',#2968,#2969,#216,.T.);
#2493=EDGE_CURVE('',#2969,#2970,#725,.T.);
#2494=EDGE_CURVE('',#2971,#2970,#217,.T.);
#2495=EDGE_CURVE('',#2972,#2971,#726,.T.);
#2496=EDGE_CURVE('',#2973,#2972,#218,.T.);
#2497=EDGE_CURVE('',#2973,#2974,#727,.T.);
#2498=EDGE_CURVE('',#2964,#2974,#219,.T.);
#2499=EDGE_CURVE('',#2963,#2975,#220,.T.);
#2500=EDGE_CURVE('',#2976,#2975,#221,.T.);
#2501=EDGE_CURVE('',#2965,#2976,#222,.T.);
#2502=EDGE_CURVE('',#2964,#2977,#223,.T.);
#2503=EDGE_CURVE('',#2977,#2975,#728,.T.);
#2504=EDGE_CURVE('',#2974,#2978,#224,.T.);
#2505=EDGE_CURVE('',#2977,#2978,#225,.T.);
#2506=EDGE_CURVE('',#2973,#2979,#226,.T.);
#2507=EDGE_CURVE('',#2978,#2979,#729,.T.);
#2508=EDGE_CURVE('',#2972,#2980,#227,.T.);
#2509=EDGE_CURVE('',#2979,#2980,#228,.T.);
#2510=EDGE_CURVE('',#2971,#2981,#229,.T.);
#2511=EDGE_CURVE('',#2981,#2980,#730,.T.);
#2512=EDGE_CURVE('',#2970,#2982,#230,.T.);
#2513=EDGE_CURVE('',#2981,#2982,#231,.T.);
#2514=EDGE_CURVE('',#2969,#2983,#232,.T.);
#2515=EDGE_CURVE('',#2982,#2983,#731,.T.);
#2516=EDGE_CURVE('',#2968,#2984,#233,.T.);
#2517=EDGE_CURVE('',#2984,#2983,#234,.T.);
#2518=EDGE_CURVE('',#2967,#2985,#235,.T.);
#2519=EDGE_CURVE('',#2985,#2984,#732,.T.);
#2520=EDGE_CURVE('',#2966,#2986,#236,.T.);
#2521=EDGE_CURVE('',#2985,#2986,#237,.T.);
#2522=EDGE_CURVE('',#2986,#2976,#733,.T.);
#2523=EDGE_CURVE('',#2987,#2988,#238,.T.);
#2524=EDGE_CURVE('',#2989,#2987,#734,.T.);
#2525=EDGE_CURVE('',#2989,#2990,#239,.T.);
#2526=EDGE_CURVE('',#2990,#2991,#889,.F.);
#2527=EDGE_CURVE('',#2992,#2991,#735,.T.);
#2528=EDGE_CURVE('',#2992,#2993,#240,.T.);
#2529=EDGE_CURVE('',#2993,#2994,#736,.T.);
#2530=EDGE_CURVE('',#2995,#2994,#241,.T.);
#2531=EDGE_CURVE('',#2995,#2996,#890,.F.);
#2532=EDGE_CURVE('',#2996,#2988,#737,.T.);
#2533=EDGE_CURVE('',#2987,#2997,#242,.T.);
#2534=EDGE_CURVE('',#2997,#2998,#738,.T.);
#2535=EDGE_CURVE('',#2989,#2998,#243,.T.);
#2536=EDGE_CURVE('',#2988,#2999,#244,.T.);
#2537=EDGE_CURVE('',#2997,#2999,#245,.T.);
#2538=EDGE_CURVE('',#2996,#3000,#246,.T.);
#2539=EDGE_CURVE('',#2999,#3000,#739,.T.);
#2540=EDGE_CURVE('',#2995,#3001,#3214,.T.);
#2541=EDGE_CURVE('',#3001,#3000,#891,.F.);
#2542=EDGE_CURVE('',#2994,#3002,#247,.T.);
#2543=EDGE_CURVE('',#3001,#3002,#248,.T.);
#2544=EDGE_CURVE('',#2993,#3003,#249,.T.);
#2545=EDGE_CURVE('',#3002,#3003,#740,.T.);
#2546=EDGE_CURVE('',#2992,#3004,#250,.T.);
#2547=EDGE_CURVE('',#3004,#3003,#251,.T.);
#2548=EDGE_CURVE('',#2991,#3005,#252,.T.);
#2549=EDGE_CURVE('',#3005,#3004,#741,.T.);
#2550=EDGE_CURVE('',#2990,#3006,#3215,.T.);
#2551=EDGE_CURVE('',#3006,#3005,#892,.F.);
#2552=EDGE_CURVE('',#2998,#3006,#253,.T.);
#2553=EDGE_CURVE('',#3007,#3008,#742,.T.);
#2554=EDGE_CURVE('',#3009,#3007,#254,.T.);
#2555=EDGE_CURVE('',#3010,#3009,#743,.T.);
#2556=EDGE_CURVE('',#3010,#3011,#255,.T.);
#2557=EDGE_CURVE('',#3011,#3012,#744,.T.);
#2558=EDGE_CURVE('',#3008,#3012,#256,.T.);
#2559=EDGE_CURVE('',#3007,#3013,#257,.T.);
#2560=EDGE_CURVE('',#3014,#3013,#258,.T.);
#2561=EDGE_CURVE('',#3009,#3014,#259,.T.);
#2562=EDGE_CURVE('',#3008,#3015,#260,.T.);
#2563=EDGE_CURVE('',#3015,#3013,#745,.T.);
#2564=EDGE_CURVE('',#3012,#3016,#261,.T.);
#2565=EDGE_CURVE('',#3015,#3016,#262,.T.);
#2566=EDGE_CURVE('',#3011,#3017,#263,.T.);
#2567=EDGE_CURVE('',#3016,#3017,#746,.T.);
#2568=EDGE_CURVE('',#3010,#3018,#264,.T.);
#2569=EDGE_CURVE('',#3018,#3017,#265,.T.);
#2570=EDGE_CURVE('',#3014,#3018,#747,.T.);
#2571=EDGE_CURVE('',#3019,#3020,#3216,.T.);
#2572=EDGE_CURVE('',#3020,#3021,#3217,.T.);
#2573=EDGE_CURVE('',#3021,#3019,#893,.F.);
#2574=EDGE_CURVE('',#3022,#3022,#3218,.T.);
#2575=EDGE_CURVE('',#3020,#3023,#266,.T.);
#2576=EDGE_CURVE('',#3023,#3024,#3219,.T.);
#2577=EDGE_CURVE('',#3021,#3024,#3220,.T.);
#2578=EDGE_CURVE('',#3019,#3025,#3221,.F.);
#2579=EDGE_CURVE('',#3025,#3023,#3222,.T.);
#2580=EDGE_CURVE('',#3024,#3025,#894,.F.);
#2581=EDGE_CURVE('',#3026,#3027,#267,.T.);
#2582=EDGE_CURVE('',#3027,#3028,#748,.T.);
#2583=EDGE_CURVE('',#3029,#3028,#268,.T.);
#2584=EDGE_CURVE('',#3030,#3029,#749,.T.);
#2585=EDGE_CURVE('',#3030,#3031,#3223,.T.);
#2586=EDGE_CURVE('',#3031,#3032,#269,.T.);
#2587=EDGE_CURVE('',#3032,#3026,#3224,.T.);
#2588=EDGE_CURVE('',#3027,#3033,#270,.T.);
#2589=EDGE_CURVE('',#3034,#3033,#750,.T.);
#2590=EDGE_CURVE('',#3028,#3034,#271,.T.);
#2591=EDGE_CURVE('',#3026,#3035,#272,.T.);
#2592=EDGE_CURVE('',#3035,#3033,#273,.T.);
#2593=EDGE_CURVE('',#3032,#3036,#274,.T.);
#2594=EDGE_CURVE('',#3036,#3035,#3225,.T.);
#2595=EDGE_CURVE('',#3031,#3037,#275,.T.);
#2596=EDGE_CURVE('',#3037,#3036,#276,.T.);
#2597=EDGE_CURVE('',#3030,#3038,#277,.T.);
#2598=EDGE_CURVE('',#3038,#3037,#3226,.T.);
#2599=EDGE_CURVE('',#3029,#3039,#278,.T.);
#2600=EDGE_CURVE('',#3039,#3038,#751,.T.);
#2601=EDGE_CURVE('',#3039,#3034,#279,.T.);
#2602=EDGE_CURVE('',#3040,#3041,#3227,.T.);
#2603=EDGE_CURVE('',#3041,#3042,#895,.F.);
#2604=EDGE_CURVE('',#3042,#3043,#3228,.T.);
#2605=EDGE_CURVE('',#3043,#3044,#3229,.T.);
#2606=EDGE_CURVE('',#3044,#3045,#896,.F.);
#2607=EDGE_CURVE('',#3045,#3046,#3230,.T.);
#2608=EDGE_CURVE('',#3046,#3040,#897,.F.);
#2609=EDGE_CURVE('',#3041,#3047,#3231,.T.);
#2610=EDGE_CURVE('',#3047,#3048,#898,.F.);
#2611=EDGE_CURVE('',#3042,#3048,#3232,.F.);
#2612=EDGE_CURVE('',#3040,#3049,#3233,.F.);
#2613=EDGE_CURVE('',#3049,#3047,#3234,.T.);
#2614=EDGE_CURVE('',#3046,#3050,#3235,.T.);
#2615=EDGE_CURVE('',#3050,#3049,#899,.F.);
#2616=EDGE_CURVE('',#3045,#3051,#3236,.F.);
#2617=EDGE_CURVE('',#3051,#3050,#3237,.T.);
#2618=EDGE_CURVE('',#3044,#3052,#3238,.T.);
#2619=EDGE_CURVE('',#3052,#3051,#900,.F.);
#2620=EDGE_CURVE('',#3043,#3053,#280,.T.);
#2621=EDGE_CURVE('',#3053,#3052,#3239,.T.);
#2622=EDGE_CURVE('',#3048,#3053,#3240,.T.);
#2623=EDGE_CURVE('',#3054,#3055,#3241,.T.);
#2624=EDGE_CURVE('',#3055,#3056,#3242,.T.);
#2625=EDGE_CURVE('',#3057,#3056,#752,.T.);
#2626=EDGE_CURVE('',#3057,#3058,#901,.F.);
#2627=EDGE_CURVE('',#3058,#3059,#902,.F.);
#2628=EDGE_CURVE('',#3059,#3060,#753,.T.);
#2629=EDGE_CURVE('',#3060,#3061,#3243,.T.);
#2630=EDGE_CURVE('',#3061,#3062,#3244,.T.);
#2631=EDGE_CURVE('',#3062,#3063,#754,.T.);
#2632=EDGE_CURVE('',#3063,#3064,#903,.F.);
#2633=EDGE_CURVE('',#3064,#3065,#904,.F.);
#2634=EDGE_CURVE('',#3054,#3065,#755,.T.);
#2635=EDGE_CURVE('',#3055,#3066,#281,.T.);
#2636=EDGE_CURVE('',#3066,#3067,#3245,.T.);
#2637=EDGE_CURVE('',#3067,#3056,#282,.T.);
#2638=EDGE_CURVE('',#3054,#3068,#283,.T.);
#2639=EDGE_CURVE('',#3068,#3066,#3246,.T.);
#2640=EDGE_CURVE('',#3065,#3069,#284,.T.);
#2641=EDGE_CURVE('',#3069,#3068,#756,.T.);
#2642=EDGE_CURVE('',#3064,#3070,#285,.T.);
#2643=EDGE_CURVE('',#3070,#3069,#905,.F.);
#2644=EDGE_CURVE('',#3063,#3071,#286,.T.);
#2645=EDGE_CURVE('',#3071,#3070,#906,.F.);
#2646=EDGE_CURVE('',#3072,#3062,#287,.T.);
#2647=EDGE_CURVE('',#3071,#3072,#757,.T.);
#2648=EDGE_CURVE('',#3061,#3073,#288,.T.);
#2649=EDGE_CURVE('',#3073,#3072,#3247,.T.);
#2650=EDGE_CURVE('',#3060,#3074,#289,.T.);
#2651=EDGE_CURVE('',#3074,#3073,#3248,.T.);
#2652=EDGE_CURVE('',#3059,#3075,#290,.T.);
#2653=EDGE_CURVE('',#3074,#3075,#758,.T.);
#2654=EDGE_CURVE('',#3058,#3076,#291,.T.);
#2655=EDGE_CURVE('',#3076,#3075,#907,.F.);
#2656=EDGE_CURVE('',#3057,#3077,#292,.T.);
#2657=EDGE_CURVE('',#3077,#3076,#908,.F.);
#2658=EDGE_CURVE('',#3067,#3077,#759,.T.);
#2659=EDGE_CURVE('',#3078,#3079,#293,.T.);
#2660=EDGE_CURVE('',#3079,#3080,#3249,.T.);
#2661=EDGE_CURVE('',#3081,#3080,#294,.T.);
#2662=EDGE_CURVE('',#3082,#3081,#3250,.T.);
#2663=EDGE_CURVE('',#3083,#3082,#3251,.T.);
#2664=EDGE_CURVE('',#3078,#3083,#3252,.T.);
#2665=EDGE_CURVE('',#3084,#3084,#760,.T.);
#2666=EDGE_CURVE('',#3085,#3085,#761,.T.);
#2667=EDGE_CURVE('',#3086,#3086,#762,.T.);
#2668=EDGE_CURVE('',#3087,#3087,#763,.T.);
#2669=EDGE_CURVE('',#3088,#3088,#764,.T.);
#2670=EDGE_CURVE('',#3089,#3089,#765,.T.);
#2671=EDGE_CURVE('',#3090,#3090,#766,.T.);
#2672=EDGE_CURVE('',#3091,#3091,#767,.T.);
#2673=EDGE_CURVE('',#3092,#3092,#768,.T.);
#2674=EDGE_CURVE('',#3093,#3093,#769,.T.);
#2675=EDGE_CURVE('',#3094,#3094,#770,.T.);
#2676=EDGE_CURVE('',#3095,#3095,#771,.T.);
#2677=EDGE_CURVE('',#3096,#3096,#772,.T.);
#2678=EDGE_CURVE('',#3097,#3097,#773,.T.);
#2679=EDGE_CURVE('',#3098,#3098,#774,.T.);
#2680=EDGE_CURVE('',#3099,#3099,#775,.T.);
#2681=EDGE_CURVE('',#3100,#3100,#776,.T.);
#2682=EDGE_CURVE('',#3101,#3101,#777,.T.);
#2683=EDGE_CURVE('',#3102,#3102,#778,.T.);
#2684=EDGE_CURVE('',#3103,#3103,#779,.T.);
#2685=EDGE_CURVE('',#3104,#3104,#780,.T.);
#2686=EDGE_CURVE('',#3105,#3105,#781,.T.);
#2687=EDGE_CURVE('',#3106,#3106,#782,.T.);
#2688=EDGE_CURVE('',#3107,#3107,#783,.T.);
#2689=EDGE_CURVE('',#3108,#3108,#784,.T.);
#2690=EDGE_CURVE('',#3109,#3109,#785,.T.);
#2691=EDGE_CURVE('',#3110,#3110,#786,.T.);
#2692=EDGE_CURVE('',#3111,#3111,#787,.T.);
#2693=EDGE_CURVE('',#3112,#3112,#788,.T.);
#2694=EDGE_CURVE('',#3113,#3113,#789,.T.);
#2695=EDGE_CURVE('',#3114,#3114,#790,.T.);
#2696=EDGE_CURVE('',#3115,#3115,#791,.T.);
#2697=EDGE_CURVE('',#3116,#3116,#792,.T.);
#2698=EDGE_CURVE('',#3117,#3117,#793,.T.);
#2699=EDGE_CURVE('',#3118,#3118,#794,.T.);
#2700=EDGE_CURVE('',#3119,#3119,#795,.T.);
#2701=EDGE_CURVE('',#3120,#3120,#796,.T.);
#2702=EDGE_CURVE('',#3121,#3121,#797,.T.);
#2703=EDGE_CURVE('',#3122,#3122,#798,.T.);
#2704=EDGE_CURVE('',#3123,#3123,#799,.T.);
#2705=EDGE_CURVE('',#3124,#3124,#800,.T.);
#2706=EDGE_CURVE('',#3081,#3078,#801,.T.);
#2707=EDGE_CURVE('',#3082,#3083,#802,.T.);
#2708=EDGE_CURVE('',#3079,#3080,#803,.T.);
#2709=EDGE_CURVE('',#3125,#3125,#804,.T.);
#2710=EDGE_CURVE('',#3126,#3126,#805,.T.);
#2711=EDGE_CURVE('',#3127,#3127,#806,.T.);
#2712=VERTEX_POINT('',#6210);
#2713=VERTEX_POINT('',#6213);
#2714=VERTEX_POINT('',#6214);
#2715=VERTEX_POINT('',#6216);
#2716=VERTEX_POINT('',#6218);
#2717=VERTEX_POINT('',#6223);
#2718=VERTEX_POINT('',#6228);
#2719=VERTEX_POINT('',#6230);
#2720=VERTEX_POINT('',#6232);
#2721=VERTEX_POINT('',#6234);
#2722=VERTEX_POINT('',#6236);
#2723=VERTEX_POINT('',#6241);
#2724=VERTEX_POINT('',#6243);
#2725=VERTEX_POINT('',#6247);
#2726=VERTEX_POINT('',#6249);
#2727=VERTEX_POINT('',#6253);
#2728=VERTEX_POINT('',#6257);
#2729=VERTEX_POINT('',#6264);
#2730=VERTEX_POINT('',#6335);
#2731=VERTEX_POINT('',#6342);
#2732=VERTEX_POINT('',#6346);
#2733=VERTEX_POINT('',#6350);
#2734=VERTEX_POINT('',#6354);
#2735=VERTEX_POINT('',#6441);
#2736=VERTEX_POINT('',#6523);
#2737=VERTEX_POINT('',#6532);
#2738=VERTEX_POINT('',#6533);
#2739=VERTEX_POINT('',#6535);
#2740=VERTEX_POINT('',#6537);
#2741=VERTEX_POINT('',#6541);
#2742=VERTEX_POINT('',#6543);
#2743=VERTEX_POINT('',#6547);
#2744=VERTEX_POINT('',#6551);
#2745=VERTEX_POINT('',#6557);
#2746=VERTEX_POINT('',#6558);
#2747=VERTEX_POINT('',#6560);
#2748=VERTEX_POINT('',#6565);
#2749=VERTEX_POINT('',#6570);
#2750=VERTEX_POINT('',#6572);
#2751=VERTEX_POINT('',#6574);
#2752=VERTEX_POINT('',#6576);
#2753=VERTEX_POINT('',#6578);
#2754=VERTEX_POINT('',#6583);
#2755=VERTEX_POINT('',#6597);
#2756=VERTEX_POINT('',#6599);
#2757=VERTEX_POINT('',#6603);
#2758=VERTEX_POINT('',#6605);
#2759=VERTEX_POINT('',#6609);
#2760=VERTEX_POINT('',#6613);
#2761=VERTEX_POINT('',#6617);
#2762=VERTEX_POINT('',#6644);
#2763=VERTEX_POINT('',#6732);
#2764=VERTEX_POINT('',#6739);
#2765=VERTEX_POINT('',#6743);
#2766=VERTEX_POINT('',#6747);
#2767=VERTEX_POINT('',#6751);
#2768=VERTEX_POINT('',#6838);
#2769=VERTEX_POINT('',#6925);
#2770=VERTEX_POINT('',#6926);
#2771=VERTEX_POINT('',#6928);
#2772=VERTEX_POINT('',#6933);
#2773=VERTEX_POINT('',#6947);
#2774=VERTEX_POINT('',#6949);
#2775=VERTEX_POINT('',#6951);
#2776=VERTEX_POINT('',#6953);
#2777=VERTEX_POINT('',#6955);
#2778=VERTEX_POINT('',#6960);
#2779=VERTEX_POINT('',#6965);
#2780=VERTEX_POINT('',#6967);
#2781=VERTEX_POINT('',#6971);
#2782=VERTEX_POINT('',#6973);
#2783=VERTEX_POINT('',#6977);
#2784=VERTEX_POINT('',#6981);
#2785=VERTEX_POINT('',#6985);
#2786=VERTEX_POINT('',#7072);
#2787=VERTEX_POINT('',#7154);
#2788=VERTEX_POINT('',#7161);
#2789=VERTEX_POINT('',#7165);
#2790=VERTEX_POINT('',#7169);
#2791=VERTEX_POINT('',#7173);
#2792=VERTEX_POINT('',#7200);
#2793=VERTEX_POINT('',#7325);
#2794=VERTEX_POINT('',#7326);
#2795=VERTEX_POINT('',#7328);
#2796=VERTEX_POINT('',#7330);
#2797=VERTEX_POINT('',#7335);
#2798=VERTEX_POINT('',#7340);
#2799=VERTEX_POINT('',#7342);
#2800=VERTEX_POINT('',#7344);
#2801=VERTEX_POINT('',#7346);
#2802=VERTEX_POINT('',#7348);
#2803=VERTEX_POINT('',#7353);
#2804=VERTEX_POINT('',#7367);
#2805=VERTEX_POINT('',#7371);
#2806=VERTEX_POINT('',#7373);
#2807=VERTEX_POINT('',#7377);
#2808=VERTEX_POINT('',#7381);
#2809=VERTEX_POINT('',#7408);
#2810=VERTEX_POINT('',#7528);
#2811=VERTEX_POINT('',#7535);
#2812=VERTEX_POINT('',#7539);
#2813=VERTEX_POINT('',#7543);
#2814=VERTEX_POINT('',#7547);
#2815=VERTEX_POINT('',#7618);
#2816=VERTEX_POINT('',#7700);
#2817=VERTEX_POINT('',#7709);
#2818=VERTEX_POINT('',#7710);
#2819=VERTEX_POINT('',#7712);
#2820=VERTEX_POINT('',#7714);
#2821=VERTEX_POINT('',#7716);
#2822=VERTEX_POINT('',#7718);
#2823=VERTEX_POINT('',#7723);
#2824=VERTEX_POINT('',#7728);
#2825=VERTEX_POINT('',#7730);
#2826=VERTEX_POINT('',#7732);
#2827=VERTEX_POINT('',#7734);
#2828=VERTEX_POINT('',#7736);
#2829=VERTEX_POINT('',#7743);
#2830=VERTEX_POINT('',#7745);
#2831=VERTEX_POINT('',#7752);
#2832=VERTEX_POINT('',#7823);
#2833=VERTEX_POINT('',#7830);
#2834=VERTEX_POINT('',#7834);
#2835=VERTEX_POINT('',#7838);
#2836=VERTEX_POINT('',#7842);
#2837=VERTEX_POINT('',#7929);
#2838=VERTEX_POINT('',#8011);
#2839=VERTEX_POINT('',#8018);
#2840=VERTEX_POINT('',#8022);
#2841=VERTEX_POINT('',#8028);
#2842=VERTEX_POINT('',#8029);
#2843=VERTEX_POINT('',#8031);
#2844=VERTEX_POINT('',#8033);
#2845=VERTEX_POINT('',#8038);
#2846=VERTEX_POINT('',#8043);
#2847=VERTEX_POINT('',#8045);
#2848=VERTEX_POINT('',#8047);
#2849=VERTEX_POINT('',#8049);
#2850=VERTEX_POINT('',#8051);
#2851=VERTEX_POINT('',#8056);
#2852=VERTEX_POINT('',#8061);
#2853=VERTEX_POINT('',#8065);
#2854=VERTEX_POINT('',#8067);
#2855=VERTEX_POINT('',#8071);
#2856=VERTEX_POINT('',#8075);
#2857=VERTEX_POINT('',#8162);
#2858=VERTEX_POINT('',#8228);
#2859=VERTEX_POINT('',#8235);
#2860=VERTEX_POINT('',#8239);
#2861=VERTEX_POINT('',#8243);
#2862=VERTEX_POINT('',#8247);
#2863=VERTEX_POINT('',#8342);
#2864=VERTEX_POINT('',#8416);
#2865=VERTEX_POINT('',#8425);
#2866=VERTEX_POINT('',#8426);
#2867=VERTEX_POINT('',#8428);
#2868=VERTEX_POINT('',#8433);
#2869=VERTEX_POINT('',#8438);
#2870=VERTEX_POINT('',#8440);
#2871=VERTEX_POINT('',#8442);
#2872=VERTEX_POINT('',#8444);
#2873=VERTEX_POINT('',#8446);
#2874=VERTEX_POINT('',#8451);
#2875=VERTEX_POINT('',#8465);
#2876=VERTEX_POINT('',#8467);
#2877=VERTEX_POINT('',#8471);
#2878=VERTEX_POINT('',#8473);
#2879=VERTEX_POINT('',#8477);
#2880=VERTEX_POINT('',#8481);
#2881=VERTEX_POINT('',#8485);
#2882=VERTEX_POINT('',#8512);
#2883=VERTEX_POINT('',#8632);
#2884=VERTEX_POINT('',#8639);
#2885=VERTEX_POINT('',#8643);
#2886=VERTEX_POINT('',#8647);
#2887=VERTEX_POINT('',#8651);
#2888=VERTEX_POINT('',#8722);
#2889=VERTEX_POINT('',#8809);
#2890=VERTEX_POINT('',#8810);
#2891=VERTEX_POINT('',#8812);
#2892=VERTEX_POINT('',#8814);
#2893=VERTEX_POINT('',#8819);
#2894=VERTEX_POINT('',#8821);
#2895=VERTEX_POINT('',#8823);
#2896=VERTEX_POINT('',#8825);
#2897=VERTEX_POINT('',#8827);
#2898=VERTEX_POINT('',#8829);
#2899=VERTEX_POINT('',#8834);
#2900=VERTEX_POINT('',#8839);
#2901=VERTEX_POINT('',#8843);
#2902=VERTEX_POINT('',#8845);
#2903=VERTEX_POINT('',#8849);
#2904=VERTEX_POINT('',#8853);
#2905=VERTEX_POINT('',#8940);
#2906=VERTEX_POINT('',#9022);
#2907=VERTEX_POINT('',#9029);
#2908=VERTEX_POINT('',#9033);
#2909=VERTEX_POINT('',#9037);
#2910=VERTEX_POINT('',#9041);
#2911=VERTEX_POINT('',#9048);
#2912=VERTEX_POINT('',#9119);
#2913=VERTEX_POINT('',#9131);
#2914=VERTEX_POINT('',#9132);
#2915=VERTEX_POINT('',#9137);
#2916=VERTEX_POINT('',#9139);
#2917=VERTEX_POINT('',#9141);
#2918=VERTEX_POINT('',#9143);
#2919=VERTEX_POINT('',#9145);
#2920=VERTEX_POINT('',#9150);
#2921=VERTEX_POINT('',#9164);
#2922=VERTEX_POINT('',#9166);
#2923=VERTEX_POINT('',#9168);
#2924=VERTEX_POINT('',#9170);
#2925=VERTEX_POINT('',#9241);
#2926=VERTEX_POINT('',#9246);
#2927=VERTEX_POINT('',#9321);
#2928=VERTEX_POINT('',#9328);
#2929=VERTEX_POINT('',#9332);
#2930=VERTEX_POINT('',#9336);
#2931=VERTEX_POINT('',#9340);
#2932=VERTEX_POINT('',#9367);
#2933=VERTEX_POINT('',#9487);
#2934=VERTEX_POINT('',#9494);
#2935=VERTEX_POINT('',#9498);
#2936=VERTEX_POINT('',#9502);
#2937=VERTEX_POINT('',#9508);
#2938=VERTEX_POINT('',#9509);
#2939=VERTEX_POINT('',#9531);
#2940=VERTEX_POINT('',#9532);
#2941=VERTEX_POINT('',#9534);
#2942=VERTEX_POINT('',#9536);
#2943=VERTEX_POINT('',#9538);
#2944=VERTEX_POINT('',#9548);
#2945=VERTEX_POINT('',#9550);
#2946=VERTEX_POINT('',#9557);
#2947=VERTEX_POINT('',#9558);
#2948=VERTEX_POINT('',#9572);
#2949=VERTEX_POINT('',#9574);
#2950=VERTEX_POINT('',#9932);
#2951=VERTEX_POINT('',#10067);
#2952=VERTEX_POINT('',#10075);
#2953=VERTEX_POINT('',#10234);
#2954=VERTEX_POINT('',#10246);
#2955=VERTEX_POINT('',#10270);
#2956=VERTEX_POINT('',#10271);
#2957=VERTEX_POINT('',#10273);
#2958=VERTEX_POINT('',#10293);
#2959=VERTEX_POINT('',#10300);
#2960=VERTEX_POINT('',#10302);
#2961=VERTEX_POINT('',#10563);
#2962=VERTEX_POINT('',#10589);
#2963=VERTEX_POINT('',#10872);
#2964=VERTEX_POINT('',#10873);
#2965=VERTEX_POINT('',#10875);
#2966=VERTEX_POINT('',#10877);
#2967=VERTEX_POINT('',#10879);
#2968=VERTEX_POINT('',#10881);
#2969=VERTEX_POINT('',#10883);
#2970=VERTEX_POINT('',#10885);
#2971=VERTEX_POINT('',#10887);
#2972=VERTEX_POINT('',#10889);
#2973=VERTEX_POINT('',#10891);
#2974=VERTEX_POINT('',#10893);
#2975=VERTEX_POINT('',#10897);
#2976=VERTEX_POINT('',#10899);
#2977=VERTEX_POINT('',#10903);
#2978=VERTEX_POINT('',#10907);
#2979=VERTEX_POINT('',#10911);
#2980=VERTEX_POINT('',#10915);
#2981=VERTEX_POINT('',#10919);
#2982=VERTEX_POINT('',#10923);
#2983=VERTEX_POINT('',#10927);
#2984=VERTEX_POINT('',#10931);
#2985=VERTEX_POINT('',#10935);
#2986=VERTEX_POINT('',#10939);
#2987=VERTEX_POINT('',#10945);
#2988=VERTEX_POINT('',#10946);
#2989=VERTEX_POINT('',#10948);
#2990=VERTEX_POINT('',#10950);
#2991=VERTEX_POINT('',#10952);
#2992=VERTEX_POINT('',#10954);
#2993=VERTEX_POINT('',#10956);
#2994=VERTEX_POINT('',#10958);
#2995=VERTEX_POINT('',#10960);
#2996=VERTEX_POINT('',#10962);
#2997=VERTEX_POINT('',#10966);
#2998=VERTEX_POINT('',#10968);
#2999=VERTEX_POINT('',#10972);
#3000=VERTEX_POINT('',#10976);
#3001=VERTEX_POINT('',#10983);
#3002=VERTEX_POINT('',#10987);
#3003=VERTEX_POINT('',#10991);
#3004=VERTEX_POINT('',#10995);
#3005=VERTEX_POINT('',#10999);
#3006=VERTEX_POINT('',#11006);
#3007=VERTEX_POINT('',#11012);
#3008=VERTEX_POINT('',#11013);
#3009=VERTEX_POINT('',#11015);
#3010=VERTEX_POINT('',#11017);
#3011=VERTEX_POINT('',#11019);
#3012=VERTEX_POINT('',#11021);
#3013=VERTEX_POINT('',#11025);
#3014=VERTEX_POINT('',#11027);
#3015=VERTEX_POINT('',#11031);
#3016=VERTEX_POINT('',#11035);
#3017=VERTEX_POINT('',#11039);
#3018=VERTEX_POINT('',#11043);
#3019=VERTEX_POINT('',#11066);
#3020=VERTEX_POINT('',#11067);
#3021=VERTEX_POINT('',#11075);
#3022=VERTEX_POINT('',#11088);
#3023=VERTEX_POINT('',#11182);
#3024=VERTEX_POINT('',#11190);
#3025=VERTEX_POINT('',#11487);
#3026=VERTEX_POINT('',#11510);
#3027=VERTEX_POINT('',#11511);
#3028=VERTEX_POINT('',#11513);
#3029=VERTEX_POINT('',#11515);
#3030=VERTEX_POINT('',#11517);
#3031=VERTEX_POINT('',#11522);
#3032=VERTEX_POINT('',#11524);
#3033=VERTEX_POINT('',#11531);
#3034=VERTEX_POINT('',#11533);
#3035=VERTEX_POINT('',#11537);
#3036=VERTEX_POINT('',#11561);
#3037=VERTEX_POINT('',#11568);
#3038=VERTEX_POINT('',#11598);
#3039=VERTEX_POINT('',#11605);
#3040=VERTEX_POINT('',#11619);
#3041=VERTEX_POINT('',#11620);
#3042=VERTEX_POINT('',#11622);
#3043=VERTEX_POINT('',#11632);
#3044=VERTEX_POINT('',#11642);
#3045=VERTEX_POINT('',#11644);
#3046=VERTEX_POINT('',#11652);
#3047=VERTEX_POINT('',#11659);
#3048=VERTEX_POINT('',#11661);
#3049=VERTEX_POINT('',#11786);
#3050=VERTEX_POINT('',#11801);
#3051=VERTEX_POINT('',#11867);
#3052=VERTEX_POINT('',#11880);
#3053=VERTEX_POINT('',#11967);
#3054=VERTEX_POINT('',#12091);
#3055=VERTEX_POINT('',#12092);
#3056=VERTEX_POINT('',#12097);
#3057=VERTEX_POINT('',#12099);
#3058=VERTEX_POINT('',#12101);
#3059=VERTEX_POINT('',#12103);
#3060=VERTEX_POINT('',#12105);
#3061=VERTEX_POINT('',#12110);
#3062=VERTEX_POINT('',#12124);
#3063=VERTEX_POINT('',#12126);
#3064=VERTEX_POINT('',#12128);
#3065=VERTEX_POINT('',#12130);
#3066=VERTEX_POINT('',#12201);
#3067=VERTEX_POINT('',#12206);
#3068=VERTEX_POINT('',#12281);
#3069=VERTEX_POINT('',#12288);
#3070=VERTEX_POINT('',#12292);
#3071=VERTEX_POINT('',#12296);
#3072=VERTEX_POINT('',#12300);
#3073=VERTEX_POINT('',#12327);
#3074=VERTEX_POINT('',#12447);
#3075=VERTEX_POINT('',#12454);
#3076=VERTEX_POINT('',#12458);
#3077=VERTEX_POINT('',#12462);
#3078=VERTEX_POINT('',#12468);
#3079=VERTEX_POINT('',#12469);
#3080=VERTEX_POINT('',#12475);
#3081=VERTEX_POINT('',#12477);
#3082=VERTEX_POINT('',#12482);
#3083=VERTEX_POINT('',#12487);
#3084=VERTEX_POINT('',#12494);
#3085=VERTEX_POINT('',#12496);
#3086=VERTEX_POINT('',#12499);
#3087=VERTEX_POINT('',#12501);
#3088=VERTEX_POINT('',#12505);
#3089=VERTEX_POINT('',#12507);
#3090=VERTEX_POINT('',#12510);
#3091=VERTEX_POINT('',#12512);
#3092=VERTEX_POINT('',#12516);
#3093=VERTEX_POINT('',#12518);
#3094=VERTEX_POINT('',#12521);
#3095=VERTEX_POINT('',#12523);
#3096=VERTEX_POINT('',#12527);
#3097=VERTEX_POINT('',#12529);
#3098=VERTEX_POINT('',#12532);
#3099=VERTEX_POINT('',#12534);
#3100=VERTEX_POINT('',#12538);
#3101=VERTEX_POINT('',#12540);
#3102=VERTEX_POINT('',#12543);
#3103=VERTEX_POINT('',#12545);
#3104=VERTEX_POINT('',#12549);
#3105=VERTEX_POINT('',#12551);
#3106=VERTEX_POINT('',#12554);
#3107=VERTEX_POINT('',#12556);
#3108=VERTEX_POINT('',#12560);
#3109=VERTEX_POINT('',#12562);
#3110=VERTEX_POINT('',#12565);
#3111=VERTEX_POINT('',#12567);
#3112=VERTEX_POINT('',#12570);
#3113=VERTEX_POINT('',#12572);
#3114=VERTEX_POINT('',#12575);
#3115=VERTEX_POINT('',#12577);
#3116=VERTEX_POINT('',#12580);
#3117=VERTEX_POINT('',#12582);
#3118=VERTEX_POINT('',#12585);
#3119=VERTEX_POINT('',#12588);
#3120=VERTEX_POINT('',#12590);
#3121=VERTEX_POINT('',#12593);
#3122=VERTEX_POINT('',#12595);
#3123=VERTEX_POINT('',#12598);
#3124=VERTEX_POINT('',#12602);
#3125=VERTEX_POINT('',#12616);
#3126=VERTEX_POINT('',#12620);
#3127=VERTEX_POINT('',#12623);
#3128=B_SPLINE_CURVE_WITH_KNOTS('',3,(#6199,#6200,#6201,#6202,#6203,#6204,
#6205,#6206,#6207,#6208,#6209),.UNSPECIFIED.,.T.,.F.,(1,1,1,1,1,1,1,1,1,
1,1,1,1,1,1),(-0.000964483826914187,-0.000642989217942791,-0.000321494608971396,
0.,0.000321494608971396,0.000642989217942791,0.000964483826914187,0.00128597843588558,
0.00160747304485698,0.00192896765382837,0.00225046226279977,0.00257195687177116,
0.00289345148074256,0.00321494608971396,0.00353644069868535),
 .UNSPECIFIED.);
#3129=B_SPLINE_CURVE_WITH_KNOTS('',3,(#6219,#6220,#6221,#6222),
 .UNSPECIFIED.,.F.,.F.,(4,4),(0.,0.000906398822005686),.UNSPECIFIED.);
#3130=B_SPLINE_CURVE_WITH_KNOTS('',3,(#6224,#6225,#6226,#6227),
 .UNSPECIFIED.,.F.,.F.,(4,4),(0.,0.000891332061913651),.UNSPECIFIED.);
#3131=B_SPLINE_CURVE_WITH_KNOTS('',3,(#6237,#6238,#6239,#6240),
 .UNSPECIFIED.,.F.,.F.,(4,4),(4.33680868994202E-19,0.000989231295152222),
 .UNSPECIFIED.);
#3132=B_SPLINE_CURVE_WITH_KNOTS('',3,(#6260,#6261,#6262,#6263),
 .UNSPECIFIED.,.F.,.F.,(4,4),(0.,1.),.UNSPECIFIED.);
#3133=B_SPLINE_CURVE_WITH_KNOTS('',3,(#6336,#6337,#6338,#6339),
 .UNSPECIFIED.,.F.,.F.,(4,4),(4.33680868994202E-19,0.000990481906133029),
 .UNSPECIFIED.);
#3134=B_SPLINE_CURVE_WITH_KNOTS('',3,(#6442,#6443,#6444,#6445),
 .UNSPECIFIED.,.F.,.F.,(4,4),(2.49481895368619E-11,0.000892420547926563),
 .UNSPECIFIED.);
#3135=B_SPLINE_CURVE_WITH_KNOTS('',3,(#6524,#6525,#6526,#6527),
 .UNSPECIFIED.,.F.,.F.,(4,4),(8.67361737988404E-18,0.000907511043005868),
 .UNSPECIFIED.);
#3136=B_SPLINE_CURVE_WITH_KNOTS('',3,(#6561,#6562,#6563,#6564),
 .UNSPECIFIED.,.F.,.F.,(4,4),(0.,0.00090639882200566),.UNSPECIFIED.);
#3137=B_SPLINE_CURVE_WITH_KNOTS('',3,(#6566,#6567,#6568,#6569),
 .UNSPECIFIED.,.F.,.F.,(4,4),(0.,0.000891332061913681),.UNSPECIFIED.);
#3138=B_SPLINE_CURVE_WITH_KNOTS('',3,(#6579,#6580,#6581,#6582),
 .UNSPECIFIED.,.F.,.F.,(4,4),(0.,0.000988485472865429),.UNSPECIFIED.);
#3139=B_SPLINE_CURVE_WITH_KNOTS('',3,(#6584,#6585,#6586,#6587,#6588,#6589,
#6590,#6591,#6592,#6593,#6594,#6595,#6596),.UNSPECIFIED.,.F.,.F.,(4,1,1,
1,1,1,1,1,1,1,4),(0.,0.249999970469301,0.374999955703952,0.437499948321277,
0.499999940938603,0.562499933555928,0.624999926173253,0.687499918790578,
0.749999911407904,0.874999896642554,0.999999881877205),.UNSPECIFIED.);
#3140=B_SPLINE_CURVE_WITH_KNOTS('',3,(#6645,#6646,#6647,#6648,#6649,#6650,
#6651,#6652,#6653,#6654),.UNSPECIFIED.,.F.,.F.,(4,1,1,1,1,1,1,4),(1.31953297411383E-7,
0.250000098964973,0.375000082470811,0.500000065976649,0.562500057729568,
0.625000049482487,0.750000032988324,1.),.UNSPECIFIED.);
#3141=B_SPLINE_CURVE_WITH_KNOTS('',3,(#6733,#6734,#6735,#6736),
 .UNSPECIFIED.,.F.,.F.,(4,4),(8.67361737988404E-18,0.000989731411344652),
 .UNSPECIFIED.);
#3142=B_SPLINE_CURVE_WITH_KNOTS('',3,(#6839,#6840,#6841,#6842),
 .UNSPECIFIED.,.F.,.F.,(4,4),(2.49482053496364E-11,0.000892420547926583),
 .UNSPECIFIED.);
#3143=B_SPLINE_CURVE_WITH_KNOTS('',3,(#6919,#6920,#6921,#6922),
 .UNSPECIFIED.,.F.,.F.,(4,4),(0.,0.000907511043005959),.UNSPECIFIED.);
#3144=B_SPLINE_CURVE_WITH_KNOTS('',3,(#6929,#6930,#6931,#6932),
 .UNSPECIFIED.,.F.,.F.,(4,4),(0.,0.00098926828259454),.UNSPECIFIED.);
#3145=B_SPLINE_CURVE_WITH_KNOTS('',3,(#6934,#6935,#6936,#6937,#6938,#6939,
#6940,#6941,#6942,#6943,#6944,#6945,#6946),.UNSPECIFIED.,.F.,.F.,(4,1,1,
1,1,1,1,1,1,1,4),(0.,0.249999970469303,0.374999955703955,0.437499948321281,
0.499999940938607,0.562499933555932,0.624999926173258,0.687499918790584,
0.74999991140791,0.874999896642561,0.999999881877213),.UNSPECIFIED.);
#3146=B_SPLINE_CURVE_WITH_KNOTS('',3,(#6956,#6957,#6958,#6959),
 .UNSPECIFIED.,.F.,.F.,(4,4),(4.9065389333868E-18,0.000907053679669949),
 .UNSPECIFIED.);
#3147=B_SPLINE_CURVE_WITH_KNOTS('',3,(#6961,#6962,#6963,#6964),
 .UNSPECIFIED.,.F.,.F.,(4,4),(0.,0.000891186354969346),.UNSPECIFIED.);
#3148=B_SPLINE_CURVE_WITH_KNOTS('',3,(#7073,#7074,#7075,#7076),
 .UNSPECIFIED.,.F.,.F.,(4,4),(2.61849304629165E-11,0.000892327154608187),
 .UNSPECIFIED.);
#3149=B_SPLINE_CURVE_WITH_KNOTS('',3,(#7155,#7156,#7157,#7158),
 .UNSPECIFIED.,.F.,.F.,(4,4),(0.,0.00090822472537817),.UNSPECIFIED.);
#3150=B_SPLINE_CURVE_WITH_KNOTS('',3,(#7201,#7202,#7203,#7204,#7205,#7206,
#7207,#7208,#7209,#7210),.UNSPECIFIED.,.F.,.F.,(4,1,1,1,1,1,1,4),(1.32081772237906E-7,
0.250000099061329,0.375000082551108,0.500000066040886,0.562500057785775,
0.625000049530665,0.750000033020443,1.),.UNSPECIFIED.);
#3151=B_SPLINE_CURVE_WITH_KNOTS('',3,(#7319,#7320,#7321,#7322),
 .UNSPECIFIED.,.F.,.F.,(4,4),(4.9065389333868E-18,0.000990538647578564),
 .UNSPECIFIED.);
#3152=B_SPLINE_CURVE_WITH_KNOTS('',3,(#7331,#7332,#7333,#7334),
 .UNSPECIFIED.,.F.,.F.,(4,4),(0.,0.000906398822094338),.UNSPECIFIED.);
#3153=B_SPLINE_CURVE_WITH_KNOTS('',3,(#7336,#7337,#7338,#7339),
 .UNSPECIFIED.,.F.,.F.,(4,4),(0.,0.000891904005057513),.UNSPECIFIED.);
#3154=B_SPLINE_CURVE_WITH_KNOTS('',3,(#7349,#7350,#7351,#7352),
 .UNSPECIFIED.,.F.,.F.,(4,4),(0.,0.000989268282593176),.UNSPECIFIED.);
#3155=B_SPLINE_CURVE_WITH_KNOTS('',3,(#7354,#7355,#7356,#7357,#7358,#7359,
#7360,#7361,#7362,#7363,#7364,#7365,#7366),.UNSPECIFIED.,.F.,.F.,(4,1,1,
1,1,1,1,1,1,1,4),(0.,0.2499999704693,0.37499995570395,0.437499948321275,
0.499999940938601,0.562499933555926,0.624999926173251,0.687499918790576,
0.749999911407901,0.874999896642551,0.999999881877201),.UNSPECIFIED.);
#3156=B_SPLINE_CURVE_WITH_KNOTS('',3,(#7409,#7410,#7411,#7412,#7413,#7414,
#7415,#7416,#7417,#7418),.UNSPECIFIED.,.F.,.F.,(4,1,1,1,1,1,1,4),(1.32081813576473E-7,
0.25000009906136,0.375000082551133,0.500000066040907,0.562500057785793,
0.62500004953068,0.750000033020453,1.),.UNSPECIFIED.);
#3157=B_SPLINE_CURVE_WITH_KNOTS('',3,(#7529,#7530,#7531,#7532),
 .UNSPECIFIED.,.F.,.F.,(4,4),(0.,0.000990538647577388),.UNSPECIFIED.);
#3158=B_SPLINE_CURVE_WITH_KNOTS('',3,(#7619,#7620,#7621,#7622),
 .UNSPECIFIED.,.F.,.F.,(4,4),(2.10966228819917E-11,0.000892985523992038),
 .UNSPECIFIED.);
#3159=B_SPLINE_CURVE_WITH_KNOTS('',3,(#7701,#7702,#7703,#7704),
 .UNSPECIFIED.,.F.,.F.,(4,4),(1.2509268882771E-17,0.000907511043139079),
 .UNSPECIFIED.);
#3160=B_SPLINE_CURVE_WITH_KNOTS('',3,(#7719,#7720,#7721,#7722),
 .UNSPECIFIED.,.F.,.F.,(4,4),(8.67361737988404E-18,0.000906398822005645),
 .UNSPECIFIED.);
#3161=B_SPLINE_CURVE_WITH_KNOTS('',3,(#7724,#7725,#7726,#7727),
 .UNSPECIFIED.,.F.,.F.,(4,4),(0.,0.000891332061913647),.UNSPECIFIED.);
#3162=B_SPLINE_CURVE_WITH_KNOTS('',3,(#7737,#7738,#7739,#7740),
 .UNSPECIFIED.,.F.,.F.,(4,4),(0.,0.00098923129515223),.UNSPECIFIED.);
#3163=B_SPLINE_CURVE_WITH_KNOTS('',3,(#7748,#7749,#7750,#7751),
 .UNSPECIFIED.,.F.,.F.,(4,4),(0.,1.),.UNSPECIFIED.);
#3164=B_SPLINE_CURVE_WITH_KNOTS('',3,(#7824,#7825,#7826,#7827),
 .UNSPECIFIED.,.F.,.F.,(4,4),(0.,0.000990481906133014),.UNSPECIFIED.);
#3165=B_SPLINE_CURVE_WITH_KNOTS('',3,(#7930,#7931,#7932,#7933),
 .UNSPECIFIED.,.F.,.F.,(4,4),(2.49481979986002E-11,0.00089242054792658),
 .UNSPECIFIED.);
#3166=B_SPLINE_CURVE_WITH_KNOTS('',3,(#8012,#8013,#8014,#8015),
 .UNSPECIFIED.,.F.,.F.,(4,4),(1.2509268882771E-17,0.000907511043005903),
 .UNSPECIFIED.);
#3167=B_SPLINE_CURVE_WITH_KNOTS('',3,(#8034,#8035,#8036,#8037),
 .UNSPECIFIED.,.F.,.F.,(4,4),(0.,0.000989338559974614),.UNSPECIFIED.);
#3168=B_SPLINE_CURVE_WITH_KNOTS('',3,(#8039,#8040,#8041,#8042),
 .UNSPECIFIED.,.F.,.F.,(4,4),(0.,0.000982526200701913),.UNSPECIFIED.);
#3169=B_SPLINE_CURVE_WITH_KNOTS('',3,(#8052,#8053,#8054,#8055),
 .UNSPECIFIED.,.F.,.F.,(4,4),(0.,0.000907185240043648),.UNSPECIFIED.);
#3170=B_SPLINE_CURVE_WITH_KNOTS('',3,(#8057,#8058,#8059,#8060),
 .UNSPECIFIED.,.F.,.F.,(4,4),(0.,0.000891332061871488),.UNSPECIFIED.);
#3171=B_SPLINE_CURVE_WITH_KNOTS('',3,(#8163,#8164,#8165,#8166),
 .UNSPECIFIED.,.F.,.F.,(4,4),(2.49693656430635E-11,0.000892420547884379),
 .UNSPECIFIED.);
#3172=B_SPLINE_CURVE_WITH_KNOTS('',3,(#8229,#8230,#8231,#8232),
 .UNSPECIFIED.,.F.,.F.,(4,4),(0.,0.000908252533269797),.UNSPECIFIED.);
#3173=B_SPLINE_CURVE_WITH_KNOTS('',3,(#8343,#8344,#8345,#8346),
 .UNSPECIFIED.,.F.,.F.,(4,4),(8.67349483586652E-13,0.000983732345051204),
 .UNSPECIFIED.);
#3174=B_SPLINE_CURVE_WITH_KNOTS('',3,(#8417,#8418,#8419,#8420),
 .UNSPECIFIED.,.F.,.F.,(4,4),(0.,0.000990589468005129),.UNSPECIFIED.);
#3175=B_SPLINE_CURVE_WITH_KNOTS('',3,(#8429,#8430,#8431,#8432),
 .UNSPECIFIED.,.F.,.F.,(4,4),(4.9065389333868E-18,0.000906398822094281),
 .UNSPECIFIED.);
#3176=B_SPLINE_CURVE_WITH_KNOTS('',3,(#8434,#8435,#8436,#8437),
 .UNSPECIFIED.,.F.,.F.,(4,4),(0.,0.000891904005057498),.UNSPECIFIED.);
#3177=B_SPLINE_CURVE_WITH_KNOTS('',3,(#8447,#8448,#8449,#8450),
 .UNSPECIFIED.,.F.,.F.,(4,4),(0.,0.000989268282594543),.UNSPECIFIED.);
#3178=B_SPLINE_CURVE_WITH_KNOTS('',3,(#8452,#8453,#8454,#8455,#8456,#8457,
#8458,#8459,#8460,#8461,#8462,#8463,#8464),.UNSPECIFIED.,.F.,.F.,(4,1,1,
1,1,1,1,1,1,1,4),(0.,0.249999970469295,0.374999955703943,0.437499948321267,
0.499999940938591,0.562499933555914,0.624999926173238,0.687499918790562,
0.749999911407886,0.874999896642533,0.999999881877181),.UNSPECIFIED.);
#3179=B_SPLINE_CURVE_WITH_KNOTS('',3,(#8513,#8514,#8515,#8516,#8517,#8518,
#8519,#8520,#8521,#8522),.UNSPECIFIED.,.F.,.F.,(4,1,1,1,1,1,1,4),(1.32081808556974E-7,
0.250000099061356,0.37500008255113,0.500000066040904,0.562500057785791,
0.625000049530678,0.750000033020452,1.),.UNSPECIFIED.);
#3180=B_SPLINE_CURVE_WITH_KNOTS('',3,(#8633,#8634,#8635,#8636),
 .UNSPECIFIED.,.F.,.F.,(4,4),(3.87895961444886E-18,0.000990538647578598),
 .UNSPECIFIED.);
#3181=B_SPLINE_CURVE_WITH_KNOTS('',3,(#8723,#8724,#8725,#8726),
 .UNSPECIFIED.,.F.,.F.,(4,4),(2.10966069475005E-11,0.000892985523992108),
 .UNSPECIFIED.);
#3182=B_SPLINE_CURVE_WITH_KNOTS('',3,(#8803,#8804,#8805,#8806),
 .UNSPECIFIED.,.F.,.F.,(4,4),(0.,0.000907511043139092),.UNSPECIFIED.);
#3183=B_SPLINE_CURVE_WITH_KNOTS('',3,(#8815,#8816,#8817,#8818),
 .UNSPECIFIED.,.F.,.F.,(4,4),(0.,0.000989338559972587),.UNSPECIFIED.);
#3184=B_SPLINE_CURVE_WITH_KNOTS('',3,(#8830,#8831,#8832,#8833),
 .UNSPECIFIED.,.F.,.F.,(4,4),(0.,0.000906398822005166),.UNSPECIFIED.);
#3185=B_SPLINE_CURVE_WITH_KNOTS('',3,(#8835,#8836,#8837,#8838),
 .UNSPECIFIED.,.F.,.F.,(4,4),(0.,0.000891332061913638),.UNSPECIFIED.);
#3186=B_SPLINE_CURVE_WITH_KNOTS('',3,(#8941,#8942,#8943,#8944),
 .UNSPECIFIED.,.F.,.F.,(4,4),(2.49482391301177E-11,0.000892420547926533),
 .UNSPECIFIED.);
#3187=B_SPLINE_CURVE_WITH_KNOTS('',3,(#9023,#9024,#9025,#9026),
 .UNSPECIFIED.,.F.,.F.,(4,4),(6.50521303491303E-19,0.00090751104300594),
 .UNSPECIFIED.);
#3188=B_SPLINE_CURVE_WITH_KNOTS('',3,(#9044,#9045,#9046,#9047),
 .UNSPECIFIED.,.F.,.F.,(4,4),(0.,1.),.UNSPECIFIED.);
#3189=B_SPLINE_CURVE_WITH_KNOTS('',3,(#9120,#9121,#9122,#9123),
 .UNSPECIFIED.,.F.,.F.,(4,4),(0.,0.000990589468802768),.UNSPECIFIED.);
#3190=B_SPLINE_CURVE_WITH_KNOTS('',3,(#9127,#9128,#9129,#9130),
 .UNSPECIFIED.,.F.,.F.,(4,4),(2.16840434497101E-19,0.000906402810524902),
 .UNSPECIFIED.);
#3191=B_SPLINE_CURVE_WITH_KNOTS('',3,(#9133,#9134,#9135,#9136),
 .UNSPECIFIED.,.F.,.F.,(4,4),(0.,0.000891904065795483),.UNSPECIFIED.);
#3192=B_SPLINE_CURVE_WITH_KNOTS('',3,(#9146,#9147,#9148,#9149),
 .UNSPECIFIED.,.F.,.F.,(4,4),(0.,0.000989268282594522),.UNSPECIFIED.);
#3193=B_SPLINE_CURVE_WITH_KNOTS('',3,(#9151,#9152,#9153,#9154,#9155,#9156,
#9157,#9158,#9159,#9160,#9161,#9162,#9163),.UNSPECIFIED.,.F.,.F.,(4,1,1,
1,1,1,1,1,1,1,4),(0.,0.249999970469298,0.374999955703947,0.437499948321271,
0.499999940938596,0.56249993355592,0.624999926173244,0.687499918790569,
0.749999911407893,0.874999896642542,0.999999881877191),.UNSPECIFIED.);
#3194=B_SPLINE_CURVE_WITH_KNOTS('',3,(#9242,#9243,#9244,#9245),
 .UNSPECIFIED.,.F.,.F.,(4,4),(4.33680868994202E-19,0.000892985584362651),
 .UNSPECIFIED.);
#3195=B_SPLINE_CURVE_WITH_KNOTS('',3,(#9322,#9323,#9324,#9325),
 .UNSPECIFIED.,.F.,.F.,(4,4),(1.62630325872826E-19,0.000907584004893078),
 .UNSPECIFIED.);
#3196=B_SPLINE_CURVE_WITH_KNOTS('',3,(#9368,#9369,#9370,#9371,#9372,#9373,
#9374,#9375,#9376,#9377),.UNSPECIFIED.,.F.,.F.,(4,1,1,1,1,1,1,4),(1.32081758258442E-7,
0.250000099061319,0.375000082551099,0.500000066040879,0.562500057785769,
0.625000049530659,0.750000033020439,1.),.UNSPECIFIED.);
#3197=B_SPLINE_CURVE_WITH_KNOTS('',3,(#9488,#9489,#9490,#9491),
 .UNSPECIFIED.,.F.,.F.,(4,4),(0.,0.000990538647578575),.UNSPECIFIED.);
#3198=B_SPLINE_CURVE_WITH_KNOTS('',3,(#9510,#9511,#9512,#9513,#9514,#9515,
#9516,#9517,#9518,#9519,#9520),.UNSPECIFIED.,.F.,.F.,(4,1,1,1,1,1,1,1,4),
(9.00344447308251E-14,0.00029843853634325,0.000596877072596465,0.00089531560884968,
0.0011937541451029,0.00149219268135611,0.00179063121760933,0.00208906975386254,
0.00238750829011576),.UNSPECIFIED.);
#3199=B_SPLINE_CURVE_WITH_KNOTS('',3,(#9522,#9523,#9524,#9525,#9526,#9527,
#9528,#9529,#9530),.UNSPECIFIED.,.F.,.F.,(4,1,1,1,1,1,4),(0.,0.000335146616369795,
0.000670293232739591,0.00134058646547918,0.00167573308184898,0.00201087969821877,
0.00268117293095836),.UNSPECIFIED.);
#3200=B_SPLINE_CURVE_WITH_KNOTS('',3,(#9539,#9540,#9541,#9542,#9543,#9544,
#9545,#9546,#9547),.UNSPECIFIED.,.F.,.F.,(4,1,1,1,1,1,4),(0.,0.000193218712882562,
0.000386437425765124,0.000579656138647686,0.000772874851530248,0.00115931227729537,
0.0015457497030605),.UNSPECIFIED.);
#3201=B_SPLINE_CURVE_WITH_KNOTS('',3,(#9551,#9552,#9553,#9554,#9555),
 .UNSPECIFIED.,.F.,.F.,(4,1,4),(0.,0.000568634279828835,0.00113726855965767),
 .UNSPECIFIED.);
#3202=B_SPLINE_CURVE_WITH_KNOTS('',3,(#9559,#9560,#9561,#9562,#9563,#9564,
#9565,#9566,#9567,#9568,#9569),.UNSPECIFIED.,.F.,.F.,(4,1,1,1,1,1,1,1,4),
(0.,0.000301008796009655,0.00060201759201931,0.000903026388028965,0.00120403518403862,
0.00150504398004827,0.00180605277605793,0.00210706157206758,0.00240807036807724),
 .UNSPECIFIED.);
#3203=B_SPLINE_CURVE_WITH_KNOTS('',3,(#9933,#9934,#9935,#9936,#9937,#9938,
#9939,#9940,#9941),.UNSPECIFIED.,.F.,.F.,(4,1,1,1,1,1,4),(1.32368911877846E-10,
0.000336083765829641,0.000672167399290371,0.00134433466621183,0.00168041829967256,
0.00201650193313329,0.00268866920005475),.UNSPECIFIED.);
#3204=B_SPLINE_CURVE_WITH_KNOTS('',3,(#10068,#10069,#10070,#10071,#10072),
 .UNSPECIFIED.,.F.,.F.,(4,1,4),(0.,0.000569828577671921,0.00113965715534384),
 .UNSPECIFIED.);
#3205=B_SPLINE_CURVE_WITH_KNOTS('',3,(#10235,#10236,#10237,#10238,#10239,
#10240,#10241,#10242,#10243),.UNSPECIFIED.,.F.,.F.,(4,1,1,1,1,1,4),(9.54097911787244E-18,
0.000193417504286553,0.000386835008573096,0.000580252512859639,0.000773670017146182,
0.00116050502571927,0.00154734003429236),.UNSPECIFIED.);
#3206=B_SPLINE_CURVE_WITH_KNOTS('',3,(#10251,#10252,#10253,#10254,#10255,
#10256,#10257,#10258,#10259,#10260,#10261,#10262,#10263,#10264,#10265,#10266,
#10267,#10268,#10269),.UNSPECIFIED.,.F.,.F.,(4,1,1,1,1,1,1,1,1,1,1,1,1,
1,1,1,4),(0.,0.000636533187602559,0.000954799781403838,0.00127306637520512,
0.0015913329690064,0.00190959956280768,0.00222786615660896,0.00254613275041024,
0.00286439934421151,0.00318266593801279,0.00350093253181407,0.00366006582871471,
0.00381919912561535,0.00413746571941663,0.00445573231321791,0.00477399890701919,
0.00509226550082047),.UNSPECIFIED.);
#3207=B_SPLINE_CURVE_WITH_KNOTS('',3,(#10274,#10275,#10276,#10277,#10278,
#10279,#10280,#10281,#10282,#10283,#10284,#10285,#10286,#10287,#10288,#10289,
#10290,#10291,#10292),.UNSPECIFIED.,.F.,.F.,(4,1,1,1,1,1,1,1,1,1,1,1,1,
1,1,1,4),(0.,0.000313262191646041,0.000626524383292083,0.000939786574938124,
0.00125304876658417,0.00156631095823021,0.00187957314987625,0.00219283534152229,
0.00250609753316833,0.00281935972481437,0.00313262191646041,0.00344588410810645,
0.0037591462997525,0.00407240849139854,0.00438567068304458,0.00469893287469062,
0.00501219506633666),.UNSPECIFIED.);
#3208=B_SPLINE_CURVE_WITH_KNOTS('',3,(#10296,#10297,#10298,#10299),
 .UNSPECIFIED.,.F.,.F.,(4,4),(0.,1.),.UNSPECIFIED.);
#3209=B_SPLINE_CURVE_WITH_KNOTS('',3,(#10303,#10304,#10305,#10306),
 .UNSPECIFIED.,.F.,.F.,(4,4),(0.,1.),.UNSPECIFIED.);
#3210=B_SPLINE_CURVE_WITH_KNOTS('',3,(#10559,#10560,#10561,#10562),
 .UNSPECIFIED.,.F.,.F.,(4,4),(0.,1.),.UNSPECIFIED.);
#3211=B_SPLINE_CURVE_WITH_KNOTS('',3,(#10564,#10565,#10566,#10567,#10568,
#10569,#10570,#10571,#10572,#10573,#10574,#10575,#10576,#10577,#10578,#10579,
#10580,#10581,#10582,#10583),.UNSPECIFIED.,.F.,.F.,(4,1,1,1,1,1,1,1,1,1,
1,1,1,1,1,1,1,4),(0.,0.000637865663846185,0.000956798495769277,0.00127573132769237,
0.00159466415961546,0.00191359699153855,0.00223252982346165,0.00255146265538474,
0.00287039548730783,0.00318932831923092,0.00350826115115402,0.00366772756711556,
0.00382719398307711,0.00398666039903866,0.0041461268150002,0.00446505964692329,
0.00478399247884639,0.00510292531076948),.UNSPECIFIED.);
#3212=B_SPLINE_CURVE_WITH_KNOTS('',3,(#10585,#10586,#10587,#10588),
 .UNSPECIFIED.,.F.,.F.,(4,4),(0.,1.),.UNSPECIFIED.);
#3213=B_SPLINE_CURVE_WITH_KNOTS('',3,(#10851,#10852,#10853,#10854,#10855,
#10856,#10857,#10858,#10859,#10860,#10861,#10862,#10863,#10864,#10865,#10866,
#10867,#10868,#10869),.UNSPECIFIED.,.F.,.F.,(4,1,1,1,1,1,1,1,1,1,1,1,1,
1,1,1,4),(5.55239522195251E-14,0.000314047202861218,0.000628094405666912,
0.000942141608472606,0.0012561888112783,0.00157023601408399,0.00188428321688969,
0.00219833041969538,0.00251237762250108,0.00282642482530677,0.00314047202811246,
0.00345451923091816,0.00376856643372385,0.00408261363652955,0.00439666083933524,
0.00471070804214094,0.00502475524494663),.UNSPECIFIED.);
#3214=B_SPLINE_CURVE_WITH_KNOTS('',3,(#10979,#10980,#10981,#10982),
 .UNSPECIFIED.,.F.,.F.,(4,4),(1.9673206359453E-6,1.),.UNSPECIFIED.);
#3215=B_SPLINE_CURVE_WITH_KNOTS('',3,(#11002,#11003,#11004,#11005),
 .UNSPECIFIED.,.F.,.F.,(4,4),(1.9673170457657E-6,1.),.UNSPECIFIED.);
#3216=B_SPLINE_CURVE_WITH_KNOTS('',3,(#11048,#11049,#11050,#11051,#11052,
#11053,#11054,#11055,#11056,#11057,#11058,#11059,#11060,#11061,#11062,#11063,
#11064,#11065),.UNSPECIFIED.,.F.,.F.,(4,1,1,1,1,1,1,1,1,1,1,1,1,1,1,4),
(1.64475798022464E-12,0.000373478283730716,0.000746956565816673,0.00112043484790263,
0.00149391312998859,0.00186739141207455,0.0022408696941605,0.00261434797624646,
0.00298782625833242,0.00373478282250433,0.00410826110459029,0.00448173938667625,
0.00485521766876221,0.00522869595084816,0.00560217423293412,0.00597565251502008),
 .UNSPECIFIED.);
#3217=B_SPLINE_CURVE_WITH_KNOTS('',3,(#11068,#11069,#11070,#11071,#11072,
#11073,#11074),.UNSPECIFIED.,.F.,.F.,(4,1,1,1,4),(0.,0.000364230572938463,
0.000728461145876925,0.00109269171881539,0.00145692229175385),
 .UNSPECIFIED.);
#3218=B_SPLINE_CURVE_WITH_KNOTS('',3,(#11077,#11078,#11079,#11080,#11081,
#11082,#11083,#11084,#11085,#11086,#11087),.UNSPECIFIED.,.T.,.F.,(1,1,1,
1,1,1,1,1,1,1,1,1,1,1,1),(-0.000962624657907362,-0.000641749771938241,-0.000320874885969121,
0.,0.000320874885969121,0.000641749771938241,0.000962624657907362,0.00128349954387648,
0.0016043744298456,0.00192524931581472,0.00224612420178384,0.00256699908775296,
0.00288787397372209,0.00320874885969121,0.00352962374566033),
 .UNSPECIFIED.);
#3219=B_SPLINE_CURVE_WITH_KNOTS('',3,(#11183,#11184,#11185,#11186,#11187,
#11188,#11189),.UNSPECIFIED.,.F.,.F.,(4,1,1,1,4),(1.42252495321945E-11,
0.000364755297444741,0.000729510580664233,0.00109426586388372,0.00145902114710322),
 .UNSPECIFIED.);
#3220=B_SPLINE_CURVE_WITH_KNOTS('',3,(#11191,#11192,#11193,#11194),
 .UNSPECIFIED.,.F.,.F.,(4,4),(0.,1.),.UNSPECIFIED.);
#3221=B_SPLINE_CURVE_WITH_KNOTS('',3,(#11483,#11484,#11485,#11486),
 .UNSPECIFIED.,.F.,.F.,(4,4),(0.,1.),.UNSPECIFIED.);
#3222=B_SPLINE_CURVE_WITH_KNOTS('',3,(#11488,#11489,#11490,#11491,#11492,
#11493,#11494,#11495,#11496,#11497,#11498,#11499,#11500,#11501,#11502,#11503,
#11504,#11505),.UNSPECIFIED.,.F.,.F.,(4,1,1,1,1,1,1,1,1,1,1,1,1,1,1,4),
(1.67014161413935E-12,0.000374110223077998,0.000748220444485854,0.00112233066589371,
0.00149644088730157,0.00187055110870942,0.00224466133011728,0.00261877155152513,
0.00299288177293299,0.0037411022157487,0.00411521243715656,0.00448932265856442,
0.00486343287997227,0.00523754310138013,0.00561165332278798,0.00598576354419584),
 .UNSPECIFIED.);
#3223=B_SPLINE_CURVE_WITH_KNOTS('',3,(#11518,#11519,#11520,#11521),
 .UNSPECIFIED.,.F.,.F.,(4,4),(1.2509268882771E-17,0.000748373240263985),
 .UNSPECIFIED.);
#3224=B_SPLINE_CURVE_WITH_KNOTS('',3,(#11525,#11526,#11527,#11528),
 .UNSPECIFIED.,.F.,.F.,(4,4),(1.73472347597681E-18,0.000558365705110721),
 .UNSPECIFIED.);
#3225=B_SPLINE_CURVE_WITH_KNOTS('',3,(#11562,#11563,#11564,#11565),
 .UNSPECIFIED.,.F.,.F.,(4,4),(0.,0.000559878010679983),.UNSPECIFIED.);
#3226=B_SPLINE_CURVE_WITH_KNOTS('',3,(#11599,#11600,#11601,#11602),
 .UNSPECIFIED.,.F.,.F.,(4,4),(3.43895530136012E-17,0.000749951090393717),
 .UNSPECIFIED.);
#3227=B_SPLINE_CURVE_WITH_KNOTS('',3,(#11610,#11611,#11612,#11613,#11614,
#11615,#11616,#11617,#11618),.UNSPECIFIED.,.F.,.F.,(4,1,1,1,1,1,4),(0.,
0.000246123901012771,0.000492247802025542,0.000984495604051085,0.00147674340607663,
0.0017228673070894,0.00196899120810217),.UNSPECIFIED.);
#3228=B_SPLINE_CURVE_WITH_KNOTS('',3,(#11623,#11624,#11625,#11626,#11627,
#11628,#11629,#11630,#11631),.UNSPECIFIED.,.F.,.F.,(4,1,1,1,1,1,4),(9.63627514746644E-14,
0.000313244156454461,0.00062648831281256,0.00125297662552876,0.00187946493824495,
0.00219270909460305,0.00250595325096115),.UNSPECIFIED.);
#3229=B_SPLINE_CURVE_WITH_KNOTS('',3,(#11633,#11634,#11635,#11636,#11637,
#11638,#11639,#11640,#11641),.UNSPECIFIED.,.F.,.F.,(4,1,1,1,1,1,4),(1.93947980722443E-18,
0.000270269161654569,0.000540538323309135,0.000810807484963702,0.00108107664661827,
0.0016216149699274,0.00216215329323654),.UNSPECIFIED.);
#3230=B_SPLINE_CURVE_WITH_KNOTS('',3,(#11645,#11646,#11647,#11648,#11649,
#11650,#11651),.UNSPECIFIED.,.F.,.F.,(4,1,1,1,4),(4.72208108102982E-12,
0.00040912651153436,0.000818253018346638,0.00122737952515892,0.00163650603197119),
 .UNSPECIFIED.);
#3231=B_SPLINE_CURVE_WITH_KNOTS('',3,(#11655,#11656,#11657,#11658),
 .UNSPECIFIED.,.F.,.F.,(4,4),(0.,1.),.UNSPECIFIED.);
#3232=B_SPLINE_CURVE_WITH_KNOTS('',3,(#11662,#11663,#11664,#11665),
 .UNSPECIFIED.,.F.,.F.,(4,4),(0.,1.),.UNSPECIFIED.);
#3233=B_SPLINE_CURVE_WITH_KNOTS('',3,(#11782,#11783,#11784,#11785),
 .UNSPECIFIED.,.F.,.F.,(4,4),(0.,1.),.UNSPECIFIED.);
#3234=B_SPLINE_CURVE_WITH_KNOTS('',3,(#11787,#11788,#11789,#11790,#11791,
#11792,#11793,#11794,#11795),.UNSPECIFIED.,.F.,.F.,(4,1,1,1,1,1,4),(0.,
0.000246550740746375,0.00049310148149275,0.0009862029629855,0.00147930444447825,
0.00172585518522463,0.001972405925971),.UNSPECIFIED.);
#3235=B_SPLINE_CURVE_WITH_KNOTS('',3,(#11797,#11798,#11799,#11800),
 .UNSPECIFIED.,.F.,.F.,(4,4),(0.,1.),.UNSPECIFIED.);
#3236=B_SPLINE_CURVE_WITH_KNOTS('',3,(#11863,#11864,#11865,#11866),
 .UNSPECIFIED.,.F.,.F.,(4,4),(0.,1.),.UNSPECIFIED.);
#3237=B_SPLINE_CURVE_WITH_KNOTS('',3,(#11868,#11869,#11870,#11871,#11872,
#11873,#11874),.UNSPECIFIED.,.F.,.F.,(4,1,1,1,4),(6.41969574025564E-16,
0.000410442249930403,0.000820884499860163,0.00123132674978992,0.00164176899971968),
 .UNSPECIFIED.);
#3238=B_SPLINE_CURVE_WITH_KNOTS('',3,(#11876,#11877,#11878,#11879),
 .UNSPECIFIED.,.F.,.F.,(4,4),(0.,1.),.UNSPECIFIED.);
#3239=B_SPLINE_CURVE_WITH_KNOTS('',3,(#11968,#11969,#11970,#11971,#11972,
#11973,#11974,#11975,#11976),.UNSPECIFIED.,.F.,.F.,(4,1,1,1,1,1,4),(7.06793383695018E-17,
0.000270721693087228,0.000541443386174384,0.000812165079261541,0.0010828867723487,
0.00162433015852301,0.00216577354469733),.UNSPECIFIED.);
#3240=B_SPLINE_CURVE_WITH_KNOTS('',3,(#12077,#12078,#12079,#12080,#12081,
#12082,#12083,#12084,#12085),.UNSPECIFIED.,.F.,.F.,(4,1,1,1,1,1,4),(1.31739617855135E-13,
0.000313790275331153,0.000627580550530567,0.00125516110092939,0.00188274165132822,
0.00219653192652764,0.00251032220172705),.UNSPECIFIED.);
#3241=B_SPLINE_CURVE_WITH_KNOTS('',3,(#12087,#12088,#12089,#12090),
 .UNSPECIFIED.,.F.,.F.,(4,4),(0.,0.000906402810528339),.UNSPECIFIED.);
#3242=B_SPLINE_CURVE_WITH_KNOTS('',3,(#12093,#12094,#12095,#12096),
 .UNSPECIFIED.,.F.,.F.,(4,4),(0.,0.000891904065795627),.UNSPECIFIED.);
#3243=B_SPLINE_CURVE_WITH_KNOTS('',3,(#12106,#12107,#12108,#12109),
 .UNSPECIFIED.,.F.,.F.,(4,4),(0.,0.000989268282594489),.UNSPECIFIED.);
#3244=B_SPLINE_CURVE_WITH_KNOTS('',3,(#12111,#12112,#12113,#12114,#12115,
#12116,#12117,#12118,#12119,#12120,#12121,#12122,#12123),.UNSPECIFIED.,
 .F.,.F.,(4,1,1,1,1,1,1,1,1,1,4),(0.,0.249999970469303,0.374999955703954,
0.43749994832128,0.499999940938606,0.562499933555931,0.624999926173257,
0.687499918790583,0.749999911407908,0.87499989664256,0.999999881877211),
 .UNSPECIFIED.);
#3245=B_SPLINE_CURVE_WITH_KNOTS('',3,(#12202,#12203,#12204,#12205),
 .UNSPECIFIED.,.F.,.F.,(4,4),(1.29814818157976E-17,0.00089298558436275),
 .UNSPECIFIED.);
#3246=B_SPLINE_CURVE_WITH_KNOTS('',3,(#12282,#12283,#12284,#12285),
 .UNSPECIFIED.,.F.,.F.,(4,4),(1.29814818157976E-17,0.00090758400488235),
 .UNSPECIFIED.);
#3247=B_SPLINE_CURVE_WITH_KNOTS('',3,(#12328,#12329,#12330,#12331,#12332,
#12333,#12334,#12335,#12336,#12337),.UNSPECIFIED.,.F.,.F.,(4,1,1,1,1,1,
1,4),(1.32081814226739E-7,0.250000099061361,0.375000082551134,0.500000066040907,
0.562500057785794,0.62500004953068,0.750000033020453,1.),.UNSPECIFIED.);
#3248=B_SPLINE_CURVE_WITH_KNOTS('',3,(#12448,#12449,#12450,#12451),
 .UNSPECIFIED.,.F.,.F.,(4,4),(2.59629636315952E-17,0.00099053864757856),
 .UNSPECIFIED.);
#3249=B_SPLINE_CURVE_WITH_KNOTS('',3,(#12470,#12471,#12472,#12473,#12474),
 .UNSPECIFIED.,.F.,.F.,(4,1,4),(3.03576608295941E-18,0.00198590864101806,
0.00397181728203612),.UNSPECIFIED.);
#3250=B_SPLINE_CURVE_WITH_KNOTS('',3,(#12478,#12479,#12480,#12481),
 .UNSPECIFIED.,.F.,.F.,(4,4),(1.73472347597681E-18,0.000983726654325145),
 .UNSPECIFIED.);
#3251=B_SPLINE_CURVE_WITH_KNOTS('',3,(#12483,#12484,#12485,#12486),
 .UNSPECIFIED.,.F.,.F.,(4,4),(3.68628738645072E-18,0.00231834083042089),
 .UNSPECIFIED.);
#3252=B_SPLINE_CURVE_WITH_KNOTS('',3,(#12488,#12489,#12490,#12491),
 .UNSPECIFIED.,.F.,.F.,(4,4),(2.63378572839031E-17,0.000983726654325165),
 .UNSPECIFIED.);
#3253=EDGE_LOOP('',(#909));
#3254=EDGE_LOOP('',(#910,#911,#912,#913,#914,#915,#916,#917,#918,#919,#920,
#921));
#3255=EDGE_LOOP('',(#922,#923,#924,#925));
#3256=EDGE_LOOP('',(#926,#927,#928,#929));
#3257=EDGE_LOOP('',(#930,#931,#932,#933));
#3258=EDGE_LOOP('',(#934,#935,#936,#937));
#3259=EDGE_LOOP('',(#938,#939,#940,#941));
#3260=EDGE_LOOP('',(#942,#943,#944,#945));
#3261=EDGE_LOOP('',(#946,#947,#948,#949));
#3262=EDGE_LOOP('',(#950,#951,#952,#953));
#3263=EDGE_LOOP('',(#954,#955,#956,#957));
#3264=EDGE_LOOP('',(#958,#959,#960,#961));
#3265=EDGE_LOOP('',(#962,#963,#964,#965));
#3266=EDGE_LOOP('',(#966,#967,#968,#969));
#3267=EDGE_LOOP('',(#970,#971,#972,#973));
#3268=EDGE_LOOP('',(#974,#975,#976,#977));
#3269=EDGE_LOOP('',(#978,#979,#980,#981));
#3270=EDGE_LOOP('',(#982,#983,#984,#985));
#3271=EDGE_LOOP('',(#986,#987,#988,#989));
#3272=EDGE_LOOP('',(#990,#991,#992,#993,#994,#995,#996,#997,#998,#999,#1000,
#1001));
#3273=EDGE_LOOP('',(#1002,#1003,#1004,#1005));
#3274=EDGE_LOOP('',(#1006,#1007,#1008,#1009));
#3275=EDGE_LOOP('',(#1010,#1011,#1012,#1013));
#3276=EDGE_LOOP('',(#1014,#1015,#1016,#1017));
#3277=EDGE_LOOP('',(#1018,#1019,#1020,#1021));
#3278=EDGE_LOOP('',(#1022,#1023,#1024,#1025));
#3279=EDGE_LOOP('',(#1026,#1027,#1028,#1029));
#3280=EDGE_LOOP('',(#1030,#1031,#1032,#1033));
#3281=EDGE_LOOP('',(#1034,#1035,#1036,#1037));
#3282=EDGE_LOOP('',(#1038,#1039,#1040,#1041));
#3283=EDGE_LOOP('',(#1042,#1043,#1044,#1045));
#3284=EDGE_LOOP('',(#1046,#1047,#1048,#1049));
#3285=EDGE_LOOP('',(#1050,#1051,#1052,#1053,#1054,#1055,#1056,#1057,#1058,
#1059,#1060,#1061));
#3286=EDGE_LOOP('',(#1062,#1063,#1064,#1065));
#3287=EDGE_LOOP('',(#1066,#1067,#1068,#1069));
#3288=EDGE_LOOP('',(#1070,#1071,#1072,#1073));
#3289=EDGE_LOOP('',(#1074,#1075,#1076,#1077));
#3290=EDGE_LOOP('',(#1078,#1079,#1080,#1081));
#3291=EDGE_LOOP('',(#1082,#1083,#1084,#1085));
#3292=EDGE_LOOP('',(#1086,#1087,#1088,#1089));
#3293=EDGE_LOOP('',(#1090,#1091,#1092,#1093));
#3294=EDGE_LOOP('',(#1094,#1095,#1096,#1097));
#3295=EDGE_LOOP('',(#1098,#1099,#1100,#1101));
#3296=EDGE_LOOP('',(#1102,#1103,#1104,#1105));
#3297=EDGE_LOOP('',(#1106,#1107,#1108,#1109));
#3298=EDGE_LOOP('',(#1110,#1111,#1112,#1113,#1114,#1115,#1116,#1117,#1118,
#1119,#1120,#1121));
#3299=EDGE_LOOP('',(#1122,#1123,#1124,#1125));
#3300=EDGE_LOOP('',(#1126,#1127,#1128,#1129));
#3301=EDGE_LOOP('',(#1130,#1131,#1132,#1133));
#3302=EDGE_LOOP('',(#1134,#1135,#1136,#1137));
#3303=EDGE_LOOP('',(#1138,#1139,#1140,#1141));
#3304=EDGE_LOOP('',(#1142,#1143,#1144,#1145));
#3305=EDGE_LOOP('',(#1146,#1147,#1148,#1149));
#3306=EDGE_LOOP('',(#1150,#1151,#1152,#1153));
#3307=EDGE_LOOP('',(#1154,#1155,#1156,#1157));
#3308=EDGE_LOOP('',(#1158,#1159,#1160,#1161));
#3309=EDGE_LOOP('',(#1162,#1163,#1164,#1165));
#3310=EDGE_LOOP('',(#1166,#1167,#1168,#1169));
#3311=EDGE_LOOP('',(#1170,#1171,#1172,#1173,#1174,#1175,#1176,#1177,#1178,
#1179,#1180,#1181));
#3312=EDGE_LOOP('',(#1182,#1183,#1184,#1185));
#3313=EDGE_LOOP('',(#1186,#1187,#1188,#1189));
#3314=EDGE_LOOP('',(#1190,#1191,#1192,#1193));
#3315=EDGE_LOOP('',(#1194,#1195,#1196,#1197));
#3316=EDGE_LOOP('',(#1198,#1199,#1200,#1201));
#3317=EDGE_LOOP('',(#1202,#1203,#1204,#1205));
#3318=EDGE_LOOP('',(#1206,#1207,#1208,#1209));
#3319=EDGE_LOOP('',(#1210,#1211,#1212,#1213));
#3320=EDGE_LOOP('',(#1214,#1215,#1216,#1217));
#3321=EDGE_LOOP('',(#1218,#1219,#1220,#1221));
#3322=EDGE_LOOP('',(#1222,#1223,#1224,#1225));
#3323=EDGE_LOOP('',(#1226,#1227,#1228,#1229));
#3324=EDGE_LOOP('',(#1230,#1231,#1232,#1233,#1234,#1235,#1236,#1237,#1238,
#1239,#1240,#1241));
#3325=EDGE_LOOP('',(#1242,#1243,#1244,#1245));
#3326=EDGE_LOOP('',(#1246,#1247,#1248,#1249));
#3327=EDGE_LOOP('',(#1250,#1251,#1252,#1253));
#3328=EDGE_LOOP('',(#1254,#1255,#1256,#1257));
#3329=EDGE_LOOP('',(#1258,#1259,#1260,#1261));
#3330=EDGE_LOOP('',(#1262,#1263,#1264,#1265));
#3331=EDGE_LOOP('',(#1266,#1267,#1268,#1269));
#3332=EDGE_LOOP('',(#1270,#1271,#1272,#1273));
#3333=EDGE_LOOP('',(#1274,#1275,#1276,#1277));
#3334=EDGE_LOOP('',(#1278,#1279,#1280,#1281));
#3335=EDGE_LOOP('',(#1282,#1283,#1284,#1285));
#3336=EDGE_LOOP('',(#1286,#1287,#1288,#1289));
#3337=EDGE_LOOP('',(#1290,#1291,#1292,#1293,#1294,#1295,#1296,#1297,#1298,
#1299,#1300,#1301));
#3338=EDGE_LOOP('',(#1302,#1303,#1304,#1305));
#3339=EDGE_LOOP('',(#1306,#1307,#1308,#1309));
#3340=EDGE_LOOP('',(#1310,#1311,#1312,#1313));
#3341=EDGE_LOOP('',(#1314,#1315,#1316,#1317));
#3342=EDGE_LOOP('',(#1318,#1319,#1320,#1321));
#3343=EDGE_LOOP('',(#1322,#1323,#1324,#1325));
#3344=EDGE_LOOP('',(#1326,#1327,#1328,#1329));
#3345=EDGE_LOOP('',(#1330,#1331,#1332,#1333));
#3346=EDGE_LOOP('',(#1334,#1335,#1336,#1337));
#3347=EDGE_LOOP('',(#1338,#1339,#1340,#1341));
#3348=EDGE_LOOP('',(#1342,#1343,#1344,#1345));
#3349=EDGE_LOOP('',(#1346,#1347,#1348,#1349));
#3350=EDGE_LOOP('',(#1350,#1351,#1352,#1353,#1354,#1355,#1356,#1357,#1358,
#1359,#1360,#1361));
#3351=EDGE_LOOP('',(#1362,#1363,#1364,#1365));
#3352=EDGE_LOOP('',(#1366,#1367,#1368,#1369));
#3353=EDGE_LOOP('',(#1370,#1371,#1372,#1373));
#3354=EDGE_LOOP('',(#1374,#1375,#1376,#1377));
#3355=EDGE_LOOP('',(#1378,#1379,#1380,#1381));
#3356=EDGE_LOOP('',(#1382,#1383,#1384,#1385));
#3357=EDGE_LOOP('',(#1386,#1387,#1388,#1389));
#3358=EDGE_LOOP('',(#1390,#1391,#1392,#1393));
#3359=EDGE_LOOP('',(#1394,#1395,#1396,#1397));
#3360=EDGE_LOOP('',(#1398,#1399,#1400,#1401));
#3361=EDGE_LOOP('',(#1402,#1403,#1404,#1405));
#3362=EDGE_LOOP('',(#1406,#1407,#1408,#1409));
#3363=EDGE_LOOP('',(#1410,#1411,#1412,#1413,#1414,#1415,#1416,#1417,#1418,
#1419,#1420,#1421));
#3364=EDGE_LOOP('',(#1422,#1423,#1424,#1425));
#3365=EDGE_LOOP('',(#1426,#1427,#1428,#1429));
#3366=EDGE_LOOP('',(#1430,#1431,#1432,#1433));
#3367=EDGE_LOOP('',(#1434,#1435,#1436,#1437));
#3368=EDGE_LOOP('',(#1438,#1439,#1440,#1441));
#3369=EDGE_LOOP('',(#1442,#1443,#1444,#1445));
#3370=EDGE_LOOP('',(#1446,#1447,#1448,#1449));
#3371=EDGE_LOOP('',(#1450,#1451,#1452,#1453));
#3372=EDGE_LOOP('',(#1454,#1455,#1456,#1457));
#3373=EDGE_LOOP('',(#1458,#1459,#1460,#1461));
#3374=EDGE_LOOP('',(#1462,#1463,#1464,#1465));
#3375=EDGE_LOOP('',(#1466,#1467,#1468,#1469));
#3376=EDGE_LOOP('',(#1470,#1471));
#3377=EDGE_LOOP('',(#1472,#1473,#1474,#1475,#1476,#1477,#1478));
#3378=EDGE_LOOP('',(#1479,#1480));
#3379=EDGE_LOOP('',(#1481,#1482,#1483,#1484));
#3380=EDGE_LOOP('',(#1485,#1486,#1487,#1488));
#3381=EDGE_LOOP('',(#1489,#1490,#1491,#1492));
#3382=EDGE_LOOP('',(#1493,#1494,#1495,#1496));
#3383=EDGE_LOOP('',(#1497,#1498,#1499,#1500));
#3384=EDGE_LOOP('',(#1501,#1502,#1503,#1504));
#3385=EDGE_LOOP('',(#1505,#1506,#1507,#1508));
#3386=EDGE_LOOP('',(#1509,#1510,#1511,#1512));
#3387=EDGE_LOOP('',(#1513,#1514,#1515,#1516));
#3388=EDGE_LOOP('',(#1517,#1518,#1519,#1520));
#3389=EDGE_LOOP('',(#1521,#1522,#1523,#1524));
#3390=EDGE_LOOP('',(#1525,#1526,#1527,#1528));
#3391=EDGE_LOOP('',(#1529,#1530,#1531,#1532));
#3392=EDGE_LOOP('',(#1533,#1534,#1535,#1536));
#3393=EDGE_LOOP('',(#1537,#1538,#1539,#1540,#1541,#1542,#1543,#1544,#1545,
#1546,#1547,#1548));
#3394=EDGE_LOOP('',(#1549,#1550,#1551,#1552));
#3395=EDGE_LOOP('',(#1553,#1554,#1555,#1556));
#3396=EDGE_LOOP('',(#1557,#1558,#1559,#1560));
#3397=EDGE_LOOP('',(#1561,#1562,#1563,#1564));
#3398=EDGE_LOOP('',(#1565,#1566,#1567,#1568));
#3399=EDGE_LOOP('',(#1569,#1570,#1571,#1572));
#3400=EDGE_LOOP('',(#1573,#1574,#1575,#1576));
#3401=EDGE_LOOP('',(#1577,#1578,#1579,#1580));
#3402=EDGE_LOOP('',(#1581,#1582,#1583,#1584));
#3403=EDGE_LOOP('',(#1585,#1586,#1587,#1588));
#3404=EDGE_LOOP('',(#1589,#1590,#1591,#1592));
#3405=EDGE_LOOP('',(#1593,#1594,#1595,#1596));
#3406=EDGE_LOOP('',(#1597,#1598,#1599,#1600,#1601,#1602,#1603,#1604,#1605,
#1606));
#3407=EDGE_LOOP('',(#1607,#1608,#1609,#1610));
#3408=EDGE_LOOP('',(#1611,#1612,#1613,#1614));
#3409=EDGE_LOOP('',(#1615,#1616,#1617,#1618));
#3410=EDGE_LOOP('',(#1619,#1620,#1621,#1622));
#3411=EDGE_LOOP('',(#1623,#1624,#1625,#1626));
#3412=EDGE_LOOP('',(#1627,#1628,#1629,#1630));
#3413=EDGE_LOOP('',(#1631,#1632,#1633,#1634));
#3414=EDGE_LOOP('',(#1635,#1636,#1637,#1638));
#3415=EDGE_LOOP('',(#1639,#1640,#1641,#1642));
#3416=EDGE_LOOP('',(#1643,#1644,#1645,#1646));
#3417=EDGE_LOOP('',(#1647,#1648,#1649,#1650,#1651,#1652));
#3418=EDGE_LOOP('',(#1653,#1654,#1655,#1656));
#3419=EDGE_LOOP('',(#1657,#1658,#1659,#1660));
#3420=EDGE_LOOP('',(#1661,#1662,#1663,#1664));
#3421=EDGE_LOOP('',(#1665,#1666,#1667,#1668));
#3422=EDGE_LOOP('',(#1669,#1670,#1671,#1672));
#3423=EDGE_LOOP('',(#1673,#1674,#1675,#1676));
#3424=EDGE_LOOP('',(#1677,#1678,#1679));
#3425=EDGE_LOOP('',(#1680));
#3426=EDGE_LOOP('',(#1681,#1682,#1683,#1684));
#3427=EDGE_LOOP('',(#1685));
#3428=EDGE_LOOP('',(#1686));
#3429=EDGE_LOOP('',(#1687,#1688,#1689,#1690));
#3430=EDGE_LOOP('',(#1691,#1692,#1693,#1694));
#3431=EDGE_LOOP('',(#1695,#1696,#1697,#1698,#1699,#1700,#1701));
#3432=EDGE_LOOP('',(#1702,#1703,#1704,#1705));
#3433=EDGE_LOOP('',(#1706,#1707,#1708,#1709));
#3434=EDGE_LOOP('',(#1710,#1711,#1712,#1713));
#3435=EDGE_LOOP('',(#1714,#1715,#1716,#1717));
#3436=EDGE_LOOP('',(#1718,#1719,#1720,#1721));
#3437=EDGE_LOOP('',(#1722,#1723,#1724,#1725));
#3438=EDGE_LOOP('',(#1726,#1727,#1728,#1729));
#3439=EDGE_LOOP('',(#1730,#1731,#1732,#1733,#1734,#1735,#1736));
#3440=EDGE_LOOP('',(#1737,#1738,#1739,#1740));
#3441=EDGE_LOOP('',(#1741,#1742,#1743,#1744));
#3442=EDGE_LOOP('',(#1745,#1746,#1747,#1748));
#3443=EDGE_LOOP('',(#1749,#1750,#1751,#1752));
#3444=EDGE_LOOP('',(#1753,#1754,#1755,#1756));
#3445=EDGE_LOOP('',(#1757,#1758,#1759,#1760));
#3446=EDGE_LOOP('',(#1761,#1762,#1763,#1764));
#3447=EDGE_LOOP('',(#1765,#1766,#1767,#1768,#1769,#1770,#1771,#1772,#1773,
#1774,#1775,#1776));
#3448=EDGE_LOOP('',(#1777,#1778,#1779,#1780));
#3449=EDGE_LOOP('',(#1781,#1782,#1783,#1784));
#3450=EDGE_LOOP('',(#1785,#1786,#1787,#1788));
#3451=EDGE_LOOP('',(#1789,#1790,#1791,#1792));
#3452=EDGE_LOOP('',(#1793,#1794,#1795,#1796));
#3453=EDGE_LOOP('',(#1797,#1798,#1799,#1800));
#3454=EDGE_LOOP('',(#1801,#1802,#1803,#1804));
#3455=EDGE_LOOP('',(#1805,#1806,#1807,#1808));
#3456=EDGE_LOOP('',(#1809,#1810,#1811,#1812));
#3457=EDGE_LOOP('',(#1813,#1814,#1815,#1816));
#3458=EDGE_LOOP('',(#1817,#1818,#1819,#1820));
#3459=EDGE_LOOP('',(#1821,#1822,#1823,#1824));
#3460=EDGE_LOOP('',(#1825,#1826,#1827,#1828,#1829,#1830));
#3461=EDGE_LOOP('',(#1831));
#3462=EDGE_LOOP('',(#1832));
#3463=EDGE_LOOP('',(#1833));
#3464=EDGE_LOOP('',(#1834));
#3465=EDGE_LOOP('',(#1835));
#3466=EDGE_LOOP('',(#1836));
#3467=EDGE_LOOP('',(#1837));
#3468=EDGE_LOOP('',(#1838));
#3469=EDGE_LOOP('',(#1839));
#3470=EDGE_LOOP('',(#1840));
#3471=EDGE_LOOP('',(#1841));
#3472=EDGE_LOOP('',(#1842));
#3473=EDGE_LOOP('',(#1843));
#3474=EDGE_LOOP('',(#1844));
#3475=EDGE_LOOP('',(#1845));
#3476=EDGE_LOOP('',(#1846));
#3477=EDGE_LOOP('',(#1847));
#3478=EDGE_LOOP('',(#1848));
#3479=EDGE_LOOP('',(#1849));
#3480=EDGE_LOOP('',(#1850));
#3481=EDGE_LOOP('',(#1851));
#3482=EDGE_LOOP('',(#1852));
#3483=EDGE_LOOP('',(#1853));
#3484=EDGE_LOOP('',(#1854));
#3485=EDGE_LOOP('',(#1855));
#3486=EDGE_LOOP('',(#1856));
#3487=EDGE_LOOP('',(#1857));
#3488=EDGE_LOOP('',(#1858));
#3489=EDGE_LOOP('',(#1859));
#3490=EDGE_LOOP('',(#1860));
#3491=EDGE_LOOP('',(#1861));
#3492=EDGE_LOOP('',(#1862));
#3493=EDGE_LOOP('',(#1863));
#3494=EDGE_LOOP('',(#1864));
#3495=EDGE_LOOP('',(#1865));
#3496=EDGE_LOOP('',(#1866));
#3497=EDGE_LOOP('',(#1867));
#3498=EDGE_LOOP('',(#1868));
#3499=EDGE_LOOP('',(#1869));
#3500=EDGE_LOOP('',(#1870));
#3501=EDGE_LOOP('',(#1871));
#3502=EDGE_LOOP('',(#1872));
#3503=EDGE_LOOP('',(#1873));
#3504=EDGE_LOOP('',(#1874));
#3505=EDGE_LOOP('',(#1875));
#3506=EDGE_LOOP('',(#1876));
#3507=EDGE_LOOP('',(#1877));
#3508=EDGE_LOOP('',(#1878));
#3509=EDGE_LOOP('',(#1879));
#3510=EDGE_LOOP('',(#1880));
#3511=EDGE_LOOP('',(#1881));
#3512=EDGE_LOOP('',(#1882));
#3513=EDGE_LOOP('',(#1883));
#3514=EDGE_LOOP('',(#1884));
#3515=EDGE_LOOP('',(#1885));
#3516=EDGE_LOOP('',(#1886));
#3517=EDGE_LOOP('',(#1887));
#3518=EDGE_LOOP('',(#1888));
#3519=EDGE_LOOP('',(#1889));
#3520=EDGE_LOOP('',(#1890));
#3521=EDGE_LOOP('',(#1891));
#3522=EDGE_LOOP('',(#1892));
#3523=EDGE_LOOP('',(#1893));
#3524=EDGE_LOOP('',(#1894));
#3525=EDGE_LOOP('',(#1895));
#3526=EDGE_LOOP('',(#1896));
#3527=EDGE_LOOP('',(#1897));
#3528=EDGE_LOOP('',(#1898));
#3529=EDGE_LOOP('',(#1899));
#3530=EDGE_LOOP('',(#1900));
#3531=EDGE_LOOP('',(#1901));
#3532=EDGE_LOOP('',(#1902));
#3533=EDGE_LOOP('',(#1903,#1904,#1905,#1906));
#3534=EDGE_LOOP('',(#1907,#1908));
#3535=EDGE_LOOP('',(#1909));
#3536=EDGE_LOOP('',(#1910));
#3537=EDGE_LOOP('',(#1911));
#3538=EDGE_LOOP('',(#1912));
#3539=EDGE_LOOP('',(#1913,#1914,#1915,#1916));
#3540=EDGE_LOOP('',(#1917));
#3541=EDGE_LOOP('',(#1918));
#3542=EDGE_LOOP('',(#1919));
#3543=EDGE_LOOP('',(#1920,#1921));
#3544=EDGE_LOOP('',(#1922));
#3545=EDGE_LOOP('',(#1923,#1924,#1925,#1926,#1927,#1928,#1929,#1930,#1931,
#1932,#1933,#1934));
#3546=EDGE_LOOP('',(#1935,#1936,#1937,#1938,#1939,#1940,#1941));
#3547=EDGE_LOOP('',(#1942,#1943,#1944,#1945,#1946,#1947,#1948));
#3548=EDGE_LOOP('',(#1949,#1950,#1951));
#3549=EDGE_LOOP('',(#1952,#1953,#1954,#1955,#1956,#1957));
#3550=EDGE_LOOP('',(#1958,#1959,#1960,#1961,#1962,#1963,#1964,#1965,#1966,
#1967));
#3551=EDGE_LOOP('',(#1968,#1969,#1970,#1971,#1972,#1973,#1974,#1975,#1976,
#1977,#1978,#1979));
#3552=EDGE_LOOP('',(#1980,#1981,#1982,#1983));
#3553=EDGE_LOOP('',(#1984,#1985,#1986,#1987,#1988,#1989,#1990));
#3554=EDGE_LOOP('',(#1991,#1992,#1993,#1994,#1995,#1996,#1997,#1998,#1999,
#2000,#2001,#2002));
#3555=EDGE_LOOP('',(#2003,#2004,#2005,#2006,#2007,#2008,#2009,#2010,#2011,
#2012,#2013,#2014));
#3556=EDGE_LOOP('',(#2015,#2016,#2017,#2018,#2019,#2020,#2021,#2022,#2023,
#2024,#2025,#2026));
#3557=EDGE_LOOP('',(#2027,#2028,#2029,#2030,#2031,#2032,#2033,#2034,#2035,
#2036,#2037,#2038));
#3558=EDGE_LOOP('',(#2039,#2040,#2041,#2042,#2043,#2044,#2045,#2046,#2047,
#2048,#2049,#2050));
#3559=EDGE_LOOP('',(#2051,#2052,#2053,#2054,#2055,#2056,#2057,#2058,#2059,
#2060,#2061,#2062));
#3560=EDGE_LOOP('',(#2063,#2064,#2065,#2066));
#3561=EDGE_LOOP('',(#2067,#2068,#2069,#2070,#2071,#2072,#2073,#2074,#2075,
#2076,#2077,#2078));
#3562=EDGE_LOOP('',(#2079,#2080,#2081,#2082,#2083,#2084,#2085,#2086,#2087,
#2088,#2089,#2090));
#3563=EDGE_LOOP('',(#2091,#2092,#2093,#2094,#2095,#2096,#2097,#2098,#2099,
#2100,#2101,#2102));
#3564=EDGE_LOOP('',(#2103));
#3565=EDGE_LOOP('',(#2104));
#3566=EDGE_LOOP('',(#2105));
#3567=EDGE_LOOP('',(#2106));
#3568=EDGE_LOOP('',(#2107));
#3569=EDGE_LOOP('',(#2108));
#3570=EDGE_LOOP('',(#2109));
#3571=EDGE_LOOP('',(#2110));
#3572=FACE_BOUND('',#3253,.T.);
#3573=FACE_BOUND('',#3254,.T.);
#3574=FACE_BOUND('',#3255,.T.);
#3575=FACE_BOUND('',#3256,.T.);
#3576=FACE_BOUND('',#3257,.T.);
#3577=FACE_BOUND('',#3258,.T.);
#3578=FACE_BOUND('',#3259,.T.);
#3579=FACE_BOUND('',#3260,.T.);
#3580=FACE_BOUND('',#3261,.T.);
#3581=FACE_BOUND('',#3262,.T.);
#3582=FACE_BOUND('',#3263,.T.);
#3583=FACE_BOUND('',#3264,.T.);
#3584=FACE_BOUND('',#3265,.T.);
#3585=FACE_BOUND('',#3266,.T.);
#3586=FACE_BOUND('',#3267,.T.);
#3587=FACE_BOUND('',#3268,.T.);
#3588=FACE_BOUND('',#3269,.T.);
#3589=FACE_BOUND('',#3270,.T.);
#3590=FACE_BOUND('',#3271,.T.);
#3591=FACE_BOUND('',#3272,.T.);
#3592=FACE_BOUND('',#3273,.T.);
#3593=FACE_BOUND('',#3274,.T.);
#3594=FACE_BOUND('',#3275,.T.);
#3595=FACE_BOUND('',#3276,.T.);
#3596=FACE_BOUND('',#3277,.T.);
#3597=FACE_BOUND('',#3278,.T.);
#3598=FACE_BOUND('',#3279,.T.);
#3599=FACE_BOUND('',#3280,.T.);
#3600=FACE_BOUND('',#3281,.T.);
#3601=FACE_BOUND('',#3282,.T.);
#3602=FACE_BOUND('',#3283,.T.);
#3603=FACE_BOUND('',#3284,.T.);
#3604=FACE_BOUND('',#3285,.T.);
#3605=FACE_BOUND('',#3286,.T.);
#3606=FACE_BOUND('',#3287,.T.);
#3607=FACE_BOUND('',#3288,.T.);
#3608=FACE_BOUND('',#3289,.T.);
#3609=FACE_BOUND('',#3290,.T.);
#3610=FACE_BOUND('',#3291,.T.);
#3611=FACE_BOUND('',#3292,.T.);
#3612=FACE_BOUND('',#3293,.T.);
#3613=FACE_BOUND('',#3294,.T.);
#3614=FACE_BOUND('',#3295,.T.);
#3615=FACE_BOUND('',#3296,.T.);
#3616=FACE_BOUND('',#3297,.T.);
#3617=FACE_BOUND('',#3298,.T.);
#3618=FACE_BOUND('',#3299,.T.);
#3619=FACE_BOUND('',#3300,.T.);
#3620=FACE_BOUND('',#3301,.T.);
#3621=FACE_BOUND('',#3302,.T.);
#3622=FACE_BOUND('',#3303,.T.);
#3623=FACE_BOUND('',#3304,.T.);
#3624=FACE_BOUND('',#3305,.T.);
#3625=FACE_BOUND('',#3306,.T.);
#3626=FACE_BOUND('',#3307,.T.);
#3627=FACE_BOUND('',#3308,.T.);
#3628=FACE_BOUND('',#3309,.T.);
#3629=FACE_BOUND('',#3310,.T.);
#3630=FACE_BOUND('',#3311,.T.);
#3631=FACE_BOUND('',#3312,.T.);
#3632=FACE_BOUND('',#3313,.T.);
#3633=FACE_BOUND('',#3314,.T.);
#3634=FACE_BOUND('',#3315,.T.);
#3635=FACE_BOUND('',#3316,.T.);
#3636=FACE_BOUND('',#3317,.T.);
#3637=FACE_BOUND('',#3318,.T.);
#3638=FACE_BOUND('',#3319,.T.);
#3639=FACE_BOUND('',#3320,.T.);
#3640=FACE_BOUND('',#3321,.T.);
#3641=FACE_BOUND('',#3322,.T.);
#3642=FACE_BOUND('',#3323,.T.);
#3643=FACE_BOUND('',#3324,.T.);
#3644=FACE_BOUND('',#3325,.T.);
#3645=FACE_BOUND('',#3326,.T.);
#3646=FACE_BOUND('',#3327,.T.);
#3647=FACE_BOUND('',#3328,.T.);
#3648=FACE_BOUND('',#3329,.T.);
#3649=FACE_BOUND('',#3330,.T.);
#3650=FACE_BOUND('',#3331,.T.);
#3651=FACE_BOUND('',#3332,.T.);
#3652=FACE_BOUND('',#3333,.T.);
#3653=FACE_BOUND('',#3334,.T.);
#3654=FACE_BOUND('',#3335,.T.);
#3655=FACE_BOUND('',#3336,.T.);
#3656=FACE_BOUND('',#3337,.T.);
#3657=FACE_BOUND('',#3338,.T.);
#3658=FACE_BOUND('',#3339,.T.);
#3659=FACE_BOUND('',#3340,.T.);
#3660=FACE_BOUND('',#3341,.T.);
#3661=FACE_BOUND('',#3342,.T.);
#3662=FACE_BOUND('',#3343,.T.);
#3663=FACE_BOUND('',#3344,.T.);
#3664=FACE_BOUND('',#3345,.T.);
#3665=FACE_BOUND('',#3346,.T.);
#3666=FACE_BOUND('',#3347,.T.);
#3667=FACE_BOUND('',#3348,.T.);
#3668=FACE_BOUND('',#3349,.T.);
#3669=FACE_BOUND('',#3350,.T.);
#3670=FACE_BOUND('',#3351,.T.);
#3671=FACE_BOUND('',#3352,.T.);
#3672=FACE_BOUND('',#3353,.T.);
#3673=FACE_BOUND('',#3354,.T.);
#3674=FACE_BOUND('',#3355,.T.);
#3675=FACE_BOUND('',#3356,.T.);
#3676=FACE_BOUND('',#3357,.T.);
#3677=FACE_BOUND('',#3358,.T.);
#3678=FACE_BOUND('',#3359,.T.);
#3679=FACE_BOUND('',#3360,.T.);
#3680=FACE_BOUND('',#3361,.T.);
#3681=FACE_BOUND('',#3362,.T.);
#3682=FACE_BOUND('',#3363,.T.);
#3683=FACE_BOUND('',#3364,.T.);
#3684=FACE_BOUND('',#3365,.T.);
#3685=FACE_BOUND('',#3366,.T.);
#3686=FACE_BOUND('',#3367,.T.);
#3687=FACE_BOUND('',#3368,.T.);
#3688=FACE_BOUND('',#3369,.T.);
#3689=FACE_BOUND('',#3370,.T.);
#3690=FACE_BOUND('',#3371,.T.);
#3691=FACE_BOUND('',#3372,.T.);
#3692=FACE_BOUND('',#3373,.T.);
#3693=FACE_BOUND('',#3374,.T.);
#3694=FACE_BOUND('',#3375,.T.);
#3695=FACE_BOUND('',#3376,.T.);
#3696=FACE_BOUND('',#3377,.T.);
#3697=FACE_BOUND('',#3378,.T.);
#3698=FACE_BOUND('',#3379,.T.);
#3699=FACE_BOUND('',#3380,.T.);
#3700=FACE_BOUND('',#3381,.T.);
#3701=FACE_BOUND('',#3382,.T.);
#3702=FACE_BOUND('',#3383,.T.);
#3703=FACE_BOUND('',#3384,.T.);
#3704=FACE_BOUND('',#3385,.T.);
#3705=FACE_BOUND('',#3386,.T.);
#3706=FACE_BOUND('',#3387,.T.);
#3707=FACE_BOUND('',#3388,.T.);
#3708=FACE_BOUND('',#3389,.T.);
#3709=FACE_BOUND('',#3390,.T.);
#3710=FACE_BOUND('',#3391,.T.);
#3711=FACE_BOUND('',#3392,.T.);
#3712=FACE_BOUND('',#3393,.T.);
#3713=FACE_BOUND('',#3394,.T.);
#3714=FACE_BOUND('',#3395,.T.);
#3715=FACE_BOUND('',#3396,.T.);
#3716=FACE_BOUND('',#3397,.T.);
#3717=FACE_BOUND('',#3398,.T.);
#3718=FACE_BOUND('',#3399,.T.);
#3719=FACE_BOUND('',#3400,.T.);
#3720=FACE_BOUND('',#3401,.T.);
#3721=FACE_BOUND('',#3402,.T.);
#3722=FACE_BOUND('',#3403,.T.);
#3723=FACE_BOUND('',#3404,.T.);
#3724=FACE_BOUND('',#3405,.T.);
#3725=FACE_BOUND('',#3406,.T.);
#3726=FACE_BOUND('',#3407,.T.);
#3727=FACE_BOUND('',#3408,.T.);
#3728=FACE_BOUND('',#3409,.T.);
#3729=FACE_BOUND('',#3410,.T.);
#3730=FACE_BOUND('',#3411,.T.);
#3731=FACE_BOUND('',#3412,.T.);
#3732=FACE_BOUND('',#3413,.T.);
#3733=FACE_BOUND('',#3414,.T.);
#3734=FACE_BOUND('',#3415,.T.);
#3735=FACE_BOUND('',#3416,.T.);
#3736=FACE_BOUND('',#3417,.T.);
#3737=FACE_BOUND('',#3418,.T.);
#3738=FACE_BOUND('',#3419,.T.);
#3739=FACE_BOUND('',#3420,.T.);
#3740=FACE_BOUND('',#3421,.T.);
#3741=FACE_BOUND('',#3422,.T.);
#3742=FACE_BOUND('',#3423,.T.);
#3743=FACE_BOUND('',#3424,.T.);
#3744=FACE_BOUND('',#3425,.T.);
#3745=FACE_BOUND('',#3426,.T.);
#3746=FACE_BOUND('',#3427,.T.);
#3747=FACE_BOUND('',#3428,.T.);
#3748=FACE_BOUND('',#3429,.T.);
#3749=FACE_BOUND('',#3430,.T.);
#3750=FACE_BOUND('',#3431,.T.);
#3751=FACE_BOUND('',#3432,.T.);
#3752=FACE_BOUND('',#3433,.T.);
#3753=FACE_BOUND('',#3434,.T.);
#3754=FACE_BOUND('',#3435,.T.);
#3755=FACE_BOUND('',#3436,.T.);
#3756=FACE_BOUND('',#3437,.T.);
#3757=FACE_BOUND('',#3438,.T.);
#3758=FACE_BOUND('',#3439,.T.);
#3759=FACE_BOUND('',#3440,.T.);
#3760=FACE_BOUND('',#3441,.T.);
#3761=FACE_BOUND('',#3442,.T.);
#3762=FACE_BOUND('',#3443,.T.);
#3763=FACE_BOUND('',#3444,.T.);
#3764=FACE_BOUND('',#3445,.T.);
#3765=FACE_BOUND('',#3446,.T.);
#3766=FACE_BOUND('',#3447,.T.);
#3767=FACE_BOUND('',#3448,.T.);
#3768=FACE_BOUND('',#3449,.T.);
#3769=FACE_BOUND('',#3450,.T.);
#3770=FACE_BOUND('',#3451,.T.);
#3771=FACE_BOUND('',#3452,.T.);
#3772=FACE_BOUND('',#3453,.T.);
#3773=FACE_BOUND('',#3454,.T.);
#3774=FACE_BOUND('',#3455,.T.);
#3775=FACE_BOUND('',#3456,.T.);
#3776=FACE_BOUND('',#3457,.T.);
#3777=FACE_BOUND('',#3458,.T.);
#3778=FACE_BOUND('',#3459,.T.);
#3779=FACE_BOUND('',#3460,.T.);
#3780=FACE_BOUND('',#3461,.T.);
#3781=FACE_BOUND('',#3462,.T.);
#3782=FACE_BOUND('',#3463,.T.);
#3783=FACE_BOUND('',#3464,.T.);
#3784=FACE_BOUND('',#3465,.T.);
#3785=FACE_BOUND('',#3466,.T.);
#3786=FACE_BOUND('',#3467,.T.);
#3787=FACE_BOUND('',#3468,.T.);
#3788=FACE_BOUND('',#3469,.T.);
#3789=FACE_BOUND('',#3470,.T.);
#3790=FACE_BOUND('',#3471,.T.);
#3791=FACE_BOUND('',#3472,.T.);
#3792=FACE_BOUND('',#3473,.T.);
#3793=FACE_BOUND('',#3474,.T.);
#3794=FACE_BOUND('',#3475,.T.);
#3795=FACE_BOUND('',#3476,.T.);
#3796=FACE_BOUND('',#3477,.T.);
#3797=FACE_BOUND('',#3478,.T.);
#3798=FACE_BOUND('',#3479,.T.);
#3799=FACE_BOUND('',#3480,.T.);
#3800=FACE_BOUND('',#3481,.T.);
#3801=FACE_BOUND('',#3482,.T.);
#3802=FACE_BOUND('',#3483,.T.);
#3803=FACE_BOUND('',#3484,.T.);
#3804=FACE_BOUND('',#3485,.T.);
#3805=FACE_BOUND('',#3486,.T.);
#3806=FACE_BOUND('',#3487,.T.);
#3807=FACE_BOUND('',#3488,.T.);
#3808=FACE_BOUND('',#3489,.T.);
#3809=FACE_BOUND('',#3490,.T.);
#3810=FACE_BOUND('',#3491,.T.);
#3811=FACE_BOUND('',#3492,.T.);
#3812=FACE_BOUND('',#3493,.T.);
#3813=FACE_BOUND('',#3494,.T.);
#3814=FACE_BOUND('',#3495,.T.);
#3815=FACE_BOUND('',#3496,.T.);
#3816=FACE_BOUND('',#3497,.T.);
#3817=FACE_BOUND('',#3498,.T.);
#3818=FACE_BOUND('',#3499,.T.);
#3819=FACE_BOUND('',#3500,.T.);
#3820=FACE_BOUND('',#3501,.T.);
#3821=FACE_BOUND('',#3502,.T.);
#3822=FACE_BOUND('',#3503,.T.);
#3823=FACE_BOUND('',#3504,.T.);
#3824=FACE_BOUND('',#3505,.T.);
#3825=FACE_BOUND('',#3506,.T.);
#3826=FACE_BOUND('',#3507,.T.);
#3827=FACE_BOUND('',#3508,.T.);
#3828=FACE_BOUND('',#3509,.T.);
#3829=FACE_BOUND('',#3510,.T.);
#3830=FACE_BOUND('',#3511,.T.);
#3831=FACE_BOUND('',#3512,.T.);
#3832=FACE_BOUND('',#3513,.T.);
#3833=FACE_BOUND('',#3514,.T.);
#3834=FACE_BOUND('',#3515,.T.);
#3835=FACE_BOUND('',#3516,.T.);
#3836=FACE_BOUND('',#3517,.T.);
#3837=FACE_BOUND('',#3518,.T.);
#3838=FACE_BOUND('',#3519,.T.);
#3839=FACE_BOUND('',#3520,.T.);
#3840=FACE_BOUND('',#3521,.T.);
#3841=FACE_BOUND('',#3522,.T.);
#3842=FACE_BOUND('',#3523,.T.);
#3843=FACE_BOUND('',#3524,.T.);
#3844=FACE_BOUND('',#3525,.T.);
#3845=FACE_BOUND('',#3526,.T.);
#3846=FACE_BOUND('',#3527,.T.);
#3847=FACE_BOUND('',#3528,.T.);
#3848=FACE_BOUND('',#3529,.T.);
#3849=FACE_BOUND('',#3530,.T.);
#3850=FACE_BOUND('',#3531,.T.);
#3851=FACE_BOUND('',#3532,.T.);
#3852=FACE_BOUND('',#3533,.T.);
#3853=FACE_BOUND('',#3534,.T.);
#3854=FACE_BOUND('',#3535,.T.);
#3855=FACE_BOUND('',#3536,.T.);
#3856=FACE_BOUND('',#3537,.T.);
#3857=FACE_BOUND('',#3538,.T.);
#3858=FACE_BOUND('',#3539,.T.);
#3859=FACE_BOUND('',#3540,.T.);
#3860=FACE_BOUND('',#3541,.T.);
#3861=FACE_BOUND('',#3542,.T.);
#3862=FACE_BOUND('',#3543,.T.);
#3863=FACE_BOUND('',#3544,.T.);
#3864=FACE_BOUND('',#3545,.T.);
#3865=FACE_BOUND('',#3546,.T.);
#3866=FACE_BOUND('',#3547,.T.);
#3867=FACE_BOUND('',#3548,.T.);
#3868=FACE_BOUND('',#3549,.T.);
#3869=FACE_BOUND('',#3550,.T.);
#3870=FACE_BOUND('',#3551,.T.);
#3871=FACE_BOUND('',#3552,.T.);
#3872=FACE_BOUND('',#3553,.T.);
#3873=FACE_BOUND('',#3554,.T.);
#3874=FACE_BOUND('',#3555,.T.);
#3875=FACE_BOUND('',#3556,.T.);
#3876=FACE_BOUND('',#3557,.T.);
#3877=FACE_BOUND('',#3558,.T.);
#3878=FACE_BOUND('',#3559,.T.);
#3879=FACE_BOUND('',#3560,.T.);
#3880=FACE_BOUND('',#3561,.T.);
#3881=FACE_BOUND('',#3562,.T.);
#3882=FACE_BOUND('',#3563,.T.);
#3883=FACE_BOUND('',#3564,.T.);
#3884=FACE_BOUND('',#3565,.T.);
#3885=FACE_BOUND('',#3566,.T.);
#3886=FACE_BOUND('',#3567,.T.);
#3887=FACE_BOUND('',#3568,.T.);
#3888=FACE_BOUND('',#3569,.T.);
#3889=FACE_BOUND('',#3570,.T.);
#3890=FACE_BOUND('',#3571,.T.);
#3891=CYLINDRICAL_SURFACE('',#4600,0.034544);
#3892=CYLINDRICAL_SURFACE('',#4601,0.034417);
#3893=CYLINDRICAL_SURFACE('',#4629,0.034417);
#3894=CYLINDRICAL_SURFACE('',#4638,0.034417);
#3895=CYLINDRICAL_SURFACE('',#4663,0.034417);
#3896=CYLINDRICAL_SURFACE('',#4688,0.034417);
#3897=CYLINDRICAL_SURFACE('',#4713,0.034417);
#3898=CYLINDRICAL_SURFACE('',#4741,0.034417);
#3899=CYLINDRICAL_SURFACE('',#4766,0.034417);
#3900=CYLINDRICAL_SURFACE('',#4791,0.034417);
#3901=CYLINDRICAL_SURFACE('',#4819,0.034417);
#3902=CYLINDRICAL_SURFACE('',#4844,0.034544);
#3903=CYLINDRICAL_SURFACE('',#4845,0.034417);
#3904=CYLINDRICAL_SURFACE('',#4855,0.034417);
#3905=CYLINDRICAL_SURFACE('',#4862,0.034417);
#3906=CYLINDRICAL_SURFACE('',#4887,0.034417);
#3907=CYLINDRICAL_SURFACE('',#4910,0.034417);
#3908=CYLINDRICAL_SURFACE('',#4923,0.034417);
#3909=CYLINDRICAL_SURFACE('',#4927,0.034417);
#3910=CYLINDRICAL_SURFACE('',#4937,0.034417);
#3911=CYLINDRICAL_SURFACE('',#4947,0.034417);
#3912=CYLINDRICAL_SURFACE('',#4972,0.00238125);
#3913=CYLINDRICAL_SURFACE('',#4979,0.0033655);
#3914=CYLINDRICAL_SURFACE('',#4986,0.0033655);
#3915=CYLINDRICAL_SURFACE('',#4993,0.0033655);
#3916=CYLINDRICAL_SURFACE('',#5000,0.0033655);
#3917=CYLINDRICAL_SURFACE('',#5007,0.0033655);
#3918=CYLINDRICAL_SURFACE('',#5014,0.0033655);
#3919=CYLINDRICAL_SURFACE('',#5043,0.018288);
#3920=CYLINDRICAL_SURFACE('',#5045,0.034544);
#3921=CYLINDRICAL_SURFACE('',#5046,0.019177);
#3922=CYLINDRICAL_SURFACE('',#5050,0.02413);
#3923=CYLINDRICAL_SURFACE('',#5053,0.034544);
#3924=CYLINDRICAL_SURFACE('',#5056,0.0191135);
#3925=CYLINDRICAL_SURFACE('',#5059,0.0174625);
#3926=OVER_RIDING_STYLED_ITEM('',(#4235),#3985,#4233);
#3927=OVER_RIDING_STYLED_ITEM('',(#4236),#3986,#4233);
#3928=OVER_RIDING_STYLED_ITEM('',(#4237),#3999,#4233);
#3929=OVER_RIDING_STYLED_ITEM('',(#4238),#4004,#4233);
#3930=OVER_RIDING_STYLED_ITEM('',(#4239),#4017,#4233);
#3931=OVER_RIDING_STYLED_ITEM('',(#4240),#4030,#4233);
#3932=OVER_RIDING_STYLED_ITEM('',(#4241),#4043,#4233);
#3933=OVER_RIDING_STYLED_ITEM('',(#4242),#4056,#4233);
#3934=OVER_RIDING_STYLED_ITEM('',(#4243),#4069,#4233);
#3935=OVER_RIDING_STYLED_ITEM('',(#4244),#4082,#4233);
#3936=OVER_RIDING_STYLED_ITEM('',(#4245),#4095,#4233);
#3937=OVER_RIDING_STYLED_ITEM('',(#4246),#4108,#4233);
#3938=OVER_RIDING_STYLED_ITEM('',(#4247),#4109,#4233);
#3939=OVER_RIDING_STYLED_ITEM('',(#4248),#4119,#4233);
#3940=OVER_RIDING_STYLED_ITEM('',(#4249),#4124,#4233);
#3941=OVER_RIDING_STYLED_ITEM('',(#4250),#4137,#4233);
#3942=OVER_RIDING_STYLED_ITEM('',(#4251),#4148,#4233);
#3943=OVER_RIDING_STYLED_ITEM('',(#4252),#4155,#4233);
#3944=OVER_RIDING_STYLED_ITEM('',(#4253),#4160,#4233);
#3945=OVER_RIDING_STYLED_ITEM('',(#4254),#4168,#4233);
#3946=OVER_RIDING_STYLED_ITEM('',(#4255),#4176,#4233);
#3947=OVER_RIDING_STYLED_ITEM('',(#4256),#4189,#4233);
#3948=OVER_RIDING_STYLED_ITEM('',(#4257),#4190,#4233);
#3949=OVER_RIDING_STYLED_ITEM('',(#4258),#4191,#4233);
#3950=OVER_RIDING_STYLED_ITEM('',(#4259),#4192,#4233);
#3951=OVER_RIDING_STYLED_ITEM('',(#4260),#4193,#4233);
#3952=OVER_RIDING_STYLED_ITEM('',(#4261),#4194,#4233);
#3953=OVER_RIDING_STYLED_ITEM('',(#4262),#4195,#4233);
#3954=OVER_RIDING_STYLED_ITEM('',(#4263),#4196,#4233);
#3955=OVER_RIDING_STYLED_ITEM('',(#4264),#4197,#4233);
#3956=OVER_RIDING_STYLED_ITEM('',(#4265),#4198,#4233);
#3957=OVER_RIDING_STYLED_ITEM('',(#4266),#4199,#4233);
#3958=OVER_RIDING_STYLED_ITEM('',(#4267),#4200,#4233);
#3959=OVER_RIDING_STYLED_ITEM('',(#4268),#4201,#4233);
#3960=OVER_RIDING_STYLED_ITEM('',(#4269),#4202,#4233);
#3961=OVER_RIDING_STYLED_ITEM('',(#4270),#4203,#4233);
#3962=OVER_RIDING_STYLED_ITEM('',(#4271),#4204,#4233);
#3963=OVER_RIDING_STYLED_ITEM('',(#4272),#4205,#4233);
#3964=OVER_RIDING_STYLED_ITEM('',(#4273),#4206,#4233);
#3965=OVER_RIDING_STYLED_ITEM('',(#4274),#4207,#4233);
#3966=OVER_RIDING_STYLED_ITEM('',(#4275),#4208,#4233);
#3967=OVER_RIDING_STYLED_ITEM('',(#4276),#4209,#4233);
#3968=OVER_RIDING_STYLED_ITEM('',(#4277),#4210,#4233);
#3969=OVER_RIDING_STYLED_ITEM('',(#4278),#4211,#4233);
#3970=OVER_RIDING_STYLED_ITEM('',(#4279),#4212,#4233);
#3971=OVER_RIDING_STYLED_ITEM('',(#4280),#4213,#4233);
#3972=OVER_RIDING_STYLED_ITEM('',(#4281),#4214,#4233);
#3973=OVER_RIDING_STYLED_ITEM('',(#4282),#4215,#4233);
#3974=OVER_RIDING_STYLED_ITEM('',(#4283),#4216,#4233);
#3975=OVER_RIDING_STYLED_ITEM('',(#4284),#4217,#4233);
#3976=OVER_RIDING_STYLED_ITEM('',(#4285),#4218,#4233);
#3977=OVER_RIDING_STYLED_ITEM('',(#4286),#4219,#4233);
#3978=OVER_RIDING_STYLED_ITEM('',(#4287),#4220,#4233);
#3979=OVER_RIDING_STYLED_ITEM('',(#4288),#4221,#4233);
#3980=OVER_RIDING_STYLED_ITEM('',(#4289),#4222,#4233);
#3981=OVER_RIDING_STYLED_ITEM('',(#4290),#4223,#4233);
#3982=OVER_RIDING_STYLED_ITEM('',(#4291),#4224,#4233);
#3983=OVER_RIDING_STYLED_ITEM('',(#4292),#4225,#4233);
#3984=OVER_RIDING_STYLED_ITEM('',(#4293),#4226,#4233);
#3985=ADVANCED_FACE('',(#3572),#3891,.T.);
#3986=ADVANCED_FACE('',(#3573),#3892,.T.);
#3987=ADVANCED_FACE('',(#3574),#504,.F.);
#3988=ADVANCED_FACE('',(#3575),#505,.F.);
#3989=ADVANCED_FACE('',(#3576),#506,.T.);
#3990=ADVANCED_FACE('',(#3577),#507,.F.);
#3991=ADVANCED_FACE('',(#3578),#34,.F.);
#3992=ADVANCED_FACE('',(#3579),#508,.T.);
#3993=ADVANCED_FACE('',(#3580),#509,.F.);
#3994=ADVANCED_FACE('',(#3581),#510,.F.);
#3995=ADVANCED_FACE('',(#3582),#511,.F.);
#3996=ADVANCED_FACE('',(#3583),#35,.F.);
#3997=ADVANCED_FACE('',(#3584),#36,.F.);
#3998=ADVANCED_FACE('',(#3585),#512,.F.);
#3999=ADVANCED_FACE('',(#3586),#3893,.T.);
#4000=ADVANCED_FACE('',(#3587),#513,.F.);
#4001=ADVANCED_FACE('',(#3588),#514,.F.);
#4002=ADVANCED_FACE('',(#3589),#515,.T.);
#4003=ADVANCED_FACE('',(#3590),#516,.T.);
#4004=ADVANCED_FACE('',(#3591),#3894,.T.);
#4005=ADVANCED_FACE('',(#3592),#517,.F.);
#4006=ADVANCED_FACE('',(#3593),#518,.F.);
#4007=ADVANCED_FACE('',(#3594),#519,.F.);
#4008=ADVANCED_FACE('',(#3595),#520,.T.);
#4009=ADVANCED_FACE('',(#3596),#37,.F.);
#4010=ADVANCED_FACE('',(#3597),#38,.F.);
#4011=ADVANCED_FACE('',(#3598),#521,.T.);
#4012=ADVANCED_FACE('',(#3599),#522,.F.);
#4013=ADVANCED_FACE('',(#3600),#523,.F.);
#4014=ADVANCED_FACE('',(#3601),#524,.F.);
#4015=ADVANCED_FACE('',(#3602),#39,.F.);
#4016=ADVANCED_FACE('',(#3603),#40,.F.);
#4017=ADVANCED_FACE('',(#3604),#3895,.T.);
#4018=ADVANCED_FACE('',(#3605),#525,.T.);
#4019=ADVANCED_FACE('',(#3606),#526,.F.);
#4020=ADVANCED_FACE('',(#3607),#527,.F.);
#4021=ADVANCED_FACE('',(#3608),#528,.F.);
#4022=ADVANCED_FACE('',(#3609),#41,.F.);
#4023=ADVANCED_FACE('',(#3610),#42,.F.);
#4024=ADVANCED_FACE('',(#3611),#529,.F.);
#4025=ADVANCED_FACE('',(#3612),#530,.F.);
#4026=ADVANCED_FACE('',(#3613),#531,.F.);
#4027=ADVANCED_FACE('',(#3614),#532,.T.);
#4028=ADVANCED_FACE('',(#3615),#43,.F.);
#4029=ADVANCED_FACE('',(#3616),#44,.F.);
#4030=ADVANCED_FACE('',(#3617),#3896,.T.);
#4031=ADVANCED_FACE('',(#3618),#533,.F.);
#4032=ADVANCED_FACE('',(#3619),#534,.F.);
#4033=ADVANCED_FACE('',(#3620),#535,.T.);
#4034=ADVANCED_FACE('',(#3621),#45,.F.);
#4035=ADVANCED_FACE('',(#3622),#46,.F.);
#4036=ADVANCED_FACE('',(#3623),#536,.T.);
#4037=ADVANCED_FACE('',(#3624),#537,.F.);
#4038=ADVANCED_FACE('',(#3625),#538,.F.);
#4039=ADVANCED_FACE('',(#3626),#539,.F.);
#4040=ADVANCED_FACE('',(#3627),#47,.F.);
#4041=ADVANCED_FACE('',(#3628),#48,.F.);
#4042=ADVANCED_FACE('',(#3629),#540,.F.);
#4043=ADVANCED_FACE('',(#3630),#3897,.T.);
#4044=ADVANCED_FACE('',(#3631),#541,.T.);
#4045=ADVANCED_FACE('',(#3632),#542,.F.);
#4046=ADVANCED_FACE('',(#3633),#49,.F.);
#4047=ADVANCED_FACE('',(#3634),#543,.T.);
#4048=ADVANCED_FACE('',(#3635),#544,.F.);
#4049=ADVANCED_FACE('',(#3636),#545,.F.);
#4050=ADVANCED_FACE('',(#3637),#546,.F.);
#4051=ADVANCED_FACE('',(#3638),#50,.F.);
#4052=ADVANCED_FACE('',(#3639),#51,.F.);
#4053=ADVANCED_FACE('',(#3640),#547,.F.);
#4054=ADVANCED_FACE('',(#3641),#548,.F.);
#4055=ADVANCED_FACE('',(#3642),#549,.F.);
#4056=ADVANCED_FACE('',(#3643),#3898,.T.);
#4057=ADVANCED_FACE('',(#3644),#550,.F.);
#4058=ADVANCED_FACE('',(#3645),#551,.F.);
#4059=ADVANCED_FACE('',(#3646),#552,.F.);
#4060=ADVANCED_FACE('',(#3647),#52,.F.);
#4061=ADVANCED_FACE('',(#3648),#53,.F.);
#4062=ADVANCED_FACE('',(#3649),#553,.F.);
#4063=ADVANCED_FACE('',(#3650),#554,.F.);
#4064=ADVANCED_FACE('',(#3651),#555,.F.);
#4065=ADVANCED_FACE('',(#3652),#556,.T.);
#4066=ADVANCED_FACE('',(#3653),#54,.F.);
#4067=ADVANCED_FACE('',(#3654),#55,.F.);
#4068=ADVANCED_FACE('',(#3655),#557,.T.);
#4069=ADVANCED_FACE('',(#3656),#3899,.T.);
#4070=ADVANCED_FACE('',(#3657),#558,.F.);
#4071=ADVANCED_FACE('',(#3658),#559,.F.);
#4072=ADVANCED_FACE('',(#3659),#560,.F.);
#4073=ADVANCED_FACE('',(#3660),#561,.T.);
#4074=ADVANCED_FACE('',(#3661),#56,.F.);
#4075=ADVANCED_FACE('',(#3662),#57,.F.);
#4076=ADVANCED_FACE('',(#3663),#562,.T.);
#4077=ADVANCED_FACE('',(#3664),#563,.F.);
#4078=ADVANCED_FACE('',(#3665),#564,.F.);
#4079=ADVANCED_FACE('',(#3666),#565,.F.);
#4080=ADVANCED_FACE('',(#3667),#58,.F.);
#4081=ADVANCED_FACE('',(#3668),#59,.F.);
#4082=ADVANCED_FACE('',(#3669),#3900,.T.);
#4083=ADVANCED_FACE('',(#3670),#566,.F.);
#4084=ADVANCED_FACE('',(#3671),#567,.F.);
#4085=ADVANCED_FACE('',(#3672),#568,.F.);
#4086=ADVANCED_FACE('',(#3673),#60,.F.);
#4087=ADVANCED_FACE('',(#3674),#61,.F.);
#4088=ADVANCED_FACE('',(#3675),#569,.F.);
#4089=ADVANCED_FACE('',(#3676),#570,.F.);
#4090=ADVANCED_FACE('',(#3677),#571,.F.);
#4091=ADVANCED_FACE('',(#3678),#572,.T.);
#4092=ADVANCED_FACE('',(#3679),#573,.F.);
#4093=ADVANCED_FACE('',(#3680),#62,.F.);
#4094=ADVANCED_FACE('',(#3681),#574,.T.);
#4095=ADVANCED_FACE('',(#3682),#3901,.T.);
#4096=ADVANCED_FACE('',(#3683),#63,.F.);
#4097=ADVANCED_FACE('',(#3684),#64,.F.);
#4098=ADVANCED_FACE('',(#3685),#575,.F.);
#4099=ADVANCED_FACE('',(#3686),#576,.F.);
#4100=ADVANCED_FACE('',(#3687),#577,.F.);
#4101=ADVANCED_FACE('',(#3688),#578,.T.);
#4102=ADVANCED_FACE('',(#3689),#65,.F.);
#4103=ADVANCED_FACE('',(#3690),#66,.F.);
#4104=ADVANCED_FACE('',(#3691),#579,.T.);
#4105=ADVANCED_FACE('',(#3692),#580,.F.);
#4106=ADVANCED_FACE('',(#3693),#581,.F.);
#4107=ADVANCED_FACE('',(#3694),#582,.F.);
#4108=ADVANCED_FACE('',(#3695),#3902,.T.);
#4109=ADVANCED_FACE('',(#3696,#3697),#3903,.T.);
#4110=ADVANCED_FACE('',(#3698),#583,.F.);
#4111=ADVANCED_FACE('',(#3699),#67,.T.);
#4112=ADVANCED_FACE('',(#3700),#584,.T.);
#4113=ADVANCED_FACE('',(#3701),#68,.F.);
#4114=ADVANCED_FACE('',(#3702),#69,.F.);
#4115=ADVANCED_FACE('',(#3703),#585,.T.);
#4116=ADVANCED_FACE('',(#3704),#70,.F.);
#4117=ADVANCED_FACE('',(#3705),#586,.T.);
#4118=ADVANCED_FACE('',(#3706),#587,.T.);
#4119=ADVANCED_FACE('',(#3707),#3904,.T.);
#4120=ADVANCED_FACE('',(#3708),#588,.F.);
#4121=ADVANCED_FACE('',(#3709),#71,.F.);
#4122=ADVANCED_FACE('',(#3710),#589,.F.);
#4123=ADVANCED_FACE('',(#3711),#72,.F.);
#4124=ADVANCED_FACE('',(#3712),#3905,.T.);
#4125=ADVANCED_FACE('',(#3713),#590,.T.);
#4126=ADVANCED_FACE('',(#3714),#591,.F.);
#4127=ADVANCED_FACE('',(#3715),#592,.T.);
#4128=ADVANCED_FACE('',(#3716),#593,.T.);
#4129=ADVANCED_FACE('',(#3717),#594,.T.);
#4130=ADVANCED_FACE('',(#3718),#595,.F.);
#4131=ADVANCED_FACE('',(#3719),#596,.T.);
#4132=ADVANCED_FACE('',(#3720),#597,.T.);
#4133=ADVANCED_FACE('',(#3721),#598,.F.);
#4134=ADVANCED_FACE('',(#3722),#599,.F.);
#4135=ADVANCED_FACE('',(#3723),#600,.T.);
#4136=ADVANCED_FACE('',(#3724),#601,.T.);
#4137=ADVANCED_FACE('',(#3725),#3906,.T.);
#4138=ADVANCED_FACE('',(#3726),#602,.F.);
#4139=ADVANCED_FACE('',(#3727),#603,.T.);
#4140=ADVANCED_FACE('',(#3728),#604,.T.);
#4141=ADVANCED_FACE('',(#3729),#605,.F.);
#4142=ADVANCED_FACE('',(#3730),#606,.T.);
#4143=ADVANCED_FACE('',(#3731),#607,.T.);
#4144=ADVANCED_FACE('',(#3732),#608,.F.);
#4145=ADVANCED_FACE('',(#3733),#609,.F.);
#4146=ADVANCED_FACE('',(#3734),#610,.F.);
#4147=ADVANCED_FACE('',(#3735),#611,.F.);
#4148=ADVANCED_FACE('',(#3736),#3907,.T.);
#4149=ADVANCED_FACE('',(#3737),#612,.T.);
#4150=ADVANCED_FACE('',(#3738),#613,.F.);
#4151=ADVANCED_FACE('',(#3739),#614,.T.);
#4152=ADVANCED_FACE('',(#3740),#615,.T.);
#4153=ADVANCED_FACE('',(#3741),#616,.F.);
#4154=ADVANCED_FACE('',(#3742),#617,.F.);
#4155=ADVANCED_FACE('',(#3743,#3744),#3908,.T.);
#4156=ADVANCED_FACE('',(#3745),#73,.F.);
#4157=ADVANCED_FACE('',(#3746,#3747),#74,.T.);
#4158=ADVANCED_FACE('',(#3748),#75,.F.);
#4159=ADVANCED_FACE('',(#3749),#618,.F.);
#4160=ADVANCED_FACE('',(#3750),#3909,.T.);
#4161=ADVANCED_FACE('',(#3751),#619,.T.);
#4162=ADVANCED_FACE('',(#3752),#620,.F.);
#4163=ADVANCED_FACE('',(#3753),#76,.F.);
#4164=ADVANCED_FACE('',(#3754),#621,.F.);
#4165=ADVANCED_FACE('',(#3755),#77,.F.);
#4166=ADVANCED_FACE('',(#3756),#622,.F.);
#4167=ADVANCED_FACE('',(#3757),#623,.T.);
#4168=ADVANCED_FACE('',(#3758),#3910,.T.);
#4169=ADVANCED_FACE('',(#3759),#624,.F.);
#4170=ADVANCED_FACE('',(#3760),#78,.F.);
#4171=ADVANCED_FACE('',(#3761),#625,.F.);
#4172=ADVANCED_FACE('',(#3762),#79,.F.);
#4173=ADVANCED_FACE('',(#3763),#626,.F.);
#4174=ADVANCED_FACE('',(#3764),#80,.F.);
#4175=ADVANCED_FACE('',(#3765),#81,.F.);
#4176=ADVANCED_FACE('',(#3766),#3911,.T.);
#4177=ADVANCED_FACE('',(#3767),#82,.F.);
#4178=ADVANCED_FACE('',(#3768),#83,.F.);
#4179=ADVANCED_FACE('',(#3769),#627,.F.);
#4180=ADVANCED_FACE('',(#3770),#628,.F.);
#4181=ADVANCED_FACE('',(#3771),#629,.F.);
#4182=ADVANCED_FACE('',(#3772),#630,.T.);
#4183=ADVANCED_FACE('',(#3773),#84,.F.);
#4184=ADVANCED_FACE('',(#3774),#85,.F.);
#4185=ADVANCED_FACE('',(#3775),#631,.T.);
#4186=ADVANCED_FACE('',(#3776),#632,.F.);
#4187=ADVANCED_FACE('',(#3777),#633,.F.);
#4188=ADVANCED_FACE('',(#3778),#634,.F.);
#4189=ADVANCED_FACE('',(#3779),#3912,.F.);
#4190=ADVANCED_FACE('',(#3780,#3781),#17,.F.);
#4191=ADVANCED_FACE('',(#3782,#3783),#18,.F.);
#4192=ADVANCED_FACE('',(#3784,#3785),#3913,.F.);
#4193=ADVANCED_FACE('',(#3786,#3787),#19,.F.);
#4194=ADVANCED_FACE('',(#3788,#3789),#20,.F.);
#4195=ADVANCED_FACE('',(#3790,#3791),#3914,.F.);
#4196=ADVANCED_FACE('',(#3792,#3793),#21,.F.);
#4197=ADVANCED_FACE('',(#3794,#3795),#22,.F.);
#4198=ADVANCED_FACE('',(#3796,#3797),#3915,.F.);
#4199=ADVANCED_FACE('',(#3798,#3799),#23,.F.);
#4200=ADVANCED_FACE('',(#3800,#3801),#24,.F.);
#4201=ADVANCED_FACE('',(#3802,#3803),#3916,.F.);
#4202=ADVANCED_FACE('',(#3804,#3805),#25,.F.);
#4203=ADVANCED_FACE('',(#3806,#3807),#26,.F.);
#4204=ADVANCED_FACE('',(#3808,#3809),#3917,.F.);
#4205=ADVANCED_FACE('',(#3810,#3811),#27,.F.);
#4206=ADVANCED_FACE('',(#3812,#3813),#28,.F.);
#4207=ADVANCED_FACE('',(#3814,#3815),#3918,.F.);
#4208=ADVANCED_FACE('',(#3816,#3817),#12,.T.);
#4209=ADVANCED_FACE('',(#3818,#3819),#13,.T.);
#4210=ADVANCED_FACE('',(#3820,#3821),#14,.T.);
#4211=ADVANCED_FACE('',(#3822,#3823),#29,.T.);
#4212=ADVANCED_FACE('',(#3824,#3825),#15,.F.);
#4213=ADVANCED_FACE('',(#3826,#3827),#30,.F.);
#4214=ADVANCED_FACE('',(#3828,#3829),#16,.F.);
#4215=ADVANCED_FACE('',(#3830,#3831),#31,.F.);
#4216=ADVANCED_FACE('',(#3832,#3833),#32,.T.);
#4217=ADVANCED_FACE('',(#3834,#3835),#635,.F.);
#4218=ADVANCED_FACE('',(#3836,#3837),#636,.F.);
#4219=ADVANCED_FACE('',(#3838,#3839),#3919,.F.);
#4220=ADVANCED_FACE('',(#3840,#3841,#3842,#3843,#3844,#3845,#3846,#3847),
#637,.T.);
#4221=ADVANCED_FACE('',(#3848,#3849),#3920,.T.);
#4222=ADVANCED_FACE('',(#3850,#3851),#3921,.F.);
#4223=ADVANCED_FACE('',(#3852),#33,.T.);
#4224=ADVANCED_FACE('',(#3853,#3854),#3922,.F.);
#4225=ADVANCED_FACE('',(#3855,#3856,#3857,#3858,#3859,#3860,#3861),#638,
 .F.);
#4226=ADVANCED_FACE('',(#3862,#3863,#3864,#3865,#3866,#3867,#3868,#3869,
#3870,#3871,#3872,#3873,#3874,#3875,#3876,#3877,#3878,#3879,#3880,#3881,
#3882),#3923,.T.);
#4227=ADVANCED_FACE('',(#3883),#639,.T.);
#4228=ADVANCED_FACE('',(#3884,#3885),#3924,.T.);
#4229=ADVANCED_FACE('',(#3886,#3887),#640,.T.);
#4230=ADVANCED_FACE('',(#3888,#3889),#3925,.F.);
#4231=ADVANCED_FACE('',(#3890),#641,.T.);
#4232=CLOSED_SHELL('',(#3985,#3986,#3987,#3988,#3989,#3990,#3991,#3992,
#3993,#3994,#3995,#3996,#3997,#3998,#3999,#4000,#4001,#4002,#4003,#4004,
#4005,#4006,#4007,#4008,#4009,#4010,#4011,#4012,#4013,#4014,#4015,#4016,
#4017,#4018,#4019,#4020,#4021,#4022,#4023,#4024,#4025,#4026,#4027,#4028,
#4029,#4030,#4031,#4032,#4033,#4034,#4035,#4036,#4037,#4038,#4039,#4040,
#4041,#4042,#4043,#4044,#4045,#4046,#4047,#4048,#4049,#4050,#4051,#4052,
#4053,#4054,#4055,#4056,#4057,#4058,#4059,#4060,#4061,#4062,#4063,#4064,
#4065,#4066,#4067,#4068,#4069,#4070,#4071,#4072,#4073,#4074,#4075,#4076,
#4077,#4078,#4079,#4080,#4081,#4082,#4083,#4084,#4085,#4086,#4087,#4088,
#4089,#4090,#4091,#4092,#4093,#4094,#4095,#4096,#4097,#4098,#4099,#4100,
#4101,#4102,#4103,#4104,#4105,#4106,#4107,#4108,#4109,#4110,#4111,#4112,
#4113,#4114,#4115,#4116,#4117,#4118,#4119,#4120,#4121,#4122,#4123,#4124,
#4125,#4126,#4127,#4128,#4129,#4130,#4131,#4132,#4133,#4134,#4135,#4136,
#4137,#4138,#4139,#4140,#4141,#4142,#4143,#4144,#4145,#4146,#4147,#4148,
#4149,#4150,#4151,#4152,#4153,#4154,#4155,#4156,#4157,#4158,#4159,#4160,
#4161,#4162,#4163,#4164,#4165,#4166,#4167,#4168,#4169,#4170,#4171,#4172,
#4173,#4174,#4175,#4176,#4177,#4178,#4179,#4180,#4181,#4182,#4183,#4184,
#4185,#4186,#4187,#4188,#4189,#4190,#4191,#4192,#4193,#4194,#4195,#4196,
#4197,#4198,#4199,#4200,#4201,#4202,#4203,#4204,#4205,#4206,#4207,#4208,
#4209,#4210,#4211,#4212,#4213,#4214,#4215,#4216,#4217,#4218,#4219,#4220,
#4221,#4222,#4223,#4224,#4225,#4226,#4227,#4228,#4229,#4230,#4231));
#4233=STYLED_ITEM('',(#4234),#4596);
#4234=PRESENTATION_STYLE_ASSIGNMENT((#4294));
#4235=PRESENTATION_STYLE_ASSIGNMENT((#4295));
#4236=PRESENTATION_STYLE_ASSIGNMENT((#4296));
#4237=PRESENTATION_STYLE_ASSIGNMENT((#4297));
#4238=PRESENTATION_STYLE_ASSIGNMENT((#4298));
#4239=PRESENTATION_STYLE_ASSIGNMENT((#4299));
#4240=PRESENTATION_STYLE_ASSIGNMENT((#4300));
#4241=PRESENTATION_STYLE_ASSIGNMENT((#4301));
#4242=PRESENTATION_STYLE_ASSIGNMENT((#4302));
#4243=PRESENTATION_STYLE_ASSIGNMENT((#4303));
#4244=PRESENTATION_STYLE_ASSIGNMENT((#4304));
#4245=PRESENTATION_STYLE_ASSIGNMENT((#4305));
#4246=PRESENTATION_STYLE_ASSIGNMENT((#4306));
#4247=PRESENTATION_STYLE_ASSIGNMENT((#4307));
#4248=PRESENTATION_STYLE_ASSIGNMENT((#4308));
#4249=PRESENTATION_STYLE_ASSIGNMENT((#4309));
#4250=PRESENTATION_STYLE_ASSIGNMENT((#4310));
#4251=PRESENTATION_STYLE_ASSIGNMENT((#4311));
#4252=PRESENTATION_STYLE_ASSIGNMENT((#4312));
#4253=PRESENTATION_STYLE_ASSIGNMENT((#4313));
#4254=PRESENTATION_STYLE_ASSIGNMENT((#4314));
#4255=PRESENTATION_STYLE_ASSIGNMENT((#4315));
#4256=PRESENTATION_STYLE_ASSIGNMENT((#4316));
#4257=PRESENTATION_STYLE_ASSIGNMENT((#4317));
#4258=PRESENTATION_STYLE_ASSIGNMENT((#4318));
#4259=PRESENTATION_STYLE_ASSIGNMENT((#4319));
#4260=PRESENTATION_STYLE_ASSIGNMENT((#4320));
#4261=PRESENTATION_STYLE_ASSIGNMENT((#4321));
#4262=PRESENTATION_STYLE_ASSIGNMENT((#4322));
#4263=PRESENTATION_STYLE_ASSIGNMENT((#4323));
#4264=PRESENTATION_STYLE_ASSIGNMENT((#4324));
#4265=PRESENTATION_STYLE_ASSIGNMENT((#4325));
#4266=PRESENTATION_STYLE_ASSIGNMENT((#4326));
#4267=PRESENTATION_STYLE_ASSIGNMENT((#4327));
#4268=PRESENTATION_STYLE_ASSIGNMENT((#4328));
#4269=PRESENTATION_STYLE_ASSIGNMENT((#4329));
#4270=PRESENTATION_STYLE_ASSIGNMENT((#4330));
#4271=PRESENTATION_STYLE_ASSIGNMENT((#4331));
#4272=PRESENTATION_STYLE_ASSIGNMENT((#4332));
#4273=PRESENTATION_STYLE_ASSIGNMENT((#4333));
#4274=PRESENTATION_STYLE_ASSIGNMENT((#4334));
#4275=PRESENTATION_STYLE_ASSIGNMENT((#4335));
#4276=PRESENTATION_STYLE_ASSIGNMENT((#4336));
#4277=PRESENTATION_STYLE_ASSIGNMENT((#4337));
#4278=PRESENTATION_STYLE_ASSIGNMENT((#4338));
#4279=PRESENTATION_STYLE_ASSIGNMENT((#4339));
#4280=PRESENTATION_STYLE_ASSIGNMENT((#4340));
#4281=PRESENTATION_STYLE_ASSIGNMENT((#4341));
#4282=PRESENTATION_STYLE_ASSIGNMENT((#4342));
#4283=PRESENTATION_STYLE_ASSIGNMENT((#4343));
#4284=PRESENTATION_STYLE_ASSIGNMENT((#4344));
#4285=PRESENTATION_STYLE_ASSIGNMENT((#4345));
#4286=PRESENTATION_STYLE_ASSIGNMENT((#4346));
#4287=PRESENTATION_STYLE_ASSIGNMENT((#4347));
#4288=PRESENTATION_STYLE_ASSIGNMENT((#4348));
#4289=PRESENTATION_STYLE_ASSIGNMENT((#4349));
#4290=PRESENTATION_STYLE_ASSIGNMENT((#4350));
#4291=PRESENTATION_STYLE_ASSIGNMENT((#4351));
#4292=PRESENTATION_STYLE_ASSIGNMENT((#4352));
#4293=PRESENTATION_STYLE_ASSIGNMENT((#4353));
#4294=SURFACE_STYLE_USAGE(.BOTH.,#4354);
#4295=SURFACE_STYLE_USAGE(.BOTH.,#4355);
#4296=SURFACE_STYLE_USAGE(.BOTH.,#4356);
#4297=SURFACE_STYLE_USAGE(.BOTH.,#4357);
#4298=SURFACE_STYLE_USAGE(.BOTH.,#4358);
#4299=SURFACE_STYLE_USAGE(.BOTH.,#4359);
#4300=SURFACE_STYLE_USAGE(.BOTH.,#4360);
#4301=SURFACE_STYLE_USAGE(.BOTH.,#4361);
#4302=SURFACE_STYLE_USAGE(.BOTH.,#4362);
#4303=SURFACE_STYLE_USAGE(.BOTH.,#4363);
#4304=SURFACE_STYLE_USAGE(.BOTH.,#4364);
#4305=SURFACE_STYLE_USAGE(.BOTH.,#4365);
#4306=SURFACE_STYLE_USAGE(.BOTH.,#4366);
#4307=SURFACE_STYLE_USAGE(.BOTH.,#4367);
#4308=SURFACE_STYLE_USAGE(.BOTH.,#4368);
#4309=SURFACE_STYLE_USAGE(.BOTH.,#4369);
#4310=SURFACE_STYLE_USAGE(.BOTH.,#4370);
#4311=SURFACE_STYLE_USAGE(.BOTH.,#4371);
#4312=SURFACE_STYLE_USAGE(.BOTH.,#4372);
#4313=SURFACE_STYLE_USAGE(.BOTH.,#4373);
#4314=SURFACE_STYLE_USAGE(.BOTH.,#4374);
#4315=SURFACE_STYLE_USAGE(.BOTH.,#4375);
#4316=SURFACE_STYLE_USAGE(.BOTH.,#4376);
#4317=SURFACE_STYLE_USAGE(.BOTH.,#4377);
#4318=SURFACE_STYLE_USAGE(.BOTH.,#4378);
#4319=SURFACE_STYLE_USAGE(.BOTH.,#4379);
#4320=SURFACE_STYLE_USAGE(.BOTH.,#4380);
#4321=SURFACE_STYLE_USAGE(.BOTH.,#4381);
#4322=SURFACE_STYLE_USAGE(.BOTH.,#4382);
#4323=SURFACE_STYLE_USAGE(.BOTH.,#4383);
#4324=SURFACE_STYLE_USAGE(.BOTH.,#4384);
#4325=SURFACE_STYLE_USAGE(.BOTH.,#4385);
#4326=SURFACE_STYLE_USAGE(.BOTH.,#4386);
#4327=SURFACE_STYLE_USAGE(.BOTH.,#4387);
#4328=SURFACE_STYLE_USAGE(.BOTH.,#4388);
#4329=SURFACE_STYLE_USAGE(.BOTH.,#4389);
#4330=SURFACE_STYLE_USAGE(.BOTH.,#4390);
#4331=SURFACE_STYLE_USAGE(.BOTH.,#4391);
#4332=SURFACE_STYLE_USAGE(.BOTH.,#4392);
#4333=SURFACE_STYLE_USAGE(.BOTH.,#4393);
#4334=SURFACE_STYLE_USAGE(.BOTH.,#4394);
#4335=SURFACE_STYLE_USAGE(.BOTH.,#4395);
#4336=SURFACE_STYLE_USAGE(.BOTH.,#4396);
#4337=SURFACE_STYLE_USAGE(.BOTH.,#4397);
#4338=SURFACE_STYLE_USAGE(.BOTH.,#4398);
#4339=SURFACE_STYLE_USAGE(.BOTH.,#4399);
#4340=SURFACE_STYLE_USAGE(.BOTH.,#4400);
#4341=SURFACE_STYLE_USAGE(.BOTH.,#4401);
#4342=SURFACE_STYLE_USAGE(.BOTH.,#4402);
#4343=SURFACE_STYLE_USAGE(.BOTH.,#4403);
#4344=SURFACE_STYLE_USAGE(.BOTH.,#4404);
#4345=SURFACE_STYLE_USAGE(.BOTH.,#4405);
#4346=SURFACE_STYLE_USAGE(.BOTH.,#4406);
#4347=SURFACE_STYLE_USAGE(.BOTH.,#4407);
#4348=SURFACE_STYLE_USAGE(.BOTH.,#4408);
#4349=SURFACE_STYLE_USAGE(.BOTH.,#4409);
#4350=SURFACE_STYLE_USAGE(.BOTH.,#4410);
#4351=SURFACE_STYLE_USAGE(.BOTH.,#4411);
#4352=SURFACE_STYLE_USAGE(.BOTH.,#4412);
#4353=SURFACE_STYLE_USAGE(.BOTH.,#4413);
#4354=SURFACE_SIDE_STYLE('',(#4414));
#4355=SURFACE_SIDE_STYLE('',(#4415));
#4356=SURFACE_SIDE_STYLE('',(#4416));
#4357=SURFACE_SIDE_STYLE('',(#4417));
#4358=SURFACE_SIDE_STYLE('',(#4418));
#4359=SURFACE_SIDE_STYLE('',(#4419));
#4360=SURFACE_SIDE_STYLE('',(#4420));
#4361=SURFACE_SIDE_STYLE('',(#4421));
#4362=SURFACE_SIDE_STYLE('',(#4422));
#4363=SURFACE_SIDE_STYLE('',(#4423));
#4364=SURFACE_SIDE_STYLE('',(#4424));
#4365=SURFACE_SIDE_STYLE('',(#4425));
#4366=SURFACE_SIDE_STYLE('',(#4426));
#4367=SURFACE_SIDE_STYLE('',(#4427));
#4368=SURFACE_SIDE_STYLE('',(#4428));
#4369=SURFACE_SIDE_STYLE('',(#4429));
#4370=SURFACE_SIDE_STYLE('',(#4430));
#4371=SURFACE_SIDE_STYLE('',(#4431));
#4372=SURFACE_SIDE_STYLE('',(#4432));
#4373=SURFACE_SIDE_STYLE('',(#4433));
#4374=SURFACE_SIDE_STYLE('',(#4434));
#4375=SURFACE_SIDE_STYLE('',(#4435));
#4376=SURFACE_SIDE_STYLE('',(#4436));
#4377=SURFACE_SIDE_STYLE('',(#4437));
#4378=SURFACE_SIDE_STYLE('',(#4438));
#4379=SURFACE_SIDE_STYLE('',(#4439));
#4380=SURFACE_SIDE_STYLE('',(#4440));
#4381=SURFACE_SIDE_STYLE('',(#4441));
#4382=SURFACE_SIDE_STYLE('',(#4442));
#4383=SURFACE_SIDE_STYLE('',(#4443));
#4384=SURFACE_SIDE_STYLE('',(#4444));
#4385=SURFACE_SIDE_STYLE('',(#4445));
#4386=SURFACE_SIDE_STYLE('',(#4446));
#4387=SURFACE_SIDE_STYLE('',(#4447));
#4388=SURFACE_SIDE_STYLE('',(#4448));
#4389=SURFACE_SIDE_STYLE('',(#4449));
#4390=SURFACE_SIDE_STYLE('',(#4450));
#4391=SURFACE_SIDE_STYLE('',(#4451));
#4392=SURFACE_SIDE_STYLE('',(#4452));
#4393=SURFACE_SIDE_STYLE('',(#4453));
#4394=SURFACE_SIDE_STYLE('',(#4454));
#4395=SURFACE_SIDE_STYLE('',(#4455));
#4396=SURFACE_SIDE_STYLE('',(#4456));
#4397=SURFACE_SIDE_STYLE('',(#4457));
#4398=SURFACE_SIDE_STYLE('',(#4458));
#4399=SURFACE_SIDE_STYLE('',(#4459));
#4400=SURFACE_SIDE_STYLE('',(#4460));
#4401=SURFACE_SIDE_STYLE('',(#4461));
#4402=SURFACE_SIDE_STYLE('',(#4462));
#4403=SURFACE_SIDE_STYLE('',(#4463));
#4404=SURFACE_SIDE_STYLE('',(#4464));
#4405=SURFACE_SIDE_STYLE('',(#4465));
#4406=SURFACE_SIDE_STYLE('',(#4466));
#4407=SURFACE_SIDE_STYLE('',(#4467));
#4408=SURFACE_SIDE_STYLE('',(#4468));
#4409=SURFACE_SIDE_STYLE('',(#4469));
#4410=SURFACE_SIDE_STYLE('',(#4470));
#4411=SURFACE_SIDE_STYLE('',(#4471));
#4412=SURFACE_SIDE_STYLE('',(#4472));
#4413=SURFACE_SIDE_STYLE('',(#4473));
#4414=SURFACE_STYLE_FILL_AREA(#4474);
#4415=SURFACE_STYLE_FILL_AREA(#4475);
#4416=SURFACE_STYLE_FILL_AREA(#4476);
#4417=SURFACE_STYLE_FILL_AREA(#4477);
#4418=SURFACE_STYLE_FILL_AREA(#4478);
#4419=SURFACE_STYLE_FILL_AREA(#4479);
#4420=SURFACE_STYLE_FILL_AREA(#4480);
#4421=SURFACE_STYLE_FILL_AREA(#4481);
#4422=SURFACE_STYLE_FILL_AREA(#4482);
#4423=SURFACE_STYLE_FILL_AREA(#4483);
#4424=SURFACE_STYLE_FILL_AREA(#4484);
#4425=SURFACE_STYLE_FILL_AREA(#4485);
#4426=SURFACE_STYLE_FILL_AREA(#4486);
#4427=SURFACE_STYLE_FILL_AREA(#4487);
#4428=SURFACE_STYLE_FILL_AREA(#4488);
#4429=SURFACE_STYLE_FILL_AREA(#4489);
#4430=SURFACE_STYLE_FILL_AREA(#4490);
#4431=SURFACE_STYLE_FILL_AREA(#4491);
#4432=SURFACE_STYLE_FILL_AREA(#4492);
#4433=SURFACE_STYLE_FILL_AREA(#4493);
#4434=SURFACE_STYLE_FILL_AREA(#4494);
#4435=SURFACE_STYLE_FILL_AREA(#4495);
#4436=SURFACE_STYLE_FILL_AREA(#4496);
#4437=SURFACE_STYLE_FILL_AREA(#4497);
#4438=SURFACE_STYLE_FILL_AREA(#4498);
#4439=SURFACE_STYLE_FILL_AREA(#4499);
#4440=SURFACE_STYLE_FILL_AREA(#4500);
#4441=SURFACE_STYLE_FILL_AREA(#4501);
#4442=SURFACE_STYLE_FILL_AREA(#4502);
#4443=SURFACE_STYLE_FILL_AREA(#4503);
#4444=SURFACE_STYLE_FILL_AREA(#4504);
#4445=SURFACE_STYLE_FILL_AREA(#4505);
#4446=SURFACE_STYLE_FILL_AREA(#4506);
#4447=SURFACE_STYLE_FILL_AREA(#4507);
#4448=SURFACE_STYLE_FILL_AREA(#4508);
#4449=SURFACE_STYLE_FILL_AREA(#4509);
#4450=SURFACE_STYLE_FILL_AREA(#4510);
#4451=SURFACE_STYLE_FILL_AREA(#4511);
#4452=SURFACE_STYLE_FILL_AREA(#4512);
#4453=SURFACE_STYLE_FILL_AREA(#4513);
#4454=SURFACE_STYLE_FILL_AREA(#4514);
#4455=SURFACE_STYLE_FILL_AREA(#4515);
#4456=SURFACE_STYLE_FILL_AREA(#4516);
#4457=SURFACE_STYLE_FILL_AREA(#4517);
#4458=SURFACE_STYLE_FILL_AREA(#4518);
#4459=SURFACE_STYLE_FILL_AREA(#4519);
#4460=SURFACE_STYLE_FILL_AREA(#4520);
#4461=SURFACE_STYLE_FILL_AREA(#4521);
#4462=SURFACE_STYLE_FILL_AREA(#4522);
#4463=SURFACE_STYLE_FILL_AREA(#4523);
#4464=SURFACE_STYLE_FILL_AREA(#4524);
#4465=SURFACE_STYLE_FILL_AREA(#4525);
#4466=SURFACE_STYLE_FILL_AREA(#4526);
#4467=SURFACE_STYLE_FILL_AREA(#4527);
#4468=SURFACE_STYLE_FILL_AREA(#4528);
#4469=SURFACE_STYLE_FILL_AREA(#4529);
#4470=SURFACE_STYLE_FILL_AREA(#4530);
#4471=SURFACE_STYLE_FILL_AREA(#4531);
#4472=SURFACE_STYLE_FILL_AREA(#4532);
#4473=SURFACE_STYLE_FILL_AREA(#4533);
#4474=FILL_AREA_STYLE('',(#4534));
#4475=FILL_AREA_STYLE('',(#4535));
#4476=FILL_AREA_STYLE('',(#4536));
#4477=FILL_AREA_STYLE('',(#4537));
#4478=FILL_AREA_STYLE('',(#4538));
#4479=FILL_AREA_STYLE('',(#4539));
#4480=FILL_AREA_STYLE('',(#4540));
#4481=FILL_AREA_STYLE('',(#4541));
#4482=FILL_AREA_STYLE('',(#4542));
#4483=FILL_AREA_STYLE('',(#4543));
#4484=FILL_AREA_STYLE('',(#4544));
#4485=FILL_AREA_STYLE('',(#4545));
#4486=FILL_AREA_STYLE('',(#4546));
#4487=FILL_AREA_STYLE('',(#4547));
#4488=FILL_AREA_STYLE('',(#4548));
#4489=FILL_AREA_STYLE('',(#4549));
#4490=FILL_AREA_STYLE('',(#4550));
#4491=FILL_AREA_STYLE('',(#4551));
#4492=FILL_AREA_STYLE('',(#4552));
#4493=FILL_AREA_STYLE('',(#4553));
#4494=FILL_AREA_STYLE('',(#4554));
#4495=FILL_AREA_STYLE('',(#4555));
#4496=FILL_AREA_STYLE('',(#4556));
#4497=FILL_AREA_STYLE('',(#4557));
#4498=FILL_AREA_STYLE('',(#4558));
#4499=FILL_AREA_STYLE('',(#4559));
#4500=FILL_AREA_STYLE('',(#4560));
#4501=FILL_AREA_STYLE('',(#4561));
#4502=FILL_AREA_STYLE('',(#4562));
#4503=FILL_AREA_STYLE('',(#4563));
#4504=FILL_AREA_STYLE('',(#4564));
#4505=FILL_AREA_STYLE('',(#4565));
#4506=FILL_AREA_STYLE('',(#4566));
#4507=FILL_AREA_STYLE('',(#4567));
#4508=FILL_AREA_STYLE('',(#4568));
#4509=FILL_AREA_STYLE('',(#4569));
#4510=FILL_AREA_STYLE('',(#4570));
#4511=FILL_AREA_STYLE('',(#4571));
#4512=FILL_AREA_STYLE('',(#4572));
#4513=FILL_AREA_STYLE('',(#4573));
#4514=FILL_AREA_STYLE('',(#4574));
#4515=FILL_AREA_STYLE('',(#4575));
#4516=FILL_AREA_STYLE('',(#4576));
#4517=FILL_AREA_STYLE('',(#4577));
#4518=FILL_AREA_STYLE('',(#4578));
#4519=FILL_AREA_STYLE('',(#4579));
#4520=FILL_AREA_STYLE('',(#4580));
#4521=FILL_AREA_STYLE('',(#4581));
#4522=FILL_AREA_STYLE('',(#4582));
#4523=FILL_AREA_STYLE('',(#4583));
#4524=FILL_AREA_STYLE('',(#4584));
#4525=FILL_AREA_STYLE('',(#4585));
#4526=FILL_AREA_STYLE('',(#4586));
#4527=FILL_AREA_STYLE('',(#4587));
#4528=FILL_AREA_STYLE('',(#4588));
#4529=FILL_AREA_STYLE('',(#4589));
#4530=FILL_AREA_STYLE('',(#4590));
#4531=FILL_AREA_STYLE('',(#4591));
#4532=FILL_AREA_STYLE('',(#4592));
#4533=FILL_AREA_STYLE('',(#4593));
#4534=FILL_AREA_STYLE_COLOUR('',#4594);
#4535=FILL_AREA_STYLE_COLOUR('',#4595);
#4536=FILL_AREA_STYLE_COLOUR('',#4595);
#4537=FILL_AREA_STYLE_COLOUR('',#4595);
#4538=FILL_AREA_STYLE_COLOUR('',#4595);
#4539=FILL_AREA_STYLE_COLOUR('',#4595);
#4540=FILL_AREA_STYLE_COLOUR('',#4595);
#4541=FILL_AREA_STYLE_COLOUR('',#4595);
#4542=FILL_AREA_STYLE_COLOUR('',#4595);
#4543=FILL_AREA_STYLE_COLOUR('',#4595);
#4544=FILL_AREA_STYLE_COLOUR('',#4595);
#4545=FILL_AREA_STYLE_COLOUR('',#4595);
#4546=FILL_AREA_STYLE_COLOUR('',#4595);
#4547=FILL_AREA_STYLE_COLOUR('',#4595);
#4548=FILL_AREA_STYLE_COLOUR('',#4595);
#4549=FILL_AREA_STYLE_COLOUR('',#4595);
#4550=FILL_AREA_STYLE_COLOUR('',#4595);
#4551=FILL_AREA_STYLE_COLOUR('',#4595);
#4552=FILL_AREA_STYLE_COLOUR('',#4595);
#4553=FILL_AREA_STYLE_COLOUR('',#4595);
#4554=FILL_AREA_STYLE_COLOUR('',#4595);
#4555=FILL_AREA_STYLE_COLOUR('',#4595);
#4556=FILL_AREA_STYLE_COLOUR('',#4595);
#4557=FILL_AREA_STYLE_COLOUR('',#4595);
#4558=FILL_AREA_STYLE_COLOUR('',#4595);
#4559=FILL_AREA_STYLE_COLOUR('',#4595);
#4560=FILL_AREA_STYLE_COLOUR('',#4595);
#4561=FILL_AREA_STYLE_COLOUR('',#4595);
#4562=FILL_AREA_STYLE_COLOUR('',#4595);
#4563=FILL_AREA_STYLE_COLOUR('',#4595);
#4564=FILL_AREA_STYLE_COLOUR('',#4595);
#4565=FILL_AREA_STYLE_COLOUR('',#4595);
#4566=FILL_AREA_STYLE_COLOUR('',#4595);
#4567=FILL_AREA_STYLE_COLOUR('',#4595);
#4568=FILL_AREA_STYLE_COLOUR('',#4595);
#4569=FILL_AREA_STYLE_COLOUR('',#4595);
#4570=FILL_AREA_STYLE_COLOUR('',#4595);
#4571=FILL_AREA_STYLE_COLOUR('',#4595);
#4572=FILL_AREA_STYLE_COLOUR('',#4595);
#4573=FILL_AREA_STYLE_COLOUR('',#4595);
#4574=FILL_AREA_STYLE_COLOUR('',#4595);
#4575=FILL_AREA_STYLE_COLOUR('',#4595);
#4576=FILL_AREA_STYLE_COLOUR('',#4595);
#4577=FILL_AREA_STYLE_COLOUR('',#4595);
#4578=FILL_AREA_STYLE_COLOUR('',#4595);
#4579=FILL_AREA_STYLE_COLOUR('',#4595);
#4580=FILL_AREA_STYLE_COLOUR('',#4595);
#4581=FILL_AREA_STYLE_COLOUR('',#4595);
#4582=FILL_AREA_STYLE_COLOUR('',#4595);
#4583=FILL_AREA_STYLE_COLOUR('',#4595);
#4584=FILL_AREA_STYLE_COLOUR('',#4595);
#4585=FILL_AREA_STYLE_COLOUR('',#4595);
#4586=FILL_AREA_STYLE_COLOUR('',#4595);
#4587=FILL_AREA_STYLE_COLOUR('',#4595);
#4588=FILL_AREA_STYLE_COLOUR('',#4595);
#4589=FILL_AREA_STYLE_COLOUR('',#4595);
#4590=FILL_AREA_STYLE_COLOUR('',#4595);
#4591=FILL_AREA_STYLE_COLOUR('',#4595);
#4592=FILL_AREA_STYLE_COLOUR('',#4595);
#4593=FILL_AREA_STYLE_COLOUR('',#4595);
#4594=COLOUR_RGB('',0.619607843137255,0.63921568627451,0.650980392156863);
#4595=COLOUR_RGB('',0.627450980392157,0.627450980392157,0.627450980392157);
#4596=MANIFOLD_SOLID_BREP('F0275N150NLN Flange-Outer Crucible Weldment',
#4232);
#4597=SHAPE_DEFINITION_REPRESENTATION(#12631,#4598);
#4598=SHAPE_REPRESENTATION(
'F0275N150NLN Flange-Outer Crucible Weldment',(#4599),#12626);
#4599=AXIS2_PLACEMENT_3D('',#6197,#5062,#5063);
#4600=AXIS2_PLACEMENT_3D('',#6198,#5064,#5065);
#4601=AXIS2_PLACEMENT_3D('',#6211,#5066,#5067);
#4602=AXIS2_PLACEMENT_3D('',#6212,#5068,#5069);
#4603=AXIS2_PLACEMENT_3D('',#6215,#5070,#5071);
#4604=AXIS2_PLACEMENT_3D('',#6217,#5072,#5073);
#4605=AXIS2_PLACEMENT_3D('',#6229,#5074,#5075);
#4606=AXIS2_PLACEMENT_3D('',#6231,#5076,#5077);
#4607=AXIS2_PLACEMENT_3D('',#6233,#5078,#5079);
#4608=AXIS2_PLACEMENT_3D('',#6235,#5080,#5081);
#4609=AXIS2_PLACEMENT_3D('',#6242,#5082,#5083);
#4610=AXIS2_PLACEMENT_3D('',#6244,#5084,#5085);
#4611=AXIS2_PLACEMENT_3D('',#6245,#5086,#5087);
#4612=AXIS2_PLACEMENT_3D('',#6248,#5089,#5090);
#4613=AXIS2_PLACEMENT_3D('',#6251,#5092,#5093);
#4614=AXIS2_PLACEMENT_3D('',#6254,#5095,#5096);
#4615=AXIS2_PLACEMENT_3D('',#6255,#5097,#5098);
#4616=AXIS2_PLACEMENT_3D('',#6258,#5100,#5101);
#4617=AXIS2_PLACEMENT_3D('',#6259,#5102,#5103);
#4618=AXIS2_PLACEMENT_3D('',#6265,#5104,#5105);
#4619=AXIS2_PLACEMENT_3D('',#6340,#5107,#5108);
#4620=AXIS2_PLACEMENT_3D('',#6343,#5110,#5111);
#4621=AXIS2_PLACEMENT_3D('',#6344,#5112,#5113);
#4622=AXIS2_PLACEMENT_3D('',#6347,#5115,#5116);
#4623=AXIS2_PLACEMENT_3D('',#6348,#5117,#5118);
#4624=AXIS2_PLACEMENT_3D('',#6351,#5120,#5121);
#4625=AXIS2_PLACEMENT_3D('',#6352,#5122,#5123);
#4626=AXIS2_PLACEMENT_3D('',#6355,#5125,#5126);
#4627=AXIS2_PLACEMENT_3D('',#6528,#5129,#5130);
#4628=AXIS2_PLACEMENT_3D('',#6529,#5131,#5132);
#4629=AXIS2_PLACEMENT_3D('',#6530,#5133,#5134);
#4630=AXIS2_PLACEMENT_3D('',#6531,#5135,#5136);
#4631=AXIS2_PLACEMENT_3D('',#6536,#5138,#5139);
#4632=AXIS2_PLACEMENT_3D('',#6539,#5141,#5142);
#4633=AXIS2_PLACEMENT_3D('',#6545,#5146,#5147);
#4634=AXIS2_PLACEMENT_3D('',#6548,#5149,#5150);
#4635=AXIS2_PLACEMENT_3D('',#6549,#5151,#5152);
#4636=AXIS2_PLACEMENT_3D('',#6553,#5155,#5156);
#4637=AXIS2_PLACEMENT_3D('',#6554,#5157,#5158);
#4638=AXIS2_PLACEMENT_3D('',#6555,#5159,#5160);
#4639=AXIS2_PLACEMENT_3D('',#6556,#5161,#5162);
#4640=AXIS2_PLACEMENT_3D('',#6559,#5163,#5164);
#4641=AXIS2_PLACEMENT_3D('',#6571,#5165,#5166);
#4642=AXIS2_PLACEMENT_3D('',#6573,#5167,#5168);
#4643=AXIS2_PLACEMENT_3D('',#6575,#5169,#5170);
#4644=AXIS2_PLACEMENT_3D('',#6577,#5171,#5172);
#4645=AXIS2_PLACEMENT_3D('',#6598,#5173,#5174);
#4646=AXIS2_PLACEMENT_3D('',#6600,#5175,#5176);
#4647=AXIS2_PLACEMENT_3D('',#6601,#5177,#5178);
#4648=AXIS2_PLACEMENT_3D('',#6604,#5180,#5181);
#4649=AXIS2_PLACEMENT_3D('',#6607,#5183,#5184);
#4650=AXIS2_PLACEMENT_3D('',#6610,#5186,#5187);
#4651=AXIS2_PLACEMENT_3D('',#6611,#5188,#5189);
#4652=AXIS2_PLACEMENT_3D('',#6614,#5191,#5192);
#4653=AXIS2_PLACEMENT_3D('',#6615,#5193,#5194);
#4654=AXIS2_PLACEMENT_3D('',#6618,#5196,#5197);
#4655=AXIS2_PLACEMENT_3D('',#6737,#5200,#5201);
#4656=AXIS2_PLACEMENT_3D('',#6740,#5203,#5204);
#4657=AXIS2_PLACEMENT_3D('',#6741,#5205,#5206);
#4658=AXIS2_PLACEMENT_3D('',#6744,#5208,#5209);
#4659=AXIS2_PLACEMENT_3D('',#6745,#5210,#5211);
#4660=AXIS2_PLACEMENT_3D('',#6748,#5213,#5214);
#4661=AXIS2_PLACEMENT_3D('',#6749,#5215,#5216);
#4662=AXIS2_PLACEMENT_3D('',#6752,#5218,#5219);
#4663=AXIS2_PLACEMENT_3D('',#6923,#5221,#5222);
#4664=AXIS2_PLACEMENT_3D('',#6924,#5223,#5224);
#4665=AXIS2_PLACEMENT_3D('',#6927,#5225,#5226);
#4666=AXIS2_PLACEMENT_3D('',#6948,#5227,#5228);
#4667=AXIS2_PLACEMENT_3D('',#6950,#5229,#5230);
#4668=AXIS2_PLACEMENT_3D('',#6952,#5231,#5232);
#4669=AXIS2_PLACEMENT_3D('',#6954,#5233,#5234);
#4670=AXIS2_PLACEMENT_3D('',#6966,#5235,#5236);
#4671=AXIS2_PLACEMENT_3D('',#6968,#5237,#5238);
#4672=AXIS2_PLACEMENT_3D('',#6969,#5239,#5240);
#4673=AXIS2_PLACEMENT_3D('',#6972,#5242,#5243);
#4674=AXIS2_PLACEMENT_3D('',#6975,#5245,#5246);
#4675=AXIS2_PLACEMENT_3D('',#6978,#5248,#5249);
#4676=AXIS2_PLACEMENT_3D('',#6979,#5250,#5251);
#4677=AXIS2_PLACEMENT_3D('',#6982,#5253,#5254);
#4678=AXIS2_PLACEMENT_3D('',#6983,#5255,#5256);
#4679=AXIS2_PLACEMENT_3D('',#6986,#5258,#5259);
#4680=AXIS2_PLACEMENT_3D('',#7159,#5262,#5263);
#4681=AXIS2_PLACEMENT_3D('',#7162,#5265,#5266);
#4682=AXIS2_PLACEMENT_3D('',#7163,#5267,#5268);
#4683=AXIS2_PLACEMENT_3D('',#7166,#5270,#5271);
#4684=AXIS2_PLACEMENT_3D('',#7167,#5272,#5273);
#4685=AXIS2_PLACEMENT_3D('',#7170,#5275,#5276);
#4686=AXIS2_PLACEMENT_3D('',#7171,#5277,#5278);
#4687=AXIS2_PLACEMENT_3D('',#7174,#5280,#5281);
#4688=AXIS2_PLACEMENT_3D('',#7323,#5283,#5284);
#4689=AXIS2_PLACEMENT_3D('',#7324,#5285,#5286);
#4690=AXIS2_PLACEMENT_3D('',#7327,#5287,#5288);
#4691=AXIS2_PLACEMENT_3D('',#7329,#5289,#5290);
#4692=AXIS2_PLACEMENT_3D('',#7341,#5291,#5292);
#4693=AXIS2_PLACEMENT_3D('',#7343,#5293,#5294);
#4694=AXIS2_PLACEMENT_3D('',#7345,#5295,#5296);
#4695=AXIS2_PLACEMENT_3D('',#7347,#5297,#5298);
#4696=AXIS2_PLACEMENT_3D('',#7368,#5299,#5300);
#4697=AXIS2_PLACEMENT_3D('',#7369,#5301,#5302);
#4698=AXIS2_PLACEMENT_3D('',#7372,#5304,#5305);
#4699=AXIS2_PLACEMENT_3D('',#7375,#5307,#5308);
#4700=AXIS2_PLACEMENT_3D('',#7378,#5310,#5311);
#4701=AXIS2_PLACEMENT_3D('',#7379,#5312,#5313);
#4702=AXIS2_PLACEMENT_3D('',#7382,#5315,#5316);
#4703=AXIS2_PLACEMENT_3D('',#7533,#5319,#5320);
#4704=AXIS2_PLACEMENT_3D('',#7536,#5322,#5323);
#4705=AXIS2_PLACEMENT_3D('',#7537,#5324,#5325);
#4706=AXIS2_PLACEMENT_3D('',#7540,#5327,#5328);
#4707=AXIS2_PLACEMENT_3D('',#7541,#5329,#5330);
#4708=AXIS2_PLACEMENT_3D('',#7544,#5332,#5333);
#4709=AXIS2_PLACEMENT_3D('',#7545,#5334,#5335);
#4710=AXIS2_PLACEMENT_3D('',#7548,#5337,#5338);
#4711=AXIS2_PLACEMENT_3D('',#7705,#5341,#5342);
#4712=AXIS2_PLACEMENT_3D('',#7706,#5343,#5344);
#4713=AXIS2_PLACEMENT_3D('',#7707,#5345,#5346);
#4714=AXIS2_PLACEMENT_3D('',#7708,#5347,#5348);
#4715=AXIS2_PLACEMENT_3D('',#7711,#5349,#5350);
#4716=AXIS2_PLACEMENT_3D('',#7713,#5351,#5352);
#4717=AXIS2_PLACEMENT_3D('',#7715,#5353,#5354);
#4718=AXIS2_PLACEMENT_3D('',#7717,#5355,#5356);
#4719=AXIS2_PLACEMENT_3D('',#7729,#5357,#5358);
#4720=AXIS2_PLACEMENT_3D('',#7731,#5359,#5360);
#4721=AXIS2_PLACEMENT_3D('',#7733,#5361,#5362);
#4722=AXIS2_PLACEMENT_3D('',#7735,#5363,#5364);
#4723=AXIS2_PLACEMENT_3D('',#7741,#5365,#5366);
#4724=AXIS2_PLACEMENT_3D('',#7744,#5368,#5369);
#4725=AXIS2_PLACEMENT_3D('',#7747,#5371,#5372);
#4726=AXIS2_PLACEMENT_3D('',#7753,#5373,#5374);
#4727=AXIS2_PLACEMENT_3D('',#7828,#5376,#5377);
#4728=AXIS2_PLACEMENT_3D('',#7831,#5379,#5380);
#4729=AXIS2_PLACEMENT_3D('',#7832,#5381,#5382);
#4730=AXIS2_PLACEMENT_3D('',#7835,#5384,#5385);
#4731=AXIS2_PLACEMENT_3D('',#7836,#5386,#5387);
#4732=AXIS2_PLACEMENT_3D('',#7839,#5389,#5390);
#4733=AXIS2_PLACEMENT_3D('',#7840,#5391,#5392);
#4734=AXIS2_PLACEMENT_3D('',#7843,#5394,#5395);
#4735=AXIS2_PLACEMENT_3D('',#8016,#5398,#5399);
#4736=AXIS2_PLACEMENT_3D('',#8019,#5401,#5402);
#4737=AXIS2_PLACEMENT_3D('',#8020,#5403,#5404);
#4738=AXIS2_PLACEMENT_3D('',#8023,#5406,#5407);
#4739=AXIS2_PLACEMENT_3D('',#8024,#5408,#5409);
#4740=AXIS2_PLACEMENT_3D('',#8025,#5410,#5411);
#4741=AXIS2_PLACEMENT_3D('',#8026,#5412,#5413);
#4742=AXIS2_PLACEMENT_3D('',#8027,#5414,#5415);
#4743=AXIS2_PLACEMENT_3D('',#8030,#5416,#5417);
#4744=AXIS2_PLACEMENT_3D('',#8032,#5418,#5419);
#4745=AXIS2_PLACEMENT_3D('',#8044,#5420,#5421);
#4746=AXIS2_PLACEMENT_3D('',#8046,#5422,#5423);
#4747=AXIS2_PLACEMENT_3D('',#8048,#5424,#5425);
#4748=AXIS2_PLACEMENT_3D('',#8050,#5426,#5427);
#4749=AXIS2_PLACEMENT_3D('',#8062,#5428,#5429);
#4750=AXIS2_PLACEMENT_3D('',#8063,#5430,#5431);
#4751=AXIS2_PLACEMENT_3D('',#8066,#5433,#5434);
#4752=AXIS2_PLACEMENT_3D('',#8069,#5436,#5437);
#4753=AXIS2_PLACEMENT_3D('',#8072,#5439,#5440);
#4754=AXIS2_PLACEMENT_3D('',#8073,#5441,#5442);
#4755=AXIS2_PLACEMENT_3D('',#8076,#5444,#5445);
#4756=AXIS2_PLACEMENT_3D('',#8233,#5448,#5449);
#4757=AXIS2_PLACEMENT_3D('',#8236,#5451,#5452);
#4758=AXIS2_PLACEMENT_3D('',#8237,#5453,#5454);
#4759=AXIS2_PLACEMENT_3D('',#8240,#5456,#5457);
#4760=AXIS2_PLACEMENT_3D('',#8241,#5458,#5459);
#4761=AXIS2_PLACEMENT_3D('',#8244,#5461,#5462);
#4762=AXIS2_PLACEMENT_3D('',#8245,#5463,#5464);
#4763=AXIS2_PLACEMENT_3D('',#8248,#5466,#5467);
#4764=AXIS2_PLACEMENT_3D('',#8421,#5470,#5471);
#4765=AXIS2_PLACEMENT_3D('',#8422,#5472,#5473);
#4766=AXIS2_PLACEMENT_3D('',#8423,#5474,#5475);
#4767=AXIS2_PLACEMENT_3D('',#8424,#5476,#5477);
#4768=AXIS2_PLACEMENT_3D('',#8427,#5478,#5479);
#4769=AXIS2_PLACEMENT_3D('',#8439,#5480,#5481);
#4770=AXIS2_PLACEMENT_3D('',#8441,#5482,#5483);
#4771=AXIS2_PLACEMENT_3D('',#8443,#5484,#5485);
#4772=AXIS2_PLACEMENT_3D('',#8445,#5486,#5487);
#4773=AXIS2_PLACEMENT_3D('',#8466,#5488,#5489);
#4774=AXIS2_PLACEMENT_3D('',#8468,#5490,#5491);
#4775=AXIS2_PLACEMENT_3D('',#8469,#5492,#5493);
#4776=AXIS2_PLACEMENT_3D('',#8472,#5495,#5496);
#4777=AXIS2_PLACEMENT_3D('',#8475,#5498,#5499);
#4778=AXIS2_PLACEMENT_3D('',#8478,#5501,#5502);
#4779=AXIS2_PLACEMENT_3D('',#8479,#5503,#5504);
#4780=AXIS2_PLACEMENT_3D('',#8482,#5506,#5507);
#4781=AXIS2_PLACEMENT_3D('',#8483,#5508,#5509);
#4782=AXIS2_PLACEMENT_3D('',#8486,#5511,#5512);
#4783=AXIS2_PLACEMENT_3D('',#8637,#5515,#5516);
#4784=AXIS2_PLACEMENT_3D('',#8640,#5518,#5519);
#4785=AXIS2_PLACEMENT_3D('',#8641,#5520,#5521);
#4786=AXIS2_PLACEMENT_3D('',#8644,#5523,#5524);
#4787=AXIS2_PLACEMENT_3D('',#8645,#5525,#5526);
#4788=AXIS2_PLACEMENT_3D('',#8648,#5528,#5529);
#4789=AXIS2_PLACEMENT_3D('',#8649,#5530,#5531);
#4790=AXIS2_PLACEMENT_3D('',#8652,#5533,#5534);
#4791=AXIS2_PLACEMENT_3D('',#8807,#5536,#5537);
#4792=AXIS2_PLACEMENT_3D('',#8808,#5538,#5539);
#4793=AXIS2_PLACEMENT_3D('',#8811,#5540,#5541);
#4794=AXIS2_PLACEMENT_3D('',#8813,#5542,#5543);
#4795=AXIS2_PLACEMENT_3D('',#8820,#5544,#5545);
#4796=AXIS2_PLACEMENT_3D('',#8822,#5546,#5547);
#4797=AXIS2_PLACEMENT_3D('',#8824,#5548,#5549);
#4798=AXIS2_PLACEMENT_3D('',#8826,#5550,#5551);
#4799=AXIS2_PLACEMENT_3D('',#8828,#5552,#5553);
#4800=AXIS2_PLACEMENT_3D('',#8840,#5554,#5555);
#4801=AXIS2_PLACEMENT_3D('',#8841,#5556,#5557);
#4802=AXIS2_PLACEMENT_3D('',#8844,#5559,#5560);
#4803=AXIS2_PLACEMENT_3D('',#8847,#5562,#5563);
#4804=AXIS2_PLACEMENT_3D('',#8850,#5565,#5566);
#4805=AXIS2_PLACEMENT_3D('',#8851,#5567,#5568);
#4806=AXIS2_PLACEMENT_3D('',#8854,#5570,#5571);
#4807=AXIS2_PLACEMENT_3D('',#9027,#5574,#5575);
#4808=AXIS2_PLACEMENT_3D('',#9030,#5577,#5578);
#4809=AXIS2_PLACEMENT_3D('',#9031,#5579,#5580);
#4810=AXIS2_PLACEMENT_3D('',#9034,#5582,#5583);
#4811=AXIS2_PLACEMENT_3D('',#9035,#5584,#5585);
#4812=AXIS2_PLACEMENT_3D('',#9038,#5587,#5588);
#4813=AXIS2_PLACEMENT_3D('',#9039,#5589,#5590);
#4814=AXIS2_PLACEMENT_3D('',#9042,#5592,#5593);
#4815=AXIS2_PLACEMENT_3D('',#9043,#5594,#5595);
#4816=AXIS2_PLACEMENT_3D('',#9049,#5596,#5597);
#4817=AXIS2_PLACEMENT_3D('',#9124,#5599,#5600);
#4818=AXIS2_PLACEMENT_3D('',#9125,#5601,#5602);
#4819=AXIS2_PLACEMENT_3D('',#9126,#5603,#5604);
#4820=AXIS2_PLACEMENT_3D('',#9138,#5605,#5606);
#4821=AXIS2_PLACEMENT_3D('',#9140,#5607,#5608);
#4822=AXIS2_PLACEMENT_3D('',#9142,#5609,#5610);
#4823=AXIS2_PLACEMENT_3D('',#9144,#5611,#5612);
#4824=AXIS2_PLACEMENT_3D('',#9165,#5613,#5614);
#4825=AXIS2_PLACEMENT_3D('',#9167,#5615,#5616);
#4826=AXIS2_PLACEMENT_3D('',#9169,#5617,#5618);
#4827=AXIS2_PLACEMENT_3D('',#9171,#5619,#5620);
#4828=AXIS2_PLACEMENT_3D('',#9326,#5624,#5625);
#4829=AXIS2_PLACEMENT_3D('',#9329,#5627,#5628);
#4830=AXIS2_PLACEMENT_3D('',#9330,#5629,#5630);
#4831=AXIS2_PLACEMENT_3D('',#9333,#5632,#5633);
#4832=AXIS2_PLACEMENT_3D('',#9334,#5634,#5635);
#4833=AXIS2_PLACEMENT_3D('',#9337,#5637,#5638);
#4834=AXIS2_PLACEMENT_3D('',#9338,#5639,#5640);
#4835=AXIS2_PLACEMENT_3D('',#9341,#5642,#5643);
#4836=AXIS2_PLACEMENT_3D('',#9492,#5646,#5647);
#4837=AXIS2_PLACEMENT_3D('',#9495,#5649,#5650);
#4838=AXIS2_PLACEMENT_3D('',#9496,#5651,#5652);
#4839=AXIS2_PLACEMENT_3D('',#9499,#5654,#5655);
#4840=AXIS2_PLACEMENT_3D('',#9500,#5656,#5657);
#4841=AXIS2_PLACEMENT_3D('',#9503,#5659,#5660);
#4842=AXIS2_PLACEMENT_3D('',#9504,#5661,#5662);
#4843=AXIS2_PLACEMENT_3D('',#9505,#5663,#5664);
#4844=AXIS2_PLACEMENT_3D('',#9506,#5665,#5666);
#4845=AXIS2_PLACEMENT_3D('',#9521,#5668,#5669);
#4846=AXIS2_PLACEMENT_3D('',#9535,#5671,#5672);
#4847=AXIS2_PLACEMENT_3D('',#9549,#5674,#5675);
#4848=AXIS2_PLACEMENT_3D('',#9570,#5677,#5678);
#4849=AXIS2_PLACEMENT_3D('',#9770,#5684,#5685);
#4850=AXIS2_PLACEMENT_3D('',#10073,#5688,#5689);
#4851=AXIS2_PLACEMENT_3D('',#10076,#5691,#5692);
#4852=AXIS2_PLACEMENT_3D('',#10244,#5694,#5695);
#4853=AXIS2_PLACEMENT_3D('',#10248,#5698,#5699);
#4854=AXIS2_PLACEMENT_3D('',#10249,#5700,#5701);
#4855=AXIS2_PLACEMENT_3D('',#10250,#5702,#5703);
#4856=AXIS2_PLACEMENT_3D('',#10272,#5704,#5705);
#4857=AXIS2_PLACEMENT_3D('',#10294,#5706,#5707);
#4858=AXIS2_PLACEMENT_3D('',#10295,#5708,#5709);
#4859=AXIS2_PLACEMENT_3D('',#10301,#5710,#5711);
#4860=AXIS2_PLACEMENT_3D('',#10584,#5712,#5713);
#4861=AXIS2_PLACEMENT_3D('',#10590,#5714,#5715);
#4862=AXIS2_PLACEMENT_3D('',#10870,#5716,#5717);
#4863=AXIS2_PLACEMENT_3D('',#10871,#5718,#5719);
#4864=AXIS2_PLACEMENT_3D('',#10876,#5721,#5722);
#4865=AXIS2_PLACEMENT_3D('',#10880,#5724,#5725);
#4866=AXIS2_PLACEMENT_3D('',#10884,#5727,#5728);
#4867=AXIS2_PLACEMENT_3D('',#10888,#5730,#5731);
#4868=AXIS2_PLACEMENT_3D('',#10892,#5733,#5734);
#4869=AXIS2_PLACEMENT_3D('',#10895,#5736,#5737);
#4870=AXIS2_PLACEMENT_3D('',#10901,#5741,#5742);
#4871=AXIS2_PLACEMENT_3D('',#10904,#5744,#5745);
#4872=AXIS2_PLACEMENT_3D('',#10905,#5746,#5747);
#4873=AXIS2_PLACEMENT_3D('',#10909,#5750,#5751);
#4874=AXIS2_PLACEMENT_3D('',#10912,#5753,#5754);
#4875=AXIS2_PLACEMENT_3D('',#10913,#5755,#5756);
#4876=AXIS2_PLACEMENT_3D('',#10917,#5759,#5760);
#4877=AXIS2_PLACEMENT_3D('',#10920,#5762,#5763);
#4878=AXIS2_PLACEMENT_3D('',#10921,#5764,#5765);
#4879=AXIS2_PLACEMENT_3D('',#10925,#5768,#5769);
#4880=AXIS2_PLACEMENT_3D('',#10928,#5771,#5772);
#4881=AXIS2_PLACEMENT_3D('',#10929,#5773,#5774);
#4882=AXIS2_PLACEMENT_3D('',#10933,#5777,#5778);
#4883=AXIS2_PLACEMENT_3D('',#10936,#5780,#5781);
#4884=AXIS2_PLACEMENT_3D('',#10937,#5782,#5783);
#4885=AXIS2_PLACEMENT_3D('',#10941,#5786,#5787);
#4886=AXIS2_PLACEMENT_3D('',#10942,#5788,#5789);
#4887=AXIS2_PLACEMENT_3D('',#10943,#5790,#5791);
#4888=AXIS2_PLACEMENT_3D('',#10947,#5793,#5794);
#4889=AXIS2_PLACEMENT_3D('',#10951,#5796,#5797);
#4890=AXIS2_PLACEMENT_3D('',#10953,#5798,#5799);
#4891=AXIS2_PLACEMENT_3D('',#10957,#5801,#5802);
#4892=AXIS2_PLACEMENT_3D('',#10961,#5804,#5805);
#4893=AXIS2_PLACEMENT_3D('',#10963,#5806,#5807);
#4894=AXIS2_PLACEMENT_3D('',#10964,#5808,#5809);
#4895=AXIS2_PLACEMENT_3D('',#10967,#5811,#5812);
#4896=AXIS2_PLACEMENT_3D('',#10970,#5814,#5815);
#4897=AXIS2_PLACEMENT_3D('',#10974,#5818,#5819);
#4898=AXIS2_PLACEMENT_3D('',#10977,#5821,#5822);
#4899=AXIS2_PLACEMENT_3D('',#10978,#5823,#5824);
#4900=AXIS2_PLACEMENT_3D('',#10984,#5825,#5826);
#4901=AXIS2_PLACEMENT_3D('',#10985,#5827,#5828);
#4902=AXIS2_PLACEMENT_3D('',#10989,#5831,#5832);
#4903=AXIS2_PLACEMENT_3D('',#10992,#5834,#5835);
#4904=AXIS2_PLACEMENT_3D('',#10993,#5836,#5837);
#4905=AXIS2_PLACEMENT_3D('',#10997,#5840,#5841);
#4906=AXIS2_PLACEMENT_3D('',#11000,#5843,#5844);
#4907=AXIS2_PLACEMENT_3D('',#11001,#5845,#5846);
#4908=AXIS2_PLACEMENT_3D('',#11007,#5847,#5848);
#4909=AXIS2_PLACEMENT_3D('',#11008,#5849,#5850);
#4910=AXIS2_PLACEMENT_3D('',#11010,#5852,#5853);
#4911=AXIS2_PLACEMENT_3D('',#11011,#5854,#5855);
#4912=AXIS2_PLACEMENT_3D('',#11016,#5857,#5858);
#4913=AXIS2_PLACEMENT_3D('',#11020,#5860,#5861);
#4914=AXIS2_PLACEMENT_3D('',#11023,#5863,#5864);
#4915=AXIS2_PLACEMENT_3D('',#11029,#5868,#5869);
#4916=AXIS2_PLACEMENT_3D('',#11032,#5871,#5872);
#4917=AXIS2_PLACEMENT_3D('',#11033,#5873,#5874);
#4918=AXIS2_PLACEMENT_3D('',#11037,#5877,#5878);
#4919=AXIS2_PLACEMENT_3D('',#11040,#5880,#5881);
#4920=AXIS2_PLACEMENT_3D('',#11041,#5882,#5883);
#4921=AXIS2_PLACEMENT_3D('',#11045,#5886,#5887);
#4922=AXIS2_PLACEMENT_3D('',#11046,#5888,#5889);
#4923=AXIS2_PLACEMENT_3D('',#11047,#5890,#5891);
#4924=AXIS2_PLACEMENT_3D('',#11076,#5892,#5893);
#4925=AXIS2_PLACEMENT_3D('',#11506,#5895,#5896);
#4926=AXIS2_PLACEMENT_3D('',#11507,#5897,#5898);
#4927=AXIS2_PLACEMENT_3D('',#11508,#5899,#5900);
#4928=AXIS2_PLACEMENT_3D('',#11512,#5902,#5903);
#4929=AXIS2_PLACEMENT_3D('',#11516,#5905,#5906);
#4930=AXIS2_PLACEMENT_3D('',#11529,#5908,#5909);
#4931=AXIS2_PLACEMENT_3D('',#11532,#5911,#5912);
#4932=AXIS2_PLACEMENT_3D('',#11535,#5914,#5915);
#4933=AXIS2_PLACEMENT_3D('',#11566,#5919,#5920);
#4934=AXIS2_PLACEMENT_3D('',#11603,#5924,#5925);
#4935=AXIS2_PLACEMENT_3D('',#11606,#5927,#5928);
#4936=AXIS2_PLACEMENT_3D('',#11607,#5929,#5930);
#4937=AXIS2_PLACEMENT_3D('',#11609,#5932,#5933);
#4938=AXIS2_PLACEMENT_3D('',#11621,#5934,#5935);
#4939=AXIS2_PLACEMENT_3D('',#11643,#5936,#5937);
#4940=AXIS2_PLACEMENT_3D('',#11653,#5938,#5939);
#4941=AXIS2_PLACEMENT_3D('',#11654,#5940,#5941);
#4942=AXIS2_PLACEMENT_3D('',#11660,#5942,#5943);
#4943=AXIS2_PLACEMENT_3D('',#11796,#5944,#5945);
#4944=AXIS2_PLACEMENT_3D('',#11802,#5946,#5947);
#4945=AXIS2_PLACEMENT_3D('',#11875,#5948,#5949);
#4946=AXIS2_PLACEMENT_3D('',#11881,#5950,#5951);
#4947=AXIS2_PLACEMENT_3D('',#12086,#5953,#5954);
#4948=AXIS2_PLACEMENT_3D('',#12098,#5955,#5956);
#4949=AXIS2_PLACEMENT_3D('',#12100,#5957,#5958);
#4950=AXIS2_PLACEMENT_3D('',#12102,#5959,#5960);
#4951=AXIS2_PLACEMENT_3D('',#12104,#5961,#5962);
#4952=AXIS2_PLACEMENT_3D('',#12125,#5963,#5964);
#4953=AXIS2_PLACEMENT_3D('',#12127,#5965,#5966);
#4954=AXIS2_PLACEMENT_3D('',#12129,#5967,#5968);
#4955=AXIS2_PLACEMENT_3D('',#12131,#5969,#5970);
#4956=AXIS2_PLACEMENT_3D('',#12286,#5974,#5975);
#4957=AXIS2_PLACEMENT_3D('',#12289,#5977,#5978);
#4958=AXIS2_PLACEMENT_3D('',#12290,#5979,#5980);
#4959=AXIS2_PLACEMENT_3D('',#12293,#5982,#5983);
#4960=AXIS2_PLACEMENT_3D('',#12294,#5984,#5985);
#4961=AXIS2_PLACEMENT_3D('',#12297,#5987,#5988);
#4962=AXIS2_PLACEMENT_3D('',#12298,#5989,#5990);
#4963=AXIS2_PLACEMENT_3D('',#12301,#5992,#5993);
#4964=AXIS2_PLACEMENT_3D('',#12452,#5996,#5997);
#4965=AXIS2_PLACEMENT_3D('',#12455,#5999,#6000);
#4966=AXIS2_PLACEMENT_3D('',#12456,#6001,#6002);
#4967=AXIS2_PLACEMENT_3D('',#12459,#6004,#6005);
#4968=AXIS2_PLACEMENT_3D('',#12460,#6006,#6007);
#4969=AXIS2_PLACEMENT_3D('',#12463,#6009,#6010);
#4970=AXIS2_PLACEMENT_3D('',#12464,#6011,#6012);
#4971=AXIS2_PLACEMENT_3D('',#12465,#6013,#6014);
#4972=AXIS2_PLACEMENT_3D('',#12466,#6015,#6016);
#4973=AXIS2_PLACEMENT_3D('',#12492,#6019,#6020);
#4974=AXIS2_PLACEMENT_3D('',#12493,#6021,#6022);
#4975=AXIS2_PLACEMENT_3D('',#12495,#6023,#6024);
#4976=AXIS2_PLACEMENT_3D('',#12497,#6025,#6026);
#4977=AXIS2_PLACEMENT_3D('',#12498,#6027,#6028);
#4978=AXIS2_PLACEMENT_3D('',#12500,#6029,#6030);
#4979=AXIS2_PLACEMENT_3D('',#12502,#6031,#6032);
#4980=AXIS2_PLACEMENT_3D('',#12503,#6033,#6034);
#4981=AXIS2_PLACEMENT_3D('',#12504,#6035,#6036);
#4982=AXIS2_PLACEMENT_3D('',#12506,#6037,#6038);
#4983=AXIS2_PLACEMENT_3D('',#12508,#6039,#6040);
#4984=AXIS2_PLACEMENT_3D('',#12509,#6041,#6042);
#4985=AXIS2_PLACEMENT_3D('',#12511,#6043,#6044);
#4986=AXIS2_PLACEMENT_3D('',#12513,#6045,#6046);
#4987=AXIS2_PLACEMENT_3D('',#12514,#6047,#6048);
#4988=AXIS2_PLACEMENT_3D('',#12515,#6049,#6050);
#4989=AXIS2_PLACEMENT_3D('',#12517,#6051,#6052);
#4990=AXIS2_PLACEMENT_3D('',#12519,#6053,#6054);
#4991=AXIS2_PLACEMENT_3D('',#12520,#6055,#6056);
#4992=AXIS2_PLACEMENT_3D('',#12522,#6057,#6058);
#4993=AXIS2_PLACEMENT_3D('',#12524,#6059,#6060);
#4994=AXIS2_PLACEMENT_3D('',#12525,#6061,#6062);
#4995=AXIS2_PLACEMENT_3D('',#12526,#6063,#6064);
#4996=AXIS2_PLACEMENT_3D('',#12528,#6065,#6066);
#4997=AXIS2_PLACEMENT_3D('',#12530,#6067,#6068);
#4998=AXIS2_PLACEMENT_3D('',#12531,#6069,#6070);
#4999=AXIS2_PLACEMENT_3D('',#12533,#6071,#6072);
#5000=AXIS2_PLACEMENT_3D('',#12535,#6073,#6074);
#5001=AXIS2_PLACEMENT_3D('',#12536,#6075,#6076);
#5002=AXIS2_PLACEMENT_3D('',#12537,#6077,#6078);
#5003=AXIS2_PLACEMENT_3D('',#12539,#6079,#6080);
#5004=AXIS2_PLACEMENT_3D('',#12541,#6081,#6082);
#5005=AXIS2_PLACEMENT_3D('',#12542,#6083,#6084);
#5006=AXIS2_PLACEMENT_3D('',#12544,#6085,#6086);
#5007=AXIS2_PLACEMENT_3D('',#12546,#6087,#6088);
#5008=AXIS2_PLACEMENT_3D('',#12547,#6089,#6090);
#5009=AXIS2_PLACEMENT_3D('',#12548,#6091,#6092);
#5010=AXIS2_PLACEMENT_3D('',#12550,#6093,#6094);
#5011=AXIS2_PLACEMENT_3D('',#12552,#6095,#6096);
#5012=AXIS2_PLACEMENT_3D('',#12553,#6097,#6098);
#5013=AXIS2_PLACEMENT_3D('',#12555,#6099,#6100);
#5014=AXIS2_PLACEMENT_3D('',#12557,#6101,#6102);
#5015=AXIS2_PLACEMENT_3D('',#12558,#6103,#6104);
#5016=AXIS2_PLACEMENT_3D('',#12559,#6105,#6106);
#5017=AXIS2_PLACEMENT_3D('',#12561,#6107,#6108);
#5018=AXIS2_PLACEMENT_3D('',#12563,#6109,#6110);
#5019=AXIS2_PLACEMENT_3D('',#12564,#6111,#6112);
#5020=AXIS2_PLACEMENT_3D('',#12566,#6113,#6114);
#5021=AXIS2_PLACEMENT_3D('',#12568,#6115,#6116);
#5022=AXIS2_PLACEMENT_3D('',#12569,#6117,#6118);
#5023=AXIS2_PLACEMENT_3D('',#12571,#6119,#6120);
#5024=AXIS2_PLACEMENT_3D('',#12573,#6121,#6122);
#5025=AXIS2_PLACEMENT_3D('',#12574,#6123,#6124);
#5026=AXIS2_PLACEMENT_3D('',#12576,#6125,#6126);
#5027=AXIS2_PLACEMENT_3D('',#12578,#6127,#6128);
#5028=AXIS2_PLACEMENT_3D('',#12579,#6129,#6130);
#5029=AXIS2_PLACEMENT_3D('',#12581,#6131,#6132);
#5030=AXIS2_PLACEMENT_3D('',#12583,#6133,#6134);
#5031=AXIS2_PLACEMENT_3D('',#12584,#6135,#6136);
#5032=AXIS2_PLACEMENT_3D('',#12586,#6137,#6138);
#5033=AXIS2_PLACEMENT_3D('',#12587,#6139,#6140);
#5034=AXIS2_PLACEMENT_3D('',#12589,#6141,#6142);
#5035=AXIS2_PLACEMENT_3D('',#12591,#6143,#6144);
#5036=AXIS2_PLACEMENT_3D('',#12592,#6145,#6146);
#5037=AXIS2_PLACEMENT_3D('',#12594,#6147,#6148);
#5038=AXIS2_PLACEMENT_3D('',#12596,#6149,#6150);
#5039=AXIS2_PLACEMENT_3D('',#12597,#6151,#6152);
#5040=AXIS2_PLACEMENT_3D('',#12599,#6153,#6154);
#5041=AXIS2_PLACEMENT_3D('',#12600,#6155,#6156);
#5042=AXIS2_PLACEMENT_3D('',#12601,#6157,#6158);
#5043=AXIS2_PLACEMENT_3D('',#12603,#6159,#6160);
#5044=AXIS2_PLACEMENT_3D('',#12604,#6161,#6162);
#5045=AXIS2_PLACEMENT_3D('',#12605,#6163,#6164);
#5046=AXIS2_PLACEMENT_3D('',#12606,#6165,#6166);
#5047=AXIS2_PLACEMENT_3D('',#12607,#6167,#6168);
#5048=AXIS2_PLACEMENT_3D('',#12608,#6169,#6170);
#5049=AXIS2_PLACEMENT_3D('',#12609,#6171,#6172);
#5050=AXIS2_PLACEMENT_3D('',#12610,#6173,#6174);
#5051=AXIS2_PLACEMENT_3D('',#12611,#6175,#6176);
#5052=AXIS2_PLACEMENT_3D('',#12612,#6177,#6178);
#5053=AXIS2_PLACEMENT_3D('',#12613,#6179,#6180);
#5054=AXIS2_PLACEMENT_3D('',#12614,#6181,#6182);
#5055=AXIS2_PLACEMENT_3D('',#12615,#6183,#6184);
#5056=AXIS2_PLACEMENT_3D('',#12617,#6185,#6186);
#5057=AXIS2_PLACEMENT_3D('',#12618,#6187,#6188);
#5058=AXIS2_PLACEMENT_3D('',#12619,#6189,#6190);
#5059=AXIS2_PLACEMENT_3D('',#12621,#6191,#6192);
#5060=AXIS2_PLACEMENT_3D('',#12622,#6193,#6194);
#5061=AXIS2_PLACEMENT_3D('',#12624,#6195,#6196);
#5062=DIRECTION('',(0.,0.,1.));
#5063=DIRECTION('',(1.,0.,0.));
#5064=DIRECTION('',(0.,0.,-1.));
#5065=DIRECTION('',(-1.,0.,0.));
#5066=DIRECTION('',(0.,0.,-1.));
#5067=DIRECTION('',(-1.,0.,0.));
#5068=DIRECTION('',(0.73873197096894,0.341433143862127,0.581118304083402));
#5069=DIRECTION('',(0.527501349701777,0.243804859269812,-0.813819093324328));
#5070=DIRECTION('',(0.734220397972438,0.338667229317947,-0.588408799209614));
#5071=DIRECTION('',(-0.534307686008821,-0.24645529342905,-0.80856359367257));
#5072=DIRECTION('',(0.,0.,1.));
#5073=DIRECTION('',(1.,0.,0.));
#5074=DIRECTION('',(0.,0.,1.));
#5075=DIRECTION('',(1.,0.,0.));
#5076=DIRECTION('',(-0.750323361476237,-0.320886513899948,-0.5779677312966));
#5077=DIRECTION('',(0.531410550079799,0.227265320020509,-0.816059618888143));
#5078=DIRECTION('',(-0.73914043998696,-0.315028838140092,0.595338761644148));
#5079=DIRECTION('',(-0.547669886645499,-0.233422227685569,-0.803474802893042));
#5080=DIRECTION('',(0.,0.,1.));
#5081=DIRECTION('',(1.,0.,0.));
#5082=DIRECTION('',(-0.743117205749366,-0.337309662394467,-0.577926474713337));
#5083=DIRECTION('',(0.526250436916429,0.238871278767149,-0.816088836969));
#5084=DIRECTION('',(0.,0.,1.));
#5085=DIRECTION('',(1.,0.,0.));
#5086=DIRECTION('',(0.734220397972438,0.338667229317947,-0.588408799209614));
#5087=DIRECTION('',(-0.625363919426529,0.,-0.780333241813708));
#5088=DIRECTION('',(0.419200624555029,-0.907893471408063,0.000530044611646151));
#5089=DIRECTION('',(0.734220397972438,0.338667229317947,-0.588408799209614));
#5090=DIRECTION('',(-0.534307686008821,-0.24645529342905,-0.80856359367257));
#5091=DIRECTION('',(0.418850455261892,-0.908055227465216,0.));
#5092=DIRECTION('',(0.73873197096894,0.341433143862127,0.581118304083402));
#5093=DIRECTION('',(0.618272747275365,0.,-0.78596361873599));
#5094=DIRECTION('',(0.419544277914916,-0.907734872564039,0.));
#5095=DIRECTION('',(0.73873197096894,0.341433143862127,0.581118304083402));
#5096=DIRECTION('',(0.527501349701777,0.243804859269812,-0.813819093324328));
#5097=DIRECTION('',(0.,0.,1.));
#5098=DIRECTION('',(1.,0.,0.));
#5099=DIRECTION('',(-0.413324686130071,0.910583715995118,0.));
#5100=DIRECTION('',(0.,0.,-1.));
#5101=DIRECTION('',(-1.,0.,0.));
#5102=DIRECTION('',(-0.743117205749366,-0.337309662394467,-0.577926474713337));
#5103=DIRECTION('',(-0.613905153928936,0.,0.789379795776082));
#5104=DIRECTION('',(-0.743117205749366,-0.337309662394467,-0.577926474713337));
#5105=DIRECTION('',(0.526250436916429,0.238871278767149,-0.816088836969));
#5106=DIRECTION('',(0.390384758884736,-0.920651801730984,0.));
#5107=DIRECTION('',(0.,0.,1.));
#5108=DIRECTION('',(1.,0.,0.));
#5109=DIRECTION('',(0.39208303360078,-0.919929831434121,0.));
#5110=DIRECTION('',(0.,0.,-1.));
#5111=DIRECTION('',(-1.,0.,0.));
#5112=DIRECTION('',(-0.73914043998696,-0.315028838140092,0.595338761644148));
#5113=DIRECTION('',(0.62727846422022,0.,0.778795048986267));
#5114=DIRECTION('',(0.39266149434739,-0.919682679030834,0.000848968516378944));
#5115=DIRECTION('',(-0.73914043998696,-0.315028838140092,0.595338761644148));
#5116=DIRECTION('',(-0.547669886645499,-0.233422227685569,-0.803474802893042));
#5117=DIRECTION('',(-0.750323361476237,-0.320886513899948,-0.5779677312966));
#5118=DIRECTION('',(-0.610238580782378,0.,0.792217693897775));
#5119=DIRECTION('',(0.393214547654186,-0.919446746425868,0.));
#5120=DIRECTION('',(-0.750323361476237,-0.320886513899948,-0.5779677312966));
#5121=DIRECTION('',(0.531410550079799,0.227265320020509,-0.816059618888143));
#5122=DIRECTION('',(0.,0.,1.));
#5123=DIRECTION('',(1.,0.,0.));
#5124=DIRECTION('',(-0.392511721019689,0.919747002638313,0.));
#5125=DIRECTION('',(0.,0.,-1.));
#5126=DIRECTION('',(-1.,0.,0.));
#5127=DIRECTION('',(0.406080955228757,-0.913837106819646,0.));
#5128=DIRECTION('',(0.420237928919057,-0.90741395355032,0.));
#5129=DIRECTION('',(0.,0.,1.));
#5130=DIRECTION('',(1.,0.,0.));
#5131=DIRECTION('',(0.,0.,-1.));
#5132=DIRECTION('',(-1.,0.,0.));
#5133=DIRECTION('',(0.,0.,-1.));
#5134=DIRECTION('',(-1.,0.,0.));
#5135=DIRECTION('',(0.,0.,1.));
#5136=DIRECTION('',(1.,0.,0.));
#5137=DIRECTION('',(0.,0.,-1.));
#5138=DIRECTION('',(0.,0.,1.));
#5139=DIRECTION('',(1.,0.,0.));
#5140=DIRECTION('',(0.,0.,-1.));
#5141=DIRECTION('',(-0.932974929427744,-0.359941357806097,0.));
#5142=DIRECTION('',(0.,0.,-1.));
#5143=DIRECTION('',(0.359941357806092,-0.932974929427746,0.));
#5144=DIRECTION('',(0.,0.,-1.));
#5145=DIRECTION('',(0.359941357806097,-0.932974929427744,0.));
#5146=DIRECTION('',(0.,0.,1.));
#5147=DIRECTION('',(1.,0.,0.));
#5148=DIRECTION('',(0.379787866790128,-0.925073605849288,0.));
#5149=DIRECTION('',(0.,0.,-1.));
#5150=DIRECTION('',(-1.,0.,0.));
#5151=DIRECTION('',(-0.925073605849288,-0.379787866790128,0.));
#5152=DIRECTION('',(0.,0.,-1.));
#5153=DIRECTION('',(0.379787866790121,-0.925073605849291,0.));
#5154=DIRECTION('',(0.,0.,-1.));
#5155=DIRECTION('',(0.,0.,1.));
#5156=DIRECTION('',(1.,0.,0.));
#5157=DIRECTION('',(0.,0.,-1.));
#5158=DIRECTION('',(-1.,0.,0.));
#5159=DIRECTION('',(0.,0.,-1.));
#5160=DIRECTION('',(-1.,0.,0.));
#5161=DIRECTION('',(0.792934501681489,0.158208599912857,-0.588408799183648));
#5162=DIRECTION('',(-0.577035178934515,-0.11513173858131,-0.808563593691466));
#5163=DIRECTION('',(0.,0.,1.));
#5164=DIRECTION('',(1.,0.,0.));
#5165=DIRECTION('',(0.,0.,1.));
#5166=DIRECTION('',(1.,0.,0.));
#5167=DIRECTION('',(-0.803928376948216,-0.137060044850464,-0.578717296132573));
#5168=DIRECTION('',(0.570485778966281,0.0972609111628697,-0.815528228301758));
#5169=DIRECTION('',(-0.79220943346632,-0.134074503210912,0.595338761643923));
#5170=DIRECTION('',(-0.586991628591443,-0.0993431883889677,-0.803474802893209));
#5171=DIRECTION('',(0.,0.,1.));
#5172=DIRECTION('',(1.,0.,0.));
#5173=DIRECTION('',(0.,0.,1.));
#5174=DIRECTION('',(1.,0.,0.));
#5175=DIRECTION('',(0.797966490605575,0.159846790802485,0.581118304083402));
#5176=DIRECTION('',(0.569798543115889,0.114140718430276,-0.813819093324328));
#5177=DIRECTION('',(0.,0.,1.));
#5178=DIRECTION('',(1.,0.,0.));
#5179=DIRECTION('',(0.195666242144989,-0.980670546965115,0.));
#5180=DIRECTION('',(0.,0.,-1.));
#5181=DIRECTION('',(-1.,0.,0.));
#5182=DIRECTION('',(0.19716496907393,-0.980370325423039,0.));
#5183=DIRECTION('',(0.792934501681489,0.158208599912857,-0.588408799183648));
#5184=DIRECTION('',(-0.595913910956492,0.,-0.803048324030714));
#5185=DIRECTION('',(0.196044472825054,-0.980594862173794,0.000530050096328288));
#5186=DIRECTION('',(0.792934501681489,0.158208599912857,-0.588408799183648));
#5187=DIRECTION('',(-0.577035178934515,-0.11513173858131,-0.808563593691466));
#5188=DIRECTION('',(0.797966490605575,0.159846790802485,0.581118304083402));
#5189=DIRECTION('',(0.588687747963235,0.,-0.808360523156577));
#5190=DIRECTION('',(0.196415631082745,-0.980520728932523,0.));
#5191=DIRECTION('',(0.797966490605575,0.159846790802485,0.581118304083402));
#5192=DIRECTION('',(0.569798543115889,0.114140718430276,-0.813819093324328));
#5193=DIRECTION('',(0.,0.,1.));
#5194=DIRECTION('',(1.,0.,0.));
#5195=DIRECTION('',(-0.197786263274693,0.980245170383325,0.));
#5196=DIRECTION('',(0.,0.,-1.));
#5197=DIRECTION('',(-1.,0.,0.));
#5198=DIRECTION('',(0.181570858997024,-0.983377863876894,0.));
#5199=DIRECTION('',(0.165048559226987,-0.986285441997952,0.));
#5200=DIRECTION('',(0.,0.,1.));
#5201=DIRECTION('',(1.,0.,0.));
#5202=DIRECTION('',(0.16686833579364,-0.985979187665471,0.));
#5203=DIRECTION('',(0.,0.,-1.));
#5204=DIRECTION('',(-1.,0.,0.));
#5205=DIRECTION('',(-0.79220943346632,-0.134074503210912,0.595338761643923));
#5206=DIRECTION('',(0.600762896841242,0.,0.799427258591374));
#5207=DIRECTION('',(0.167478495093067,-0.985875375459941,0.000835310171026363));
#5208=DIRECTION('',(-0.79220943346632,-0.134074503210912,0.595338761643923));
#5209=DIRECTION('',(-0.586991628591443,-0.0993431883889677,-0.803474802893209));
#5210=DIRECTION('',(-0.803928376948216,-0.137060044850464,-0.578717296132573));
#5211=DIRECTION('',(-0.584230833753308,0.,0.811587538649969));
#5212=DIRECTION('',(0.168062907075425,-0.985776272419537,0.));
#5213=DIRECTION('',(-0.803928376948216,-0.137060044850464,-0.578717296132573));
#5214=DIRECTION('',(0.570485778966281,0.0972609111628697,-0.815528228301758));
#5215=DIRECTION('',(0.,0.,1.));
#5216=DIRECTION('',(1.,0.,0.));
#5217=DIRECTION('',(-0.167327829643431,0.985901312214777,0.));
#5218=DIRECTION('',(0.,0.,-1.));
#5219=DIRECTION('',(-1.,0.,0.));
#5220=DIRECTION('',(0.181900808753102,-0.983316884719757,0.));
#5221=DIRECTION('',(0.,0.,-1.));
#5222=DIRECTION('',(-1.,0.,0.));
#5223=DIRECTION('',(-0.784122969183268,-0.175279571381833,0.595338761593278));
#5224=DIRECTION('',(-0.580999921475638,-0.129874294226071,-0.803474802930734));
#5225=DIRECTION('',(0.,0.,1.));
#5226=DIRECTION('',(1.,0.,0.));
#5227=DIRECTION('',(0.,0.,1.));
#5228=DIRECTION('',(1.,0.,0.));
#5229=DIRECTION('',(0.788533222260764,0.2012880375241,0.581118304083388));
#5230=DIRECTION('',(0.563062592893679,0.143732389615563,-0.813819093324338));
#5231=DIRECTION('',(0.783070189970089,0.199271729576549,-0.589145020662807));
#5232=DIRECTION('',(-0.570948399493456,-0.145292052389798,-0.808027316758673));
#5233=DIRECTION('',(0.,0.,1.));
#5234=DIRECTION('',(1.,0.,0.));
#5235=DIRECTION('',(0.,0.,1.));
#5236=DIRECTION('',(1.,0.,0.));
#5237=DIRECTION('',(-0.795669932116347,-0.17887327995825,-0.578717296132529));
#5238=DIRECTION('',(0.564625399524402,0.126932529537762,-0.815528228301789));
#5239=DIRECTION('',(0.,0.,1.));
#5240=DIRECTION('',(1.,0.,0.));
#5241=DIRECTION('',(0.218151920561152,-0.975914821875086,0.));
#5242=DIRECTION('',(0.,0.,-1.));
#5243=DIRECTION('',(-1.,0.,0.));
#5244=DIRECTION('',(0.216314231071974,-0.976323795385394,0.));
#5245=DIRECTION('',(-0.784122969183268,-0.175279571381833,0.595338761593278));
#5246=DIRECTION('',(0.604700308102581,0.,0.796453098041965));
#5247=DIRECTION('',(0.218755823035555,-0.975779274295655,0.000835310171338089));
#5248=DIRECTION('',(-0.784122969183268,-0.175279571381833,0.595338761593278));
#5249=DIRECTION('',(-0.580999921475638,-0.129874294226071,-0.803474802930734));
#5250=DIRECTION('',(-0.795669932116347,-0.17887327995825,-0.578717296132529));
#5251=DIRECTION('',(-0.588203775682474,0.,0.808712753870546));
#5252=DIRECTION('',(0.219334259380238,-0.97564977459236,0.));
#5253=DIRECTION('',(-0.795669932116347,-0.17887327995825,-0.578717296132529));
#5254=DIRECTION('',(0.564625399524402,0.126932529537762,-0.815528228301789));
#5255=DIRECTION('',(0.,0.,1.));
#5256=DIRECTION('',(1.,0.,0.));
#5257=DIRECTION('',(-0.218570339079151,0.975821196159842,0.));
#5258=DIRECTION('',(0.,0.,-1.));
#5259=DIRECTION('',(-1.,0.,0.));
#5260=DIRECTION('',(0.232988520427438,-0.972479485310119,0.));
#5261=DIRECTION('',(0.248114150044394,-0.968730802931211,0.));
#5262=DIRECTION('',(0.,0.,1.));
#5263=DIRECTION('',(1.,0.,0.));
#5264=DIRECTION('',(0.246615090162928,-0.969113511052204,0.));
#5265=DIRECTION('',(0.,0.,-1.));
#5266=DIRECTION('',(-1.,0.,0.));
#5267=DIRECTION('',(0.783070189970089,0.199271729576549,-0.589145020662807));
#5268=DIRECTION('',(-0.601202575509767,0.,-0.799096654479559));
#5269=DIRECTION('',(0.246980082270084,-0.969020418806488,0.000516621681975046));
#5270=DIRECTION('',(0.783070189970089,0.199271729576549,-0.589145020662807));
#5271=DIRECTION('',(-0.570948399493456,-0.145292052389798,-0.808027316758673));
#5272=DIRECTION('',(0.788533222260764,0.2012880375241,0.581118304083388));
#5273=DIRECTION('',(0.593261115999166,0.,-0.805010092013401));
#5274=DIRECTION('',(0.247337570690148,-0.968929371071543,0.));
#5275=DIRECTION('',(0.788533222260764,0.2012880375241,0.581118304083388));
#5276=DIRECTION('',(0.563062592893679,0.143732389615563,-0.813819093324338));
#5277=DIRECTION('',(0.,0.,1.));
#5278=DIRECTION('',(1.,0.,0.));
#5279=DIRECTION('',(-0.248728057179217,0.968573359932975,0.));
#5280=DIRECTION('',(0.,0.,-1.));
#5281=DIRECTION('',(-1.,0.,0.));
#5282=DIRECTION('',(0.232698461798833,-0.972548932381532,0.));
#5283=DIRECTION('',(0.,0.,-1.));
#5284=DIRECTION('',(-1.,0.,0.));
#5285=DIRECTION('',(0.763193680888953,0.282554281706002,0.581118304083408));
#5286=DIRECTION('',(0.544968557709441,0.201761627790983,-0.813819093324324));
#5287=DIRECTION('',(0.758479426157774,0.280150040350029,-0.588408799209572));
#5288=DIRECTION('',(-0.551961493026822,-0.203871099479185,-0.8085635936726));
#5289=DIRECTION('',(0.,0.,1.));
#5290=DIRECTION('',(1.,0.,0.));
#5291=DIRECTION('',(0.,0.,1.));
#5292=DIRECTION('',(1.,0.,0.));
#5293=DIRECTION('',(-0.772642443576909,-0.260978822015281,-0.578717296132593));
#5294=DIRECTION('',(0.548284572264575,0.185196481229183,-0.815528228301744));
#5295=DIRECTION('',(-0.761533856694131,-0.256199031990496,0.595338761643903));
#5296=DIRECTION('',(-0.56426240320375,-0.18983198214849,-0.803474802893223));
#5297=DIRECTION('',(0.,0.,1.));
#5298=DIRECTION('',(1.,0.,0.));
#5299=DIRECTION('',(0.,0.,1.));
#5300=DIRECTION('',(1.,0.,0.));
#5301=DIRECTION('',(0.758479426157774,0.280150040350029,-0.588408799209572));
#5302=DIRECTION('',(-0.612953782239489,0.,-0.790118763755364));
#5303=DIRECTION('',(0.346840429825588,-0.937924002940063,0.000530044611718091));
#5304=DIRECTION('',(0.758479426157774,0.280150040350029,-0.588408799209572));
#5305=DIRECTION('',(-0.551961493026822,-0.203871099479185,-0.8085635936726));
#5306=DIRECTION('',(0.346478672231026,-0.938057849862697,0.));
#5307=DIRECTION('',(0.763193680888953,0.282554281706002,0.581118304083408));
#5308=DIRECTION('',(0.605804023768903,0.,-0.795613904343939));
#5309=DIRECTION('',(0.347195444323888,-0.937792793446792,0.));
#5310=DIRECTION('',(0.763193680888953,0.282554281706002,0.581118304083408));
#5311=DIRECTION('',(0.544968557709441,0.201761627790983,-0.813819093324324));
#5312=DIRECTION('',(0.,0.,1.));
#5313=DIRECTION('',(1.,0.,0.));
#5314=DIRECTION('',(-0.348506200471989,0.937306475083032,0.));
#5315=DIRECTION('',(0.,0.,-1.));
#5316=DIRECTION('',(-1.,0.,0.));
#5317=DIRECTION('',(0.332979360148589,-0.942934115256753,0.));
#5318=DIRECTION('',(0.317078865184957,-0.948399174004817,0.));
#5319=DIRECTION('',(0.,0.,1.));
#5320=DIRECTION('',(1.,0.,0.));
#5321=DIRECTION('',(0.318863803902688,-0.947800545769366,0.));
#5322=DIRECTION('',(0.,0.,-1.));
#5323=DIRECTION('',(-1.,0.,0.));
#5324=DIRECTION('',(-0.761533856694131,-0.256199031990496,0.595338761643903));
#5325=DIRECTION('',(0.615894836277563,0.,0.787828376390845));
#5326=DIRECTION('',(0.319450251257562,-0.947602680044964,0.000835310171284661));
#5327=DIRECTION('',(-0.761533856694131,-0.256199031990496,0.595338761643903));
#5328=DIRECTION('',(-0.56426240320375,-0.18983198214849,-0.803474802893223));
#5329=DIRECTION('',(-0.772642443576909,-0.260978822015281,-0.578717296132593));
#5330=DIRECTION('',(-0.599493010386718,0.,0.800379991315044));
#5331=DIRECTION('',(0.320012003212622,-0.947413488293177,0.));
#5332=DIRECTION('',(-0.772642443576909,-0.260978822015281,-0.578717296132593));
#5333=DIRECTION('',(0.548284572264575,0.185196481229183,-0.815528228301744));
#5334=DIRECTION('',(0.,0.,1.));
#5335=DIRECTION('',(1.,0.,0.));
#5336=DIRECTION('',(-0.319270158732755,0.947663740861051,0.));
#5337=DIRECTION('',(0.,0.,-1.));
#5338=DIRECTION('',(-1.,0.,0.));
#5339=DIRECTION('',(0.333295730989873,-0.942822335174515,0.));
#5340=DIRECTION('',(0.347912089455257,-0.937527161212344,0.));
#5341=DIRECTION('',(0.,0.,1.));
#5342=DIRECTION('',(1.,0.,0.));
#5343=DIRECTION('',(0.,0.,-1.));
#5344=DIRECTION('',(-1.,0.,0.));
#5345=DIRECTION('',(0.,0.,-1.));
#5346=DIRECTION('',(-1.,0.,0.));
#5347=DIRECTION('',(-0.780723925923267,-0.237636574029221,-0.577926474713363));
#5348=DIRECTION('',(0.552882242463954,0.168286173355523,-0.816088836968982));
#5349=DIRECTION('',(0.,0.,1.));
#5350=DIRECTION('',(1.,0.,0.));
#5351=DIRECTION('',(0.776913182228467,0.242296149244805,0.581118304083407));
#5352=DIRECTION('',(0.554765149380351,0.173014775015814,-0.813819093324324));
#5353=DIRECTION('',(0.772079760313292,0.240141476482695,-0.588408799209597));
#5354=DIRECTION('',(-0.561858743350669,-0.174756022808048,-0.808563593672582));
#5355=DIRECTION('',(0.,0.,1.));
#5356=DIRECTION('',(1.,0.,0.));
#5357=DIRECTION('',(0.,0.,1.));
#5358=DIRECTION('',(1.,0.,0.));
#5359=DIRECTION('',(-0.785729390215722,-0.22041467040802,-0.577967731296614));
#5360=DIRECTION('',(0.55648658819167,0.156106936370389,-0.816059618888134));
#5361=DIRECTION('',(-0.773878723799047,-0.216063601134522,0.595338761644109));
#5362=DIRECTION('',(-0.573409395578223,-0.160093429529627,-0.803474802893071));
#5363=DIRECTION('',(0.,0.,1.));
#5364=DIRECTION('',(1.,0.,0.));
#5365=DIRECTION('',(0.,0.,1.));
#5366=DIRECTION('',(1.,0.,0.));
#5367=DIRECTION('',(-0.29118959023116,0.956665366019388,0.));
#5368=DIRECTION('',(0.,0.,-1.));
#5369=DIRECTION('',(-1.,0.,0.));
#5370=DIRECTION('',(0.297727285132945,-0.954650964325374,0.));
#5371=DIRECTION('',(-0.780723925923267,-0.237636574029221,-0.577926474713363));
#5372=DIRECTION('',(-0.594969901233121,0.,0.803747980791648));
#5373=DIRECTION('',(-0.780723925923267,-0.237636574029221,-0.577926474713363));
#5374=DIRECTION('',(0.552882242463954,0.168286173355523,-0.816088836968982));
#5375=DIRECTION('',(0.267133633913965,-0.963659494651467,0.));
#5376=DIRECTION('',(0.,0.,1.));
#5377=DIRECTION('',(1.,0.,0.));
#5378=DIRECTION('',(0.268911483417454,-0.963164894546216,0.));
#5379=DIRECTION('',(0.,0.,-1.));
#5380=DIRECTION('',(-1.,0.,0.));
#5381=DIRECTION('',(-0.773878723799047,-0.216063601134522,0.595338761644109));
#5382=DIRECTION('',(0.609741282937789,0.,0.792600509639869));
#5383=DIRECTION('',(0.269517209832462,-0.962995198771304,0.000848968516423598));
#5384=DIRECTION('',(-0.773878723799047,-0.216063601134522,0.595338761644109));
#5385=DIRECTION('',(-0.573409395578223,-0.160093429529627,-0.803474802893071));
#5386=DIRECTION('',(-0.785729390215722,-0.22041467040802,-0.577967731296614));
#5387=DIRECTION('',(-0.592540518436155,0.,0.805540647026215));
#5388=DIRECTION('',(0.270096283784181,-0.96283331760278,0.));
#5389=DIRECTION('',(-0.785729390215722,-0.22041467040802,-0.577967731296614));
#5390=DIRECTION('',(0.55648658819167,0.156106936370389,-0.816059618888134));
#5391=DIRECTION('',(0.,0.,1.));
#5392=DIRECTION('',(1.,0.,0.));
#5393=DIRECTION('',(-0.269360333758743,0.96303946471439,0.));
#5394=DIRECTION('',(0.,0.,-1.));
#5395=DIRECTION('',(-1.,0.,0.));
#5396=DIRECTION('',(0.283583783145371,-0.958947463595874,0.));
#5397=DIRECTION('',(0.298456821712234,-0.954423137593296,0.));
#5398=DIRECTION('',(0.,0.,1.));
#5399=DIRECTION('',(1.,0.,0.));
#5400=DIRECTION('',(0.296997636749816,-0.954878214101162,0.));
#5401=DIRECTION('',(0.,0.,-1.));
#5402=DIRECTION('',(-1.,0.,0.));
#5403=DIRECTION('',(0.772079760313292,0.240141476482695,-0.588408799209597));
#5404=DIRECTION('',(-0.606145900934979,0.,-0.795353472853249));
#5405=DIRECTION('',(0.297365896815395,-0.954763448430066,0.000530050096617812));
#5406=DIRECTION('',(0.772079760313292,0.240141476482695,-0.588408799209597));
#5407=DIRECTION('',(-0.561858743350669,-0.174756022808048,-0.808563593672582));
#5408=DIRECTION('',(0.776913182228467,0.242296149244805,0.581118304083407));
#5409=DIRECTION('',(0.598966093471185,0.,-0.800774386997904));
#5410=DIRECTION('',(0.776913182228467,0.242296149244805,0.581118304083407));
#5411=DIRECTION('',(0.554765149380351,0.173014775015814,-0.813819093324324));
#5412=DIRECTION('',(0.,0.,-1.));
#5413=DIRECTION('',(-1.,0.,0.));
#5414=DIRECTION('',(-0.809987516153514,-0.0949026597756388,-0.57871729613255));
#5415=DIRECTION('',(0.574785481338393,0.0673450761790456,-0.815528228301774));
#5416=DIRECTION('',(-0.798128688965862,-0.0925329926778435,0.59533876164392));
#5417=DIRECTION('',(-0.591377531206258,-0.0685627938470088,-0.803474802893211));
#5418=DIRECTION('',(0.,0.,1.));
#5419=DIRECTION('',(1.,0.,0.));
#5420=DIRECTION('',(0.,0.,1.));
#5421=DIRECTION('',(1.,0.,0.));
#5422=DIRECTION('',(0.805227779796164,0.117939557841165,0.581118304083404));
#5423=DIRECTION('',(0.574983562851245,0.0842163035976972,-0.813819093324326));
#5424=DIRECTION('',(0.799584230819161,0.116504087711782,-0.589145020662804));
#5425=DIRECTION('',(-0.582989038139532,-0.0849449043846602,-0.808027316758675));
#5426=DIRECTION('',(0.,0.,1.));
#5427=DIRECTION('',(1.,0.,0.));
#5428=DIRECTION('',(0.,0.,1.));
#5429=DIRECTION('',(1.,0.,0.));
#5430=DIRECTION('',(-0.798128688965862,-0.0925329926778435,0.59533876164392));
#5431=DIRECTION('',(0.597903997626097,0.,0.80156771992311));
#5432=DIRECTION('',(0.115780766699202,-0.993274441588419,0.000835314168244029));
#5433=DIRECTION('',(-0.798128688965862,-0.0925329926778435,0.59533876164392));
#5434=DIRECTION('',(-0.591377531206258,-0.0685627938470088,-0.803474802893211));
#5435=DIRECTION('',(0.115166016836675,-0.993346258142635,0.));
#5436=DIRECTION('',(-0.809987516153514,-0.0949026597756388,-0.57871729613255));
#5437=DIRECTION('',(-0.581341146259808,0.,0.81365992384124));
#5438=DIRECTION('',(0.116369558382131,-0.993205983611631,0.));
#5439=DIRECTION('',(-0.809987516153514,-0.0949026597756388,-0.57871729613255));
#5440=DIRECTION('',(0.574785481338393,0.0673450761790456,-0.815528228301774));
#5441=DIRECTION('',(0.,0.,1.));
#5442=DIRECTION('',(1.,0.,0.));
#5443=DIRECTION('',(-0.115591918818615,0.993296787623835,0.));
#5444=DIRECTION('',(0.,0.,-1.));
#5445=DIRECTION('',(-1.,0.,0.));
#5446=DIRECTION('',(0.130280017111826,-0.991477239850387,0.));
#5447=DIRECTION('',(0.145714154964587,-0.989326733209487,0.));
#5448=DIRECTION('',(0.,0.,1.));
#5449=DIRECTION('',(1.,0.,0.));
#5450=DIRECTION('',(0.144183352834069,-0.989550989472259,0.));
#5451=DIRECTION('',(0.,0.,-1.));
#5452=DIRECTION('',(-1.,0.,0.));
#5453=DIRECTION('',(0.799584230819161,0.116504087711782,-0.589145020662804));
#5454=DIRECTION('',(-0.593184481124459,0.,-0.805066563305859));
#5455=DIRECTION('',(0.144556064200073,-0.989496476701672,0.000516621681987249));
#5456=DIRECTION('',(0.799584230819161,0.116504087711782,-0.589145020662804));
#5457=DIRECTION('',(-0.582989038139532,-0.0849449043846602,-0.808027316758675));
#5458=DIRECTION('',(0.805227779796164,0.117939557841165,0.581118304083404));
#5459=DIRECTION('',(0.585202564120544,0.,-0.810887143162809));
#5460=DIRECTION('',(0.144921099552235,-0.989443214593223,0.));
#5461=DIRECTION('',(0.805227779796164,0.117939557841165,0.581118304083404));
#5462=DIRECTION('',(0.574983562851245,0.0842163035976972,-0.813819093324326));
#5463=DIRECTION('',(0.,0.,1.));
#5464=DIRECTION('',(1.,0.,0.));
#5465=DIRECTION('',(-0.146304256238736,0.989239639625521,0.));
#5466=DIRECTION('',(0.,0.,-1.));
#5467=DIRECTION('',(-1.,0.,0.));
#5468=DIRECTION('',(0.129984296820191,-0.991516052608409,0.));
#5469=DIRECTION('',(0.113295692619659,-0.993561314682608,0.));
#5470=DIRECTION('',(0.,0.,1.));
#5471=DIRECTION('',(1.,0.,0.));
#5472=DIRECTION('',(0.,0.,-1.));
#5473=DIRECTION('',(-1.,0.,0.));
#5474=DIRECTION('',(0.,0.,-1.));
#5475=DIRECTION('',(-1.,0.,0.));
#5476=DIRECTION('',(0.805111512991653,0.0746360281066741,-0.588408799183655));
#5477=DIRECTION('',(-0.585896647170991,-0.0543142135222621,-0.808563593691461));
#5478=DIRECTION('',(0.,0.,1.));
#5479=DIRECTION('',(1.,0.,0.));
#5480=DIRECTION('',(0.,0.,1.));
#5481=DIRECTION('',(1.,0.,0.));
#5482=DIRECTION('',(-0.813839449834468,-0.0524560868741887,-0.578717296132558));
#5483=DIRECTION('',(0.577518900694551,0.0372240269656147,-0.815528228301768));
#5484=DIRECTION('',(-0.801873016515671,-0.0507092128544709,0.595338761643939));
#5485=DIRECTION('',(-0.594151909841019,-0.0375732504317656,-0.803474802893197));
#5486=DIRECTION('',(0.,0.,1.));
#5487=DIRECTION('',(1.,0.,0.));
#5488=DIRECTION('',(0.,0.,1.));
#5489=DIRECTION('',(1.,0.,0.));
#5490=DIRECTION('',(0.810286929234346,0.075740405142823,0.581118304083407));
#5491=DIRECTION('',(0.578596115525103,0.0540834396098973,-0.813819093324324));
#5492=DIRECTION('',(0.,0.,1.));
#5493=DIRECTION('',(1.,0.,0.));
#5494=DIRECTION('',(0.0923069362620281,-0.995730600874513,0.));
#5495=DIRECTION('',(0.,0.,-1.));
#5496=DIRECTION('',(-1.,0.,0.));
#5497=DIRECTION('',(0.0938288032319915,-0.995588346498718,0.));
#5498=DIRECTION('',(0.805111512991653,0.0746360281066741,-0.588408799183655));
#5499=DIRECTION('',(-0.590054554592811,0.,-0.807363377051671));
#5500=DIRECTION('',(0.092690998245155,-0.995694781492407,0.000530050096395766));
#5501=DIRECTION('',(0.805111512991653,0.0746360281066741,-0.588408799183655));
#5502=DIRECTION('',(-0.585896647170991,-0.0543142135222621,-0.808563593691461));
#5503=DIRECTION('',(0.810286929234346,0.075740405142823,0.581118304083407));
#5504=DIRECTION('',(0.58279233421693,0.,-0.812621126465454));
#5505=DIRECTION('',(0.0930678645464501,-0.995659767485241,0.));
#5506=DIRECTION('',(0.810286929234346,0.075740405142823,0.581118304083407));
#5507=DIRECTION('',(0.578596115525103,0.0540834396098973,-0.813819093324324));
#5508=DIRECTION('',(0.,0.,1.));
#5509=DIRECTION('',(1.,0.,0.));
#5510=DIRECTION('',(-0.0944597629813151,0.995528680238552,0.));
#5511=DIRECTION('',(0.,0.,-1.));
#5512=DIRECTION('',(-1.,0.,0.));
#5513=DIRECTION('',(0.0780060478120395,-0.996952885799899,0.));
#5514=DIRECTION('',(0.061233381767441,-0.998123475807138,0.));
#5515=DIRECTION('',(0.,0.,1.));
#5516=DIRECTION('',(1.,0.,0.));
#5517=DIRECTION('',(0.0631123871861,-0.998006426123435,0.));
#5518=DIRECTION('',(0.,0.,-1.));
#5519=DIRECTION('',(-1.,0.,0.));
#5520=DIRECTION('',(-0.801873016515671,-0.0507092128544709,0.595338761643939));
#5521=DIRECTION('',(0.596105675276311,0.,0.80290598696446));
#5522=DIRECTION('',(0.0637300465427208,-0.997966824811617,0.000835310171052409));
#5523=DIRECTION('',(-0.801873016515671,-0.0507092128544709,0.595338761643939));
#5524=DIRECTION('',(-0.594151909841019,-0.0375732504317656,-0.803474802893197));
#5525=DIRECTION('',(-0.813839449834468,-0.0524560868741887,-0.578717296132558));
#5526=DIRECTION('',(-0.579515154209154,0.,0.814961462918303));
#5527=DIRECTION('',(0.0643216078288567,-0.997929221320987,0.));
#5528=DIRECTION('',(-0.813839449834468,-0.0524560868741887,-0.578717296132558));
#5529=DIRECTION('',(0.577518900694551,0.0372240269656147,-0.815528228301768));
#5530=DIRECTION('',(0.,0.,1.));
#5531=DIRECTION('',(1.,0.,0.));
#5532=DIRECTION('',(-0.0635402920719753,0.99797927397487,0.));
#5533=DIRECTION('',(0.,0.,-1.));
#5534=DIRECTION('',(-1.,0.,0.));
#5535=DIRECTION('',(0.0783405583199197,-0.996926655738587,0.));
#5536=DIRECTION('',(0.,0.,-1.));
#5537=DIRECTION('',(-1.,0.,0.));
#5538=DIRECTION('',(-0.815468176941265,-0.00989665157825871,-0.578717295994882));
#5539=DIRECTION('',(0.578674682120463,0.00702288803909796,-0.815528228399466));
#5540=DIRECTION('',(-0.802936695375844,-0.00875660831841453,0.595999987441004));
#5541=DIRECTION('',(-0.595964548008946,-0.00649942660315521,-0.802984442545634));
#5542=DIRECTION('',(0.,0.,1.));
#5543=DIRECTION('',(1.,0.,0.));
#5544=DIRECTION('',(-0.815614572851117,-0.0278183101258285,-0.577926474713378));
#5545=DIRECTION('',(0.577590616927684,0.0196999850692907,-0.816088836968971));
#5546=DIRECTION('',(0.,0.,1.));
#5547=DIRECTION('',(1.,0.,0.));
#5548=DIRECTION('',(0.813137341439302,0.0333043633215504,0.581118304083403));
#5549=DIRECTION('',(0.580631490118873,0.0237814218058459,-0.813819093324327));
#5550=DIRECTION('',(0.807374846620661,0.03246539191958,-0.589145020662802));
#5551=DIRECTION('',(-0.588669294749864,-0.023671011606405,-0.808027316758677));
#5552=DIRECTION('',(0.,0.,1.));
#5553=DIRECTION('',(1.,0.,0.));
#5554=DIRECTION('',(0.,0.,1.));
#5555=DIRECTION('',(1.,0.,0.));
#5556=DIRECTION('',(-0.802936695375844,-0.00875660831841453,0.595999987441004));
#5557=DIRECTION('',(0.596022838855079,0.,0.802967481012234));
#5558=DIRECTION('',(0.0115339849100081,-0.999933122335349,0.000847377587078875));
#5559=DIRECTION('',(-0.802936695375844,-0.00875660831841453,0.595999987441004));
#5560=DIRECTION('',(-0.595964548008946,-0.00649942660315521,-0.802984442545634));
#5561=DIRECTION('',(-0.0109050784230068,0.999940537864421,0.));
#5562=DIRECTION('',(-0.815468176941265,-0.00989665157825871,-0.578717295994882));
#5563=DIRECTION('',(-0.578745638937127,0.,0.815508114865363));
#5564=DIRECTION('',(0.0121352655047657,-0.999926364954504,0.));
#5565=DIRECTION('',(-0.815468176941265,-0.00989665157825871,-0.578717295994882));
#5566=DIRECTION('',(0.578674682120463,0.00702288803909796,-0.815528228399466));
#5567=DIRECTION('',(0.,0.,1.));
#5568=DIRECTION('',(1.,0.,0.));
#5569=DIRECTION('',(-0.0113523963488895,0.999935559472278,0.));
#5570=DIRECTION('',(0.,0.,-1.));
#5571=DIRECTION('',(-1.,0.,0.));
#5572=DIRECTION('',(0.0261501651251879,-0.99965802595884,0.));
#5573=DIRECTION('',(0.0416871771213138,-0.999130711800842,0.));
#5574=DIRECTION('',(0.,0.,1.));
#5575=DIRECTION('',(1.,0.,0.));
#5576=DIRECTION('',(0.0401785821422619,-0.999192514752306,0.));
#5577=DIRECTION('',(0.,0.,-1.));
#5578=DIRECTION('',(-1.,0.,0.));
#5579=DIRECTION('',(0.807374846620661,0.03246539191958,-0.589145020662802));
#5580=DIRECTION('',(-0.589455746231899,0.,-0.807800670483873));
#5581=DIRECTION('',(0.040554946504254,-0.999177176188525,0.000516621682008017));
#5582=DIRECTION('',(0.807374846620661,0.03246539191958,-0.589145020662802));
#5583=DIRECTION('',(-0.588669294749864,-0.023671011606405,-0.808027316758677));
#5584=DIRECTION('',(0.813137341439302,0.0333043633215504,0.581118304083403));
#5585=DIRECTION('',(0.581440855012967,0.,-0.813588675020609));
#5586=DIRECTION('',(0.0409235462705934,-0.999162280793585,0.));
#5587=DIRECTION('',(0.813137341439302,0.0333043633215504,0.581118304083403));
#5588=DIRECTION('',(0.580631490118873,0.0237814218058459,-0.813819093324327));
#5589=DIRECTION('',(0.,0.,1.));
#5590=DIRECTION('',(1.,0.,0.));
#5591=DIRECTION('',(-0.0340873552800309,0.999418857241554,0.));
#5592=DIRECTION('',(0.,0.,-1.));
#5593=DIRECTION('',(-1.,0.,0.));
#5594=DIRECTION('',(-0.815614572851117,-0.0278183101258285,-0.577926474713378));
#5595=DIRECTION('',(-0.578150221205066,0.,0.815930341218252));
#5596=DIRECTION('',(-0.815614572851117,-0.0278183101258285,-0.577926474713378));
#5597=DIRECTION('',(0.577590616927684,0.0196999850692907,-0.816088836968971));
#5598=DIRECTION('',(0.00904110367424683,-0.999959128386931,0.));
#5599=DIRECTION('',(0.,0.,1.));
#5600=DIRECTION('',(1.,0.,0.));
#5601=DIRECTION('',(0.,0.,-1.));
#5602=DIRECTION('',(-1.,0.,0.));
#5603=DIRECTION('',(0.,0.,-1.));
#5604=DIRECTION('',(-1.,0.,0.));
#5605=DIRECTION('',(0.,0.,1.));
#5606=DIRECTION('',(1.,0.,0.));
#5607=DIRECTION('',(-0.814871573927387,0.032720164457191,-0.578717296132574));
#5608=DIRECTION('',(0.578251319320441,-0.0232189695543834,-0.815528228301757));
#5609=DIRECTION('',(-0.80278820397691,0.0332093125465475,0.595338761643917));
#5610=DIRECTION('',(-0.594830022667777,0.0246066098592205,-0.803474802893213));
#5611=DIRECTION('',(0.,0.,1.));
#5612=DIRECTION('',(1.,0.,0.));
#5613=DIRECTION('',(0.,0.,1.));
#5614=DIRECTION('',(1.,0.,0.));
#5615=DIRECTION('',(0.814256443337379,-0.00921298856261247,0.580432222852339));
#5616=DIRECTION('',(0.580395072881382,-0.00656693995117366,-0.814308562324315));
#5617=DIRECTION('',(0.80850479699233,-0.00975079854208234,-0.58840879936332));
#5618=DIRECTION('',(-0.588366011859052,0.00709586198126227,-0.808563593560715));
#5619=DIRECTION('',(0.,0.,1.));
#5620=DIRECTION('',(1.,0.,0.));
#5621=DIRECTION('',(-0.0260743883562185,-0.999660005337739,0.));
#5622=DIRECTION('',(0.0409037116282552,0.999163092980837,0.));
#5623=DIRECTION('',(-0.0105310302871583,-0.999944547163037,0.));
#5624=DIRECTION('',(0.,0.,1.));
#5625=DIRECTION('',(1.,0.,0.));
#5626=DIRECTION('',(-0.012059408338115,-0.999927282691364,0.));
#5627=DIRECTION('',(0.,0.,-1.));
#5628=DIRECTION('',(-1.,0.,0.));
#5629=DIRECTION('',(0.80850479699233,-0.00975079854208234,-0.58840879936332));
#5630=DIRECTION('',(-0.588436773745305,0.,-0.808543235272064));
#5631=DIRECTION('',(-0.0116827795589247,-0.999931620048591,0.000517579729750525));
#5632=DIRECTION('',(0.80850479699233,-0.00975079854208234,-0.58840879936332));
#5633=DIRECTION('',(-0.588366011859052,0.00709586198126227,-0.808563593560715));
#5634=DIRECTION('',(0.814256443337379,-0.00921298856261247,0.580432222852339));
#5635=DIRECTION('',(0.58045685771984,0.,-0.814291002238149));
#5636=DIRECTION('',(-0.0113138790243289,-0.999935996022457,0.));
#5637=DIRECTION('',(0.814256443337379,-0.00921298856261247,0.580432222852339));
#5638=DIRECTION('',(0.580395072881382,-0.00656693995117366,-0.814308562324315));
#5639=DIRECTION('',(0.,0.,1.));
#5640=DIRECTION('',(1.,0.,0.));
#5641=DIRECTION('',(0.00989728872943467,0.999951020638414,0.));
#5642=DIRECTION('',(0.,0.,-1.));
#5643=DIRECTION('',(-1.,0.,0.));
#5644=DIRECTION('',(-0.0264098055603155,-0.999651200254502,0.));
#5645=DIRECTION('',(-0.0432130792226146,-0.999065878600656,0.));
#5646=DIRECTION('',(0.,0.,1.));
#5647=DIRECTION('',(1.,0.,0.));
#5648=DIRECTION('',(-0.0413321144943998,-0.999145463039002,0.));
#5649=DIRECTION('',(0.,0.,-1.));
#5650=DIRECTION('',(-1.,0.,0.));
#5651=DIRECTION('',(-0.80278820397691,0.0332093125465475,0.595338761643917));
#5652=DIRECTION('',(0.595667320623354,0.,0.803231251347577));
#5653=DIRECTION('',(-0.0407136937140955,-0.999170504669285,0.000835310171096553));
#5654=DIRECTION('',(-0.80278820397691,0.0332093125465475,0.595338761643917));
#5655=DIRECTION('',(-0.594830022667777,0.0246066098592205,-0.803474802893213));
#5656=DIRECTION('',(-0.814871573927387,0.032720164457191,-0.578717296132574));
#5657=DIRECTION('',(-0.579027335122488,0.,0.81530812898005));
#5658=DIRECTION('',(-0.0401214370290124,-0.999194810980685,0.));
#5659=DIRECTION('',(-0.814871573927387,0.032720164457191,-0.578717296132574));
#5660=DIRECTION('',(0.578251319320441,-0.0232189695543834,-0.815528228301757));
#5661=DIRECTION('',(0.,0.,1.));
#5662=DIRECTION('',(1.,0.,0.));
#5663=DIRECTION('',(0.,0.,-1.));
#5664=DIRECTION('',(-1.,0.,0.));
#5665=DIRECTION('',(0.,0.,-1.));
#5666=DIRECTION('',(-1.,0.,0.));
#5667=DIRECTION('',(0.,0.,-1.));
#5668=DIRECTION('',(0.,0.,-1.));
#5669=DIRECTION('',(-1.,0.,0.));
#5670=DIRECTION('',(0.,0.,-1.));
#5671=DIRECTION('',(0.,0.,1.));
#5672=DIRECTION('',(1.,0.,0.));
#5673=DIRECTION('',(0.,0.,-1.));
#5674=DIRECTION('',(0.,0.,1.));
#5675=DIRECTION('',(1.,0.,0.));
#5676=DIRECTION('',(0.,0.,-1.));
#5677=DIRECTION('',(-0.992264656382316,0.124140451483325,0.));
#5678=DIRECTION('',(0.,0.,-1.));
#5679=DIRECTION('',(-0.124140451483325,-0.992264656382316,0.));
#5680=DIRECTION('',(0.,0.,-1.));
#5681=DIRECTION('',(-0.124140451483325,-0.992264656382316,0.));
#5682=DIRECTION('',(-0.116775599105302,-0.993158325471623,0.));
#5683=DIRECTION('',(-0.116775599105302,-0.993158325471623,0.));
#5684=DIRECTION('',(-0.993158325471623,0.116775599105302,0.));
#5685=DIRECTION('',(0.,0.,-1.));
#5686=DIRECTION('',(-0.0953492126881296,-0.995443884726685,0.));
#5687=DIRECTION('',(-0.0751426233699803,-0.997172796536828,0.));
#5688=DIRECTION('',(0.,0.,1.));
#5689=DIRECTION('',(1.,0.,0.));
#5690=DIRECTION('',(0.0843959423590107,0.996432298208631,0.));
#5691=DIRECTION('',(0.,0.,-1.));
#5692=DIRECTION('',(-1.,0.,0.));
#5693=DIRECTION('',(-0.116775599105302,-0.993158325471623,0.));
#5694=DIRECTION('',(-0.993158325471623,0.116775599105302,0.));
#5695=DIRECTION('',(0.,0.,-1.));
#5696=DIRECTION('',(-0.116775599105305,-0.993158325471622,0.));
#5697=DIRECTION('',(0.,0.,-1.));
#5698=DIRECTION('',(0.,0.,1.));
#5699=DIRECTION('',(1.,0.,0.));
#5700=DIRECTION('',(0.,0.,-1.));
#5701=DIRECTION('',(-1.,0.,0.));
#5702=DIRECTION('',(0.,0.,-1.));
#5703=DIRECTION('',(-1.,0.,0.));
#5704=DIRECTION('',(0.083240822155696,-0.0117564246668601,-0.996460110594446));
#5705=DIRECTION('',(-0.986668159630056,0.139350976954359,-0.08406692568486));
#5706=DIRECTION('',(-0.0840858870110498,0.0149572748522314,0.996346246811097));
#5707=DIRECTION('',(-0.980947718676359,0.174491881639824,-0.0854058339075279));
#5708=DIRECTION('',(0.083240822155696,-0.0117564246668601,-0.996460110594446));
#5709=DIRECTION('',(-0.996528979863711,0.,-0.0832465752556283));
#5710=DIRECTION('',(0.083240822155696,-0.0117564246668601,-0.996460110594446));
#5711=DIRECTION('',(-0.986668159630056,0.139350976954359,-0.08406692568486));
#5712=DIRECTION('',(-0.0840858870110498,0.0149572748522314,0.996346246811097));
#5713=DIRECTION('',(0.996457716841549,0.,0.0840952944398586));
#5714=DIRECTION('',(-0.0840858870110498,0.0149572748522314,0.996346246811097));
#5715=DIRECTION('',(-0.980947718676359,0.174491881639824,-0.0854058339075279));
#5716=DIRECTION('',(0.,0.,-1.));
#5717=DIRECTION('',(-1.,0.,0.));
#5718=DIRECTION('',(0.,0.,1.));
#5719=DIRECTION('',(1.,0.,0.));
#5720=DIRECTION('',(0.,0.,-1.));
#5721=DIRECTION('',(0.,0.,1.));
#5722=DIRECTION('',(1.,0.,0.));
#5723=DIRECTION('',(0.,0.,-1.));
#5724=DIRECTION('',(0.,0.,1.));
#5725=DIRECTION('',(1.,0.,0.));
#5726=DIRECTION('',(0.,0.,-1.));
#5727=DIRECTION('',(0.,0.,1.));
#5728=DIRECTION('',(1.,0.,0.));
#5729=DIRECTION('',(0.,0.,-1.));
#5730=DIRECTION('',(0.,0.,1.));
#5731=DIRECTION('',(1.,0.,0.));
#5732=DIRECTION('',(0.,0.,-1.));
#5733=DIRECTION('',(0.,0.,1.));
#5734=DIRECTION('',(1.,0.,0.));
#5735=DIRECTION('',(0.,0.,-1.));
#5736=DIRECTION('',(-0.975535440168455,0.219842227461739,0.));
#5737=DIRECTION('',(0.,0.,-1.));
#5738=DIRECTION('',(-0.219842227461739,-0.975535440168455,0.));
#5739=DIRECTION('',(0.,0.,-1.));
#5740=DIRECTION('',(-0.219842227461739,-0.975535440168455,0.));
#5741=DIRECTION('',(0.,0.,1.));
#5742=DIRECTION('',(1.,0.,0.));
#5743=DIRECTION('',(-0.189519096150425,-0.981877035170049,0.));
#5744=DIRECTION('',(0.,0.,-1.));
#5745=DIRECTION('',(-1.,0.,0.));
#5746=DIRECTION('',(-0.981877035170049,0.189519096150425,0.));
#5747=DIRECTION('',(0.,0.,-1.));
#5748=DIRECTION('',(-0.189519096150424,-0.981877035170049,0.));
#5749=DIRECTION('',(0.,0.,-1.));
#5750=DIRECTION('',(0.,0.,1.));
#5751=DIRECTION('',(1.,0.,0.));
#5752=DIRECTION('',(-0.219842227461739,-0.975535440168455,0.));
#5753=DIRECTION('',(0.,0.,-1.));
#5754=DIRECTION('',(-1.,0.,0.));
#5755=DIRECTION('',(-0.975535440168455,0.219842227461739,0.));
#5756=DIRECTION('',(0.,0.,-1.));
#5757=DIRECTION('',(-0.219842227461739,-0.975535440168455,0.));
#5758=DIRECTION('',(0.,0.,-1.));
#5759=DIRECTION('',(0.,0.,1.));
#5760=DIRECTION('',(1.,0.,0.));
#5761=DIRECTION('',(-0.186186936813605,-0.982514338093835,0.));
#5762=DIRECTION('',(0.,0.,-1.));
#5763=DIRECTION('',(-1.,0.,0.));
#5764=DIRECTION('',(-0.982514338093835,0.186186936813605,0.));
#5765=DIRECTION('',(0.,0.,-1.));
#5766=DIRECTION('',(-0.186186936813602,-0.982514338093836,0.));
#5767=DIRECTION('',(0.,0.,-1.));
#5768=DIRECTION('',(0.,0.,1.));
#5769=DIRECTION('',(1.,0.,0.));
#5770=DIRECTION('',(-0.227109809229626,-0.973869156792473,0.));
#5771=DIRECTION('',(0.,0.,-1.));
#5772=DIRECTION('',(-1.,0.,0.));
#5773=DIRECTION('',(-0.973869156792473,0.227109809229626,0.));
#5774=DIRECTION('',(0.,0.,-1.));
#5775=DIRECTION('',(-0.227109809229626,-0.973869156792473,0.));
#5776=DIRECTION('',(0.,0.,-1.));
#5777=DIRECTION('',(0.,0.,1.));
#5778=DIRECTION('',(1.,0.,0.));
#5779=DIRECTION('',(-0.187468792252354,-0.982270559434336,0.));
#5780=DIRECTION('',(0.,0.,-1.));
#5781=DIRECTION('',(-1.,0.,0.));
#5782=DIRECTION('',(-0.982270559434336,0.187468792252354,0.));
#5783=DIRECTION('',(0.,0.,-1.));
#5784=DIRECTION('',(-0.187468792252353,-0.982270559434336,0.));
#5785=DIRECTION('',(0.,0.,-1.));
#5786=DIRECTION('',(0.,0.,1.));
#5787=DIRECTION('',(1.,0.,0.));
#5788=DIRECTION('',(0.,0.,-1.));
#5789=DIRECTION('',(-1.,0.,0.));
#5790=DIRECTION('',(0.,0.,-1.));
#5791=DIRECTION('',(-1.,0.,0.));
#5792=DIRECTION('',(0.,0.,-1.));
#5793=DIRECTION('',(0.,0.,1.));
#5794=DIRECTION('',(1.,0.,0.));
#5795=DIRECTION('',(0.,0.,-1.));
#5796=DIRECTION('',(0.796044305709888,-0.233553970743166,0.558360104320646));
#5797=DIRECTION('',(0.535776375410206,-0.157193134866841,-0.829598694492125));
#5798=DIRECTION('',(0.,0.,1.));
#5799=DIRECTION('',(1.,0.,0.));
#5800=DIRECTION('',(0.,0.,-1.));
#5801=DIRECTION('',(0.,0.,1.));
#5802=DIRECTION('',(1.,0.,0.));
#5803=DIRECTION('',(0.,0.,-1.));
#5804=DIRECTION('',(-0.796238071679026,0.234045851650939,-0.557877650147282));
#5805=DIRECTION('',(0.535234370241523,-0.157326543996918,-0.829923205764333));
#5806=DIRECTION('',(0.,0.,1.));
#5807=DIRECTION('',(1.,0.,0.));
#5808=DIRECTION('',(0.,0.,1.));
#5809=DIRECTION('',(1.,0.,0.));
#5810=DIRECTION('',(-0.260443825170443,-0.965489002490752,0.));
#5811=DIRECTION('',(0.,0.,-1.));
#5812=DIRECTION('',(-1.,0.,0.));
#5813=DIRECTION('',(-0.2672402190501,-0.963629942105399,0.));
#5814=DIRECTION('',(-0.965489002490752,0.260443825170443,0.));
#5815=DIRECTION('',(0.,0.,-1.));
#5816=DIRECTION('',(-0.260443825170443,-0.965489002490752,0.));
#5817=DIRECTION('',(0.,0.,-1.));
#5818=DIRECTION('',(0.,0.,1.));
#5819=DIRECTION('',(1.,0.,0.));
#5820=DIRECTION('',(-0.282009046168784,-0.959411745747869,0.));
#5821=DIRECTION('',(0.,0.,-1.));
#5822=DIRECTION('',(-1.,0.,0.));
#5823=DIRECTION('',(-0.796238071679026,0.234045851650939,-0.557877650147282));
#5824=DIRECTION('',(-0.573815041649428,0.,0.81898491926095));
#5825=DIRECTION('',(-0.796238071679026,0.234045851650939,-0.557877650147282));
#5826=DIRECTION('',(0.535234370241523,-0.157326543996918,-0.829923205764333));
#5827=DIRECTION('',(-0.955121854504176,0.296213171632362,0.));
#5828=DIRECTION('',(0.,0.,-1.));
#5829=DIRECTION('',(-0.296213171632367,-0.955121854504175,0.));
#5830=DIRECTION('',(0.,0.,-1.));
#5831=DIRECTION('',(0.,0.,1.));
#5832=DIRECTION('',(1.,0.,0.));
#5833=DIRECTION('',(-0.302971159273621,-0.952999725418847,0.));
#5834=DIRECTION('',(0.,0.,-1.));
#5835=DIRECTION('',(-1.,0.,0.));
#5836=DIRECTION('',(-0.952999725418847,0.302971159273621,0.));
#5837=DIRECTION('',(0.,0.,-1.));
#5838=DIRECTION('',(-0.302971159273618,-0.952999725418848,0.));
#5839=DIRECTION('',(0.,0.,-1.));
#5840=DIRECTION('',(0.,0.,1.));
#5841=DIRECTION('',(1.,0.,0.));
#5842=DIRECTION('',(-0.281526444404721,-0.959553469641393,0.));
#5843=DIRECTION('',(0.,0.,-1.));
#5844=DIRECTION('',(-1.,0.,0.));
#5845=DIRECTION('',(0.796044305709888,-0.233553970743166,0.558360104320646));
#5846=DIRECTION('',(0.574241416955288,0.,-0.818686017379791));
#5847=DIRECTION('',(0.796044305709888,-0.233553970743166,0.558360104320646));
#5848=DIRECTION('',(0.535776375410206,-0.157193134866841,-0.829598694492125));
#5849=DIRECTION('',(-0.963629942105399,0.2672402190501,0.));
#5850=DIRECTION('',(0.,0.,-1.));
#5851=DIRECTION('',(0.,0.,-1.));
#5852=DIRECTION('',(0.,0.,-1.));
#5853=DIRECTION('',(-1.,0.,0.));
#5854=DIRECTION('',(0.,0.,1.));
#5855=DIRECTION('',(1.,0.,0.));
#5856=DIRECTION('',(0.,0.,-1.));
#5857=DIRECTION('',(0.,0.,1.));
#5858=DIRECTION('',(1.,0.,0.));
#5859=DIRECTION('',(0.,0.,-1.));
#5860=DIRECTION('',(0.,0.,1.));
#5861=DIRECTION('',(1.,0.,0.));
#5862=DIRECTION('',(0.,0.,-1.));
#5863=DIRECTION('',(-0.941359999946967,0.337403838893166,0.));
#5864=DIRECTION('',(0.,0.,-1.));
#5865=DIRECTION('',(-0.337403838893169,-0.941359999946966,0.));
#5866=DIRECTION('',(0.,0.,-1.));
#5867=DIRECTION('',(-0.337403838893166,-0.941359999946967,0.));
#5868=DIRECTION('',(0.,0.,1.));
#5869=DIRECTION('',(1.,0.,0.));
#5870=DIRECTION('',(-0.311273229416569,-0.950320459975781,0.));
#5871=DIRECTION('',(0.,0.,-1.));
#5872=DIRECTION('',(-1.,0.,0.));
#5873=DIRECTION('',(-0.950320459975781,0.311273229416569,0.));
#5874=DIRECTION('',(0.,0.,-1.));
#5875=DIRECTION('',(-0.311273229416567,-0.950320459975782,0.));
#5876=DIRECTION('',(0.,0.,-1.));
#5877=DIRECTION('',(0.,0.,1.));
#5878=DIRECTION('',(1.,0.,0.));
#5879=DIRECTION('',(-0.344378336996636,-0.938830954436118,0.));
#5880=DIRECTION('',(0.,0.,-1.));
#5881=DIRECTION('',(-1.,0.,0.));
#5882=DIRECTION('',(-0.938830954436118,0.344378336996636,0.));
#5883=DIRECTION('',(0.,0.,-1.));
#5884=DIRECTION('',(-0.344378336996634,-0.938830954436118,0.));
#5885=DIRECTION('',(0.,0.,-1.));
#5886=DIRECTION('',(0.,0.,1.));
#5887=DIRECTION('',(1.,0.,0.));
#5888=DIRECTION('',(0.,0.,-1.));
#5889=DIRECTION('',(-1.,0.,0.));
#5890=DIRECTION('',(0.,0.,-1.));
#5891=DIRECTION('',(-1.,0.,0.));
#5892=DIRECTION('',(0.081502823793601,-0.0311664433089556,-0.99618569680815));
#5893=DIRECTION('',(-0.930475371273303,0.355811081866413,-0.0872585667706106));
#5894=DIRECTION('',(-0.381165802052328,-0.924506696214692,0.));
#5895=DIRECTION('',(0.081502823793601,-0.0311664433089556,-0.99618569680815));
#5896=DIRECTION('',(-0.996669870650315,0.,-0.0815424364235252));
#5897=DIRECTION('',(0.081502823793601,-0.0311664433089556,-0.99618569680815));
#5898=DIRECTION('',(-0.930475371273303,0.355811081866413,-0.0872585667706106));
#5899=DIRECTION('',(0.,0.,-1.));
#5900=DIRECTION('',(-1.,0.,0.));
#5901=DIRECTION('',(0.,0.,-1.));
#5902=DIRECTION('',(0.,0.,1.));
#5903=DIRECTION('',(1.,0.,0.));
#5904=DIRECTION('',(0.,0.,-1.));
#5905=DIRECTION('',(0.,0.,1.));
#5906=DIRECTION('',(1.,0.,0.));
#5907=DIRECTION('',(0.,0.,-1.));
#5908=DIRECTION('',(0.,0.,1.));
#5909=DIRECTION('',(1.,0.,0.));
#5910=DIRECTION('',(-0.409653909410277,-0.912241017771552,0.));
#5911=DIRECTION('',(0.,0.,-1.));
#5912=DIRECTION('',(-1.,0.,0.));
#5913=DIRECTION('',(-0.403386640397847,-0.915029627033212,0.));
#5914=DIRECTION('',(-0.912241017771552,0.409653909410277,0.));
#5915=DIRECTION('',(0.,0.,-1.));
#5916=DIRECTION('',(-0.409653909410277,-0.912241017771552,0.));
#5917=DIRECTION('',(0.,0.,-1.));
#5918=DIRECTION('',(-0.42223171123053,-0.906487938160977,0.));
#5919=DIRECTION('',(-0.906487938160977,0.42223171123053,0.));
#5920=DIRECTION('',(0.,0.,-1.));
#5921=DIRECTION('',(-0.42223171123053,-0.906487938160977,0.));
#5922=DIRECTION('',(0.,0.,-1.));
#5923=DIRECTION('',(-0.407442115333258,-0.913231034652656,0.));
#5924=DIRECTION('',(0.,0.,1.));
#5925=DIRECTION('',(1.,0.,0.));
#5926=DIRECTION('',(-0.403386640397849,-0.915029627033211,0.));
#5927=DIRECTION('',(0.,0.,-1.));
#5928=DIRECTION('',(-1.,0.,0.));
#5929=DIRECTION('',(-0.915029627033211,0.403386640397849,0.));
#5930=DIRECTION('',(0.,0.,-1.));
#5931=DIRECTION('',(0.,0.,-1.));
#5932=DIRECTION('',(0.,0.,-1.));
#5933=DIRECTION('',(-1.,0.,0.));
#5934=DIRECTION('',(-0.119556982365387,0.0624311191264024,0.990862494664274));
#5935=DIRECTION('',(-0.878322242030009,0.458648582781726,-0.134875930646251));
#5936=DIRECTION('',(-0.161402717049383,0.0841599378432733,-0.98329358168926));
#5937=DIRECTION('',(0.871884318818117,-0.45462512292037,-0.182026734873498));
#5938=DIRECTION('',(-0.883771909339979,0.449754387753934,0.129105394765879));
#5939=DIRECTION('',(-0.115062695038095,0.0585557782650324,-0.99163087741475));
#5940=DIRECTION('',(-0.119556982365387,0.0624311191264024,0.990862494664274));
#5941=DIRECTION('',(0.992799172812455,0.,0.11979066100037));
#5942=DIRECTION('',(-0.119556982365387,0.0624311191264024,0.990862494664274));
#5943=DIRECTION('',(-0.878322242030009,0.458648582781726,-0.134875930646251));
#5944=DIRECTION('',(-0.883771909339979,0.449754387753934,0.129105394765879));
#5945=DIRECTION('',(-0.453550205018297,-0.891230728559031,0.));
#5946=DIRECTION('',(-0.883771909339979,0.449754387753934,0.129105394765879));
#5947=DIRECTION('',(-0.115062695038095,0.0585557782650324,-0.99163087741475));
#5948=DIRECTION('',(-0.161402717049383,0.0841599378432733,-0.98329358168926));
#5949=DIRECTION('',(-0.986794472702552,0.,0.161977370776573));
#5950=DIRECTION('',(-0.161402717049383,0.0841599378432733,-0.98329358168926));
#5951=DIRECTION('',(0.871884318818117,-0.45462512292037,-0.182026734873498));
#5952=DIRECTION('',(-0.442601759768202,-0.896718284775152,0.));
#5953=DIRECTION('',(0.,0.,-1.));
#5954=DIRECTION('',(-1.,0.,0.));
#5955=DIRECTION('',(0.,0.,1.));
#5956=DIRECTION('',(1.,0.,0.));
#5957=DIRECTION('',(-0.732063995273611,-0.359400331080899,-0.578717296132558));
#5958=DIRECTION('',(0.519489186564339,0.255038612538769,-0.815528228301768));
#5959=DIRECTION('',(-0.721672676173082,-0.353214251339678,0.595338761643934));
#5960=DIRECTION('',(-0.534727057772159,-0.261715904755639,-0.8034748028932));
#5961=DIRECTION('',(0.,0.,1.));
#5962=DIRECTION('',(1.,0.,0.));
#5963=DIRECTION('',(0.,0.,1.));
#5964=DIRECTION('',(1.,0.,0.));
#5965=DIRECTION('',(0.719899446099296,0.379534325411002,0.581118304083379));
#5966=DIRECTION('',(0.51405373584797,0.271011512673333,-0.813819093324344));
#5967=DIRECTION('',(0.715056835264073,0.376300235145229,-0.589145020662802));
#5968=DIRECTION('',(-0.521358826922613,-0.274366231452871,-0.808027316758677));
#5969=DIRECTION('',(0.,0.,1.));
#5970=DIRECTION('',(1.,0.,0.));
#5971=DIRECTION('',(0.453268866708643,-0.891373846639368,0.));
#5972=DIRECTION('',(-0.43999344586551,0.898000984183979,0.));
#5973=DIRECTION('',(0.46707093998546,-0.884219846543324,0.));
#5974=DIRECTION('',(0.,0.,1.));
#5975=DIRECTION('',(1.,0.,0.));
#5976=DIRECTION('',(0.465702368398535,-0.884941412788437,0.));
#5977=DIRECTION('',(0.,0.,-1.));
#5978=DIRECTION('',(-1.,0.,0.));
#5979=DIRECTION('',(0.715056835264073,0.376300235145229,-0.589145020662802));
#5980=DIRECTION('',(-0.635883900121696,0.,-0.77178472747653));
#5981=DIRECTION('',(0.466035610055025,-0.884765812666085,0.000516621682141899));
#5982=DIRECTION('',(0.715056835264073,0.376300235145229,-0.589145020662802));
#5983=DIRECTION('',(-0.521358826922613,-0.274366231452871,-0.808027316758677));
#5984=DIRECTION('',(0.719899446099296,0.379534325411002,0.581118304083379));
#5985=DIRECTION('',(0.628115367990329,0.,-0.778120224961654));
#5986=DIRECTION('',(0.466362031223246,-0.884593949692925,0.));
#5987=DIRECTION('',(0.719899446099296,0.379534325411002,0.581118304083379));
#5988=DIRECTION('',(0.51405373584797,0.271011512673333,-0.813819093324344));
#5989=DIRECTION('',(0.,0.,1.));
#5990=DIRECTION('',(1.,0.,0.));
#5991=DIRECTION('',(-0.467631242249551,0.883923651268673,0.));
#5992=DIRECTION('',(0.,0.,-1.));
#5993=DIRECTION('',(-1.,0.,0.));
#5994=DIRECTION('',(0.452969756074523,-0.891525883012819,0.));
#5995=DIRECTION('',(0.437916620884669,-0.89901559116233,0.));
#5996=DIRECTION('',(0.,0.,1.));
#5997=DIRECTION('',(1.,0.,0.));
#5998=DIRECTION('',(0.439608373613961,-0.898189555633157,0.));
#5999=DIRECTION('',(0.,0.,-1.));
#6000=DIRECTION('',(-1.,0.,0.));
#6001=DIRECTION('',(-0.721672676173082,-0.353214251339678,0.595338761643934));
#6002=DIRECTION('',(0.636356753129407,0.,0.771394894166794));
#6003=DIRECTION('',(0.440164050119221,-0.897916984603567,0.000835310170998857));
#6004=DIRECTION('',(-0.721672676173082,-0.353214251339678,0.595338761643934));
#6005=DIRECTION('',(-0.534727057772159,-0.261715904755639,-0.8034748028932));
#6006=DIRECTION('',(-0.732063995273611,-0.359400331080899,-0.578717296132558));
#6007=DIRECTION('',(-0.620153817877556,0.,0.78448023695431));
#6008=DIRECTION('',(0.44069637151531,-0.897656230487618,0.));
#6009=DIRECTION('',(-0.732063995273611,-0.359400331080899,-0.578717296132558));
#6010=DIRECTION('',(0.519489186564339,0.255038612538769,-0.815528228301768));
#6011=DIRECTION('',(0.,0.,1.));
#6012=DIRECTION('',(1.,0.,0.));
#6013=DIRECTION('',(0.,0.,-1.));
#6014=DIRECTION('',(-1.,0.,0.));
#6015=DIRECTION('',(0.,-1.,0.));
#6016=DIRECTION('',(0.,0.,-1.));
#6017=DIRECTION('',(0.,-1.,0.));
#6018=DIRECTION('',(0.,-1.,0.));
#6019=DIRECTION('',(0.,0.,1.));
#6020=DIRECTION('',(1.,0.,0.));
#6021=DIRECTION('',(0.,0.,-1.));
#6022=DIRECTION('',(-1.,0.,0.));
#6023=DIRECTION('',(0.,0.,-1.));
#6024=DIRECTION('',(-1.,0.,0.));
#6025=DIRECTION('',(0.,0.,-1.));
#6026=DIRECTION('',(-1.,0.,0.));
#6027=DIRECTION('',(0.,0.,-1.));
#6028=DIRECTION('',(-1.,0.,0.));
#6029=DIRECTION('',(0.,0.,-1.));
#6030=DIRECTION('',(-1.,0.,0.));
#6031=DIRECTION('',(0.,0.,-1.));
#6032=DIRECTION('',(0.,-1.,0.));
#6033=DIRECTION('',(0.,0.,1.));
#6034=DIRECTION('',(1.,0.,0.));
#6035=DIRECTION('',(0.,0.,-1.));
#6036=DIRECTION('',(-1.,0.,0.));
#6037=DIRECTION('',(0.,0.,-1.));
#6038=DIRECTION('',(-1.,0.,0.));
#6039=DIRECTION('',(0.,0.,-1.));
#6040=DIRECTION('',(-1.,0.,0.));
#6041=DIRECTION('',(0.,0.,-1.));
#6042=DIRECTION('',(-1.,0.,0.));
#6043=DIRECTION('',(0.,0.,-1.));
#6044=DIRECTION('',(-1.,0.,0.));
#6045=DIRECTION('',(0.,0.,-1.));
#6046=DIRECTION('',(0.,-1.,0.));
#6047=DIRECTION('',(0.,0.,1.));
#6048=DIRECTION('',(1.,0.,0.));
#6049=DIRECTION('',(0.,0.,-1.));
#6050=DIRECTION('',(-1.,0.,0.));
#6051=DIRECTION('',(0.,0.,-1.));
#6052=DIRECTION('',(-1.,0.,0.));
#6053=DIRECTION('',(0.,0.,-1.));
#6054=DIRECTION('',(-1.,0.,0.));
#6055=DIRECTION('',(0.,0.,-1.));
#6056=DIRECTION('',(-1.,0.,0.));
#6057=DIRECTION('',(0.,0.,-1.));
#6058=DIRECTION('',(-1.,0.,0.));
#6059=DIRECTION('',(0.,0.,-1.));
#6060=DIRECTION('',(0.,-1.,0.));
#6061=DIRECTION('',(0.,0.,1.));
#6062=DIRECTION('',(1.,0.,0.));
#6063=DIRECTION('',(0.,0.,-1.));
#6064=DIRECTION('',(-1.,0.,0.));
#6065=DIRECTION('',(0.,0.,-1.));
#6066=DIRECTION('',(-1.,0.,0.));
#6067=DIRECTION('',(0.,0.,-1.));
#6068=DIRECTION('',(-1.,0.,0.));
#6069=DIRECTION('',(0.,0.,-1.));
#6070=DIRECTION('',(-1.,0.,0.));
#6071=DIRECTION('',(0.,0.,-1.));
#6072=DIRECTION('',(-1.,0.,0.));
#6073=DIRECTION('',(0.,0.,-1.));
#6074=DIRECTION('',(0.,-1.,0.));
#6075=DIRECTION('',(0.,0.,1.));
#6076=DIRECTION('',(1.,0.,0.));
#6077=DIRECTION('',(0.,0.,-1.));
#6078=DIRECTION('',(-1.,0.,0.));
#6079=DIRECTION('',(0.,0.,-1.));
#6080=DIRECTION('',(-1.,0.,0.));
#6081=DIRECTION('',(0.,0.,-1.));
#6082=DIRECTION('',(-1.,0.,0.));
#6083=DIRECTION('',(0.,0.,-1.));
#6084=DIRECTION('',(-1.,0.,0.));
#6085=DIRECTION('',(0.,0.,-1.));
#6086=DIRECTION('',(-1.,0.,0.));
#6087=DIRECTION('',(0.,0.,-1.));
#6088=DIRECTION('',(0.,-1.,0.));
#6089=DIRECTION('',(0.,0.,1.));
#6090=DIRECTION('',(1.,0.,0.));
#6091=DIRECTION('',(0.,0.,-1.));
#6092=DIRECTION('',(-1.,0.,0.));
#6093=DIRECTION('',(0.,0.,-1.));
#6094=DIRECTION('',(-1.,0.,0.));
#6095=DIRECTION('',(0.,0.,-1.));
#6096=DIRECTION('',(-1.,0.,0.));
#6097=DIRECTION('',(0.,0.,-1.));
#6098=DIRECTION('',(-1.,0.,0.));
#6099=DIRECTION('',(0.,0.,-1.));
#6100=DIRECTION('',(-1.,0.,0.));
#6101=DIRECTION('',(0.,0.,-1.));
#6102=DIRECTION('',(0.,-1.,0.));
#6103=DIRECTION('',(0.,0.,-1.));
#6104=DIRECTION('',(-1.,0.,0.));
#6105=DIRECTION('',(0.,0.,-1.));
#6106=DIRECTION('',(-1.,0.,0.));
#6107=DIRECTION('',(0.,0.,-1.));
#6108=DIRECTION('',(-1.,0.,0.));
#6109=DIRECTION('',(0.,0.,1.));
#6110=DIRECTION('',(1.,0.,0.));
#6111=DIRECTION('',(0.,0.,1.));
#6112=DIRECTION('',(1.,0.,0.));
#6113=DIRECTION('',(0.,0.,1.));
#6114=DIRECTION('',(1.,0.,0.));
#6115=DIRECTION('',(0.,0.,-1.));
#6116=DIRECTION('',(-1.,0.,0.));
#6117=DIRECTION('',(0.,0.,-1.));
#6118=DIRECTION('',(-1.,0.,0.));
#6119=DIRECTION('',(0.,0.,-1.));
#6120=DIRECTION('',(-1.,0.,0.));
#6121=DIRECTION('',(0.,0.,1.));
#6122=DIRECTION('',(1.,0.,0.));
#6123=DIRECTION('',(0.,0.,-1.));
#6124=DIRECTION('',(-1.,0.,0.));
#6125=DIRECTION('',(0.,0.,-1.));
#6126=DIRECTION('',(-1.,0.,0.));
#6127=DIRECTION('',(0.,0.,1.));
#6128=DIRECTION('',(1.,0.,0.));
#6129=DIRECTION('',(0.,0.,1.));
#6130=DIRECTION('',(1.,0.,0.));
#6131=DIRECTION('',(0.,0.,-1.));
#6132=DIRECTION('',(0.,1.,0.));
#6133=DIRECTION('',(0.,0.,1.));
#6134=DIRECTION('',(1.,0.,0.));
#6135=DIRECTION('',(0.,0.,1.));
#6136=DIRECTION('',(1.,0.,0.));
#6137=DIRECTION('',(0.,0.,1.));
#6138=DIRECTION('',(1.,0.,0.));
#6139=DIRECTION('',(0.,0.,-1.));
#6140=DIRECTION('',(-1.,0.,0.));
#6141=DIRECTION('',(0.,0.,1.));
#6142=DIRECTION('',(1.,0.,0.));
#6143=DIRECTION('',(0.,0.,1.));
#6144=DIRECTION('',(1.,0.,0.));
#6145=DIRECTION('',(0.,0.,1.));
#6146=DIRECTION('',(1.,0.,0.));
#6147=DIRECTION('',(0.,0.,1.));
#6148=DIRECTION('',(1.,0.,0.));
#6149=DIRECTION('',(0.,0.,-1.));
#6150=DIRECTION('',(-1.,0.,0.));
#6151=DIRECTION('',(0.,0.,1.));
#6152=DIRECTION('',(1.,0.,0.));
#6153=DIRECTION('',(0.,0.,-1.));
#6154=DIRECTION('',(-1.,0.,0.));
#6155=DIRECTION('',(0.,0.,1.));
#6156=DIRECTION('',(1.,0.,0.));
#6157=DIRECTION('',(0.,0.,-1.));
#6158=DIRECTION('',(-1.,0.,0.));
#6159=DIRECTION('',(0.,0.,-1.));
#6160=DIRECTION('',(0.,-1.,0.));
#6161=DIRECTION('',(0.,0.,-1.));
#6162=DIRECTION('',(-1.,0.,0.));
#6163=DIRECTION('',(0.,0.,-1.));
#6164=DIRECTION('',(-1.,0.,0.));
#6165=DIRECTION('',(0.,0.,1.));
#6166=DIRECTION('',(0.,1.,0.));
#6167=DIRECTION('',(0.,0.,-1.));
#6168=DIRECTION('',(-1.,0.,0.));
#6169=DIRECTION('',(0.,0.,-1.));
#6170=DIRECTION('',(-1.,0.,0.));
#6171=DIRECTION('',(0.,0.,-1.));
#6172=DIRECTION('',(-1.,0.,0.));
#6173=DIRECTION('',(0.,0.,1.));
#6174=DIRECTION('',(1.,0.,0.));
#6175=DIRECTION('',(0.,0.,1.));
#6176=DIRECTION('',(1.,0.,0.));
#6177=DIRECTION('',(0.,0.,-1.));
#6178=DIRECTION('',(-1.,0.,0.));
#6179=DIRECTION('',(0.,0.,-1.));
#6180=DIRECTION('',(-1.,0.,0.));
#6181=DIRECTION('',(0.,0.,-1.));
#6182=DIRECTION('',(-1.,0.,0.));
#6183=DIRECTION('',(0.,0.,-1.));
#6184=DIRECTION('',(-1.,0.,0.));
#6185=DIRECTION('',(0.,0.,-1.));
#6186=DIRECTION('',(-1.,0.,0.));
#6187=DIRECTION('',(0.,0.,1.));
#6188=DIRECTION('',(1.,0.,0.));
#6189=DIRECTION('',(0.,0.,-1.));
#6190=DIRECTION('',(-1.,0.,0.));
#6191=DIRECTION('',(0.,0.,-1.));
#6192=DIRECTION('',(-1.,0.,0.));
#6193=DIRECTION('',(0.,0.,-1.));
#6194=DIRECTION('',(-1.,0.,0.));
#6195=DIRECTION('',(0.,0.,1.));
#6196=DIRECTION('',(1.,0.,0.));
#6197=CARTESIAN_POINT('',(0.,0.,0.));
#6198=CARTESIAN_POINT('',(3.30643715532042E-18,4.68711497137172E-33,0.0329641));
#6199=CARTESIAN_POINT('',(-0.0124615868242404,-0.032218172426388,0.0297134696307178));
#6200=CARTESIAN_POINT('',(-0.0124036838604953,-0.0322402007478922,0.0293734567646396));
#6201=CARTESIAN_POINT('',(-0.012485212446557,-0.0322090884258983,0.0290453092321325));
#6202=CARTESIAN_POINT('',(-0.0127966406991222,-0.0320870280736044,0.0288946554082089));
#6203=CARTESIAN_POINT('',(-0.0130805792740306,-0.0319718666229945,0.0290821459791722));
#6204=CARTESIAN_POINT('',(-0.0131630366559827,-0.0319377120309185,0.0294124705900206));
#6205=CARTESIAN_POINT('',(-0.0130691433966859,-0.0319766099565484,0.0297440575781162));
#6206=CARTESIAN_POINT('',(-0.0127591226756406,-0.0321019964917464,0.029882152828811));
#6207=CARTESIAN_POINT('',(-0.0124615868242404,-0.032218172426388,0.0297134696307178));
#6208=CARTESIAN_POINT('',(-0.0124036838604953,-0.0322402007478922,0.0293734567646396));
#6209=CARTESIAN_POINT('',(-0.012485212446557,-0.0322090884258983,0.0290453092321325));
#6210=CARTESIAN_POINT('',(-0.0124269224521298,-0.0322313439739759,0.0293754343202348));
#6211=CARTESIAN_POINT('',(3.30643715532042E-18,4.68711497137172E-33,0.0329641));
#6212=CARTESIAN_POINT('',(3.30643715532042E-18,4.68711497137172E-33,0.0292923654592518));
#6213=CARTESIAN_POINT('',(0.0147665212719905,-0.0310882572448803,0.0287856051602687));
#6214=CARTESIAN_POINT('',(0.0141108006350217,-0.0313913235534705,0.0297991263250927));
#6215=CARTESIAN_POINT('',(3.30643715532042E-18,4.68711497137172E-33,0.0302601693581799));
#6216=CARTESIAN_POINT('',(0.0147189863954496,-0.0311107911903662,0.0307212137218862));
#6217=CARTESIAN_POINT('',(3.30643715532042E-18,4.68711497137172E-33,0.0307212137218862));
#6218=CARTESIAN_POINT('',(0.014463328799607,-0.0312304660393414,0.0307212137218862));
#6219=CARTESIAN_POINT('',(0.014463328799607,-0.0312304660393414,0.0307212137218862));
#6220=CARTESIAN_POINT('',(0.0143018609296618,-0.0313052443948948,0.0304770400025716));
#6221=CARTESIAN_POINT('',(0.0141292436166968,-0.0313834741901274,0.0302411168268516));
#6222=CARTESIAN_POINT('',(0.0139760881642217,-0.0314515317373558,0.0299897263728158));
#6223=CARTESIAN_POINT('',(0.0139760881139807,-0.0314515317596814,0.0299897263401573));
#6224=CARTESIAN_POINT('',(0.0139760880637397,-0.031451531782007,0.0299897263074987));
#6225=CARTESIAN_POINT('',(0.013837366534169,-0.0315131753396898,0.0302452712530737));
#6226=CARTESIAN_POINT('',(0.0136674361225264,-0.0315873506978366,0.0304789804977219));
#6227=CARTESIAN_POINT('',(0.0135090759023347,-0.0316549325898028,0.0307212137218862));
#6228=CARTESIAN_POINT('',(0.0135090759023347,-0.0316549325898028,0.0307212137218862));
#6229=CARTESIAN_POINT('',(3.30643715532042E-18,4.68711497137172E-33,0.0307212137218862));
#6230=CARTESIAN_POINT('',(0.0132300475732924,-0.0317725625376427,0.0307212137218862));
#6231=CARTESIAN_POINT('',(3.30643715532042E-18,4.68711497137172E-33,0.0302556640534195));
#6232=CARTESIAN_POINT('',(0.0138352444049782,-0.0315137414670889,0.0297901133688688));
#6233=CARTESIAN_POINT('',(3.30643715532042E-18,4.68711497137172E-33,0.0292878597726032));
#6234=CARTESIAN_POINT('',(0.0131518282985126,-0.0318050200661222,0.0287856051602687));
#6235=CARTESIAN_POINT('',(3.30643715532042E-18,4.68711497137172E-33,0.0287856051602687));
#6236=CARTESIAN_POINT('',(0.0134358722465362,-0.0316860730601752,0.0287856051602687));
#6237=CARTESIAN_POINT('',(0.0134358722465362,-0.0316860730601752,0.0287856051602687));
#6238=CARTESIAN_POINT('',(0.0136134239650891,-0.0316107856554186,0.0290530716615314));
#6239=CARTESIAN_POINT('',(0.0137975636191834,-0.031530800448923,0.029314832430672));
#6240=CARTESIAN_POINT('',(0.0139667070703673,-0.0314556987302866,0.0295879231521682));
#6241=CARTESIAN_POINT('',(0.0139667071099406,-0.0314556987127156,0.0295879232160614));
#6242=CARTESIAN_POINT('',(3.30643715532042E-18,4.68711497137172E-33,0.0291867644701158));
#6243=CARTESIAN_POINT('',(0.0144835964979532,-0.0312210717542572,0.0287856051602687));
#6244=CARTESIAN_POINT('',(3.30643715532042E-18,4.68711497137172E-33,0.0287856051602687));
#6245=CARTESIAN_POINT('',(0.0144423326983779,-0.0313105442259725,0.0302601693581904));
#6246=CARTESIAN_POINT('',(0.0141378280072332,-0.0314514119965625,0.0297991278961201));
#6247=CARTESIAN_POINT('',(0.0141634479180333,-0.0315068989123518,0.0297991602903841));
#6248=CARTESIAN_POINT('',(3.30643715532042E-18,4.68711497137172E-33,0.0302601693581799));
#6249=CARTESIAN_POINT('',(0.0147727508284395,-0.0312258509725651,0.0307212137218862));
#6250=CARTESIAN_POINT('',(0.0147469958677828,-0.0311700149901429,0.0307212137218862));
#6251=CARTESIAN_POINT('',(0.0144660964673405,-0.0312991522576265,0.0292923654592442));
#6252=CARTESIAN_POINT('',(0.0147945684138425,-0.0311473364248589,0.0287856051602687));
#6253=CARTESIAN_POINT('',(0.0148204143024783,-0.0312032571361212,0.0287856051602687));
#6254=CARTESIAN_POINT('',(3.30643715532042E-18,4.68711497137172E-33,0.0292923654592518));
#6255=CARTESIAN_POINT('',(3.30643715532042E-18,4.68711497137172E-33,0.0287856051602687));
#6256=CARTESIAN_POINT('',(0.0145103272310654,-0.031279961462773,0.0287856051602687));
#6257=CARTESIAN_POINT('',(0.0145360905148369,-0.0313367198115002,0.0287856051602687));
#6258=CARTESIAN_POINT('',(3.30643715532042E-18,4.68711497137172E-33,0.0287856051602687));
#6259=CARTESIAN_POINT('',(0.0142516418373747,-0.031397381813341,0.0291867644701116));
#6260=CARTESIAN_POINT('',(0.0139663879777254,-0.0314558435694159,0.0295876749257736));
#6261=CARTESIAN_POINT('',(0.0139837787187953,-0.0314944384548863,0.0295878394257274));
#6262=CARTESIAN_POINT('',(0.0140011694598652,-0.0315330333403567,0.0295880039256812));
#6263=CARTESIAN_POINT('',(0.0140185602009351,-0.0315716282258271,0.029588168425635));
#6264=CARTESIAN_POINT('',(0.0140182446955092,-0.0315717714378535,0.0295879230882751));
#6265=CARTESIAN_POINT('',(3.30643715532042E-18,4.68711497137172E-33,0.0291867644701158));
#6266=CARTESIAN_POINT('',(0.0134856990052364,-0.0318035804528891,0.0287856051602687));
#6267=CARTESIAN_POINT('',(0.0135747594662689,-0.0317658160705885,0.0289192714394708));
#6268=CARTESIAN_POINT('',(0.0136636611286393,-0.0317276776598652,0.0290530487672304));
#6269=CARTESIAN_POINT('',(0.0137634933230829,-0.0316843526846451,0.0292036731905969));
#6270=CARTESIAN_POINT('',(0.0137685653468888,-0.031682148304768,0.0292112492417055));
#6271=CARTESIAN_POINT('',(0.0137874152413494,-0.0316739497675844,0.0292393863777771));
#6272=CARTESIAN_POINT('',(0.0137977350172532,-0.0316694563472836,0.0292547299724489));
#6273=CARTESIAN_POINT('',(0.0138313753815197,-0.0316547857513071,0.0293045858363722));
#6274=CARTESIAN_POINT('',(0.0138573772147391,-0.0316434186931649,0.0293429231855317));
#6275=CARTESIAN_POINT('',(0.0139165073872697,-0.0316174583419126,0.0294297980969384));
#6276=CARTESIAN_POINT('',(0.0139340735849958,-0.031609713303267,0.0294562989506127));
#6277=CARTESIAN_POINT('',(0.0139779249637298,-0.0315903465554772,0.0295234863955478));
#6278=CARTESIAN_POINT('',(0.0139987583861379,-0.0315811183716803,0.0295561631797288));
#6279=CARTESIAN_POINT('',(0.0140185023437158,-0.0315723518180457,0.029587923024382));
#6280=CARTESIAN_POINT('',(0.0140194500803185,-0.0315719310116433,0.0295894475397764));
#6281=CARTESIAN_POINT('',(0.0140203978169212,-0.0315715102052408,0.0295909720551707));
#6282=CARTESIAN_POINT('',(0.0140213455535238,-0.0315710893988384,0.029592496570565));
#6283=CARTESIAN_POINT('',(0.0134854511109145,-0.031802995838995,0.0287856051602687));
#6284=CARTESIAN_POINT('',(0.0135745099348363,-0.0317652321508798,0.0289192714394708));
#6285=CARTESIAN_POINT('',(0.013663409963015,-0.0317270944412174,0.0290530487672304));
#6286=CARTESIAN_POINT('',(0.0137632403223417,-0.0316837702623977,0.0292036731905969));
#6287=CARTESIAN_POINT('',(0.0137683122529136,-0.0316815659230414,0.0292112492417055));
#6288=CARTESIAN_POINT('',(0.0137871618008752,-0.0316733675365636,0.0292393863777771));
#6289=CARTESIAN_POINT('',(0.0137974813870806,-0.0316688741988608,0.0292547299724489));
#6290=CARTESIAN_POINT('',(0.0138311211329694,-0.0316542038725595,0.0293045858363722));
#6291=CARTESIAN_POINT('',(0.0138571224882227,-0.0316428370233667,0.0293429231855317));
#6292=CARTESIAN_POINT('',(0.0139162515738217,-0.0316168771493179,0.0294297980969384));
#6293=CARTESIAN_POINT('',(0.0139338174486457,-0.0316091322530417,0.0294562989506127));
#6294=CARTESIAN_POINT('',(0.0139776680213029,-0.0315897658612518,0.0295234863955478));
#6295=CARTESIAN_POINT('',(0.0139985010607508,-0.0315805378470875,0.0295561631797288));
#6296=CARTESIAN_POINT('',(0.014018244655395,-0.0315717714545999,0.029587923024382));
#6297=CARTESIAN_POINT('',(0.0140191923745764,-0.0315713506559327,0.0295894475397764));
#6298=CARTESIAN_POINT('',(0.0140201400937577,-0.0315709298572655,0.0295909720551707));
#6299=CARTESIAN_POINT('',(0.014021087812939,-0.0315705090585984,0.029592496570565));
#6300=CARTESIAN_POINT('',(0.0134358722465362,-0.0316860730601752,0.0287856051602687));
#6301=CARTESIAN_POINT('',(0.0135246036483112,-0.0316484482091486,0.0289192714394708));
#6302=CARTESIAN_POINT('',(0.013613176838151,-0.0316104507116541,0.0290530487672304));
#6303=CARTESIAN_POINT('',(0.0137126401740978,-0.0315672858129036,0.0292036731905969));
#6304=CARTESIAN_POINT('',(0.0137176934578661,-0.0315650895777361,0.0292112492417055));
#6305=CARTESIAN_POINT('',(0.013736473706019,-0.031556921332385,0.0292393863777771));
#6306=CARTESIAN_POINT('',(0.0137467553525693,-0.0315524445143062,0.0292547299724489));
#6307=CARTESIAN_POINT('',(0.0137802714229217,-0.031537828123028,0.0293045858363722));
#6308=CARTESIAN_POINT('',(0.0138061771849572,-0.031526503063722,0.0293429231855317));
#6309=CARTESIAN_POINT('',(0.0138650888842121,-0.0315006386303866,0.0294297980969384));
#6310=CARTESIAN_POINT('',(0.0138825901786139,-0.0314929222079937,0.0294562989506127));
#6311=CARTESIAN_POINT('',(0.0139262795359305,-0.0314736270161737,0.0295234863955478));
#6312=CARTESIAN_POINT('',(0.0139470359833203,-0.0314644329285326,0.0295561631797267));
#6313=CARTESIAN_POINT('',(0.0139667069912207,-0.0314556987654286,0.029587923024382));
#6314=CARTESIAN_POINT('',(0.0139676512261404,-0.0314552795138153,0.0295894475397765));
#6315=CARTESIAN_POINT('',(0.0139685954610601,-0.031454860262202,0.0295909720551709));
#6316=CARTESIAN_POINT('',(0.0139695396959798,-0.0314544410105887,0.0295924965705653));
#6317=CARTESIAN_POINT('',(0.0134356218732711,-0.0316854826001421,0.0287856051602687));
#6318=CARTESIAN_POINT('',(0.0135243516215643,-0.0316478584502429,0.0289192714394708));
#6319=CARTESIAN_POINT('',(0.0136129231608705,-0.0316098616608199,0.0290530487672304));
#6320=CARTESIAN_POINT('',(0.0137123846433491,-0.0315666975664336,0.0292036731905969));
#6321=CARTESIAN_POINT('',(0.0137174378329511,-0.0315645013721923,0.0292112492417055));
#6322=CARTESIAN_POINT('',(0.0137362177311399,-0.0315563332790539,0.0292393863777771));
#6323=CARTESIAN_POINT('',(0.013746499186095,-0.0315518565443992,0.0292547299724489));
#6324=CARTESIAN_POINT('',(0.0137800146318859,-0.0315372404254929,0.0293045858363722));
#6325=CARTESIAN_POINT('',(0.0138059199111757,-0.0315259155772258,0.0293429231855317));
#6326=CARTESIAN_POINT('',(0.0138648305126295,-0.031500051625866,0.0294297980969384));
#6327=CARTESIAN_POINT('',(0.0138823314809003,-0.0314923353472663,0.0294562989506127));
#6328=CARTESIAN_POINT('',(0.0139260200240794,-0.031473040515006,0.0295234863955478));
#6329=CARTESIAN_POINT('',(0.0139467760846793,-0.0314638465986939,0.0295561631797267));
#6330=CARTESIAN_POINT('',(0.0139664467260166,-0.0314551125983483,0.029587923024382));
#6331=CARTESIAN_POINT('',(0.0139673909433408,-0.0314546933545476,0.0295894475397765));
#6332=CARTESIAN_POINT('',(0.013968335160665,-0.031454274110747,0.0295909720551709));
#6333=CARTESIAN_POINT('',(0.0139692793779892,-0.0314538548669463,0.0295924965705653));
#6334=CARTESIAN_POINT('',(0.0134358722465362,-0.0316860730601752,0.0287856051602687));
#6335=CARTESIAN_POINT('',(0.0134854511109145,-0.031802995838995,0.0287856051602687));
#6336=CARTESIAN_POINT('',(0.0134854511109145,-0.031802995838995,0.0287856051602687));
#6337=CARTESIAN_POINT('',(0.013663658086352,-0.0317274305851097,0.0290530717883425));
#6338=CARTESIAN_POINT('',(0.0138484597525608,-0.0316471579854536,0.029314804464076));
#6339=CARTESIAN_POINT('',(0.0140182447348336,-0.0315717714193282,0.0295879231521682));
#6340=CARTESIAN_POINT('',(3.30643715532042E-18,4.68711497137172E-33,0.0287856051602687));
#6341=CARTESIAN_POINT('',(-0.000342350159101403,-0.000145912964606151,0.0287856051602687));
#6342=CARTESIAN_POINT('',(0.0132009801587654,-0.0319221249112255,0.0287856051602687));
#6343=CARTESIAN_POINT('',(3.30643715532042E-18,4.68711497137172E-33,0.0287856051602687));
#6344=CARTESIAN_POINT('',(0.0135193684159832,-0.0317199910278955,0.0292878597726091));
#6345=CARTESIAN_POINT('',(0.0138614576382661,-0.031573471294301,0.0297901114971335));
#6346=CARTESIAN_POINT('',(0.0138857141010825,-0.0316302842210277,0.029790163941729));
#6347=CARTESIAN_POINT('',(3.30643715532042E-18,4.68711497137172E-33,0.0292878597726032));
#6348=CARTESIAN_POINT('',(0.0135582342056683,-0.0317029835290932,0.0302556640534179));
#6349=CARTESIAN_POINT('',(-0.000303161680449832,-0.000129651427347539,0.0307212137218862));
#6350=CARTESIAN_POINT('',(0.0132794228793713,-0.03188957296658,0.0307212137218862));
#6351=CARTESIAN_POINT('',(3.30643715532042E-18,4.68711497137172E-33,0.0302556640534195));
#6352=CARTESIAN_POINT('',(3.30643715532042E-18,4.68711497137172E-33,0.0307212137218862));
#6353=CARTESIAN_POINT('',(0.0135589248909042,-0.0317717404591379,0.0307212137218862));
#6354=CARTESIAN_POINT('',(0.0135589248909042,-0.0317717404591379,0.0307212137218862));
#6355=CARTESIAN_POINT('',(3.30643715532042E-18,4.68711497137172E-33,0.0307212137218862));
#6356=CARTESIAN_POINT('',(0.0140281760959268,-0.0315687496552297,0.0299897262548213));
#6357=CARTESIAN_POINT('',(0.013998847595394,-0.0315817823338945,0.0300435529529706));
#6358=CARTESIAN_POINT('',(0.0139615245318725,-0.0315983222287714,0.0301057130617002));
#6359=CARTESIAN_POINT('',(0.013910500236562,-0.0316207795746649,0.0301850182375374));
#6360=CARTESIAN_POINT('',(0.0139107088089398,-0.0316206874025514,0.0301846821542967));
#6361=CARTESIAN_POINT('',(0.0139043657840616,-0.0316234770940832,0.0301944929285658));
#6362=CARTESIAN_POINT('',(0.0139009001345993,-0.03162500073814,0.0301998434112166));
#6363=CARTESIAN_POINT('',(0.0138896203933454,-0.0316299571951639,0.030217230145718));
#6364=CARTESIAN_POINT('',(0.0138809235299625,-0.0316337755823165,0.0302306016841174));
#6365=CARTESIAN_POINT('',(0.0138512980088752,-0.0316467642563777,0.0302760574455109));
#6366=CARTESIAN_POINT('',(0.0138268347543199,-0.0316574688479519,0.0303134828147003));
#6367=CARTESIAN_POINT('',(0.013768453935777,-0.0316829034244133,0.0304025766096003));
#6368=CARTESIAN_POINT('',(0.0137471271591397,-0.0316921567501092,0.0304351065179059));
#6369=CARTESIAN_POINT('',(0.0137012338616778,-0.0317120244587233,0.0305050920489002));
#6370=CARTESIAN_POINT('',(0.0136798300808996,-0.0317212609412089,0.0305377210754717));
#6371=CARTESIAN_POINT('',(0.0136202596995782,-0.0317469065354018,0.0306285169384094));
#6372=CARTESIAN_POINT('',(0.0135867346647372,-0.0317612531594051,0.0306795925645093));
#6373=CARTESIAN_POINT('',(0.0135594237088839,-0.0317729083978136,0.0307212132218858));
#6374=CARTESIAN_POINT('',(0.0135583312706498,-0.03177337460735,0.0307228780481809));
#6375=CARTESIAN_POINT('',(0.0135572388324157,-0.0317738408168863,0.0307245428744759));
#6376=CARTESIAN_POINT('',(0.0135561463941815,-0.0317743070264227,0.030726207700771));
#6377=CARTESIAN_POINT('',(0.014027660373119,-0.0315675890821017,0.0299897262548213));
#6378=CARTESIAN_POINT('',(0.0139983329507999,-0.0315806212816416,0.0300435529529712));
#6379=CARTESIAN_POINT('',(0.0139610112593997,-0.0315971605684564,0.0301057130617002));
#6380=CARTESIAN_POINT('',(0.0139099888399135,-0.0316196170887425,0.0301850182375374));
#6381=CARTESIAN_POINT('',(0.0139101974046235,-0.0316195249200175,0.0301846821542967));
#6382=CARTESIAN_POINT('',(0.0139038546129361,-0.0316223145089909,0.0301944929285658));
#6383=CARTESIAN_POINT('',(0.0139003890908827,-0.0316238380970335,0.0301998434112166));
#6384=CARTESIAN_POINT('',(0.0138891097643099,-0.0316287943718414,0.030217230145718));
#6385=CARTESIAN_POINT('',(0.0138804132206529,-0.0316326126186173,0.0302306016841174));
#6386=CARTESIAN_POINT('',(0.0138507887886991,-0.0316456008151712,0.0302760574455109));
#6387=CARTESIAN_POINT('',(0.0138263264334952,-0.0316563050132087,0.0303134828147003));
#6388=CARTESIAN_POINT('',(0.013767947761227,-0.0316817386546098,0.0304025766096003));
#6389=CARTESIAN_POINT('',(0.0137466217686335,-0.0316909916401224,0.0304351065179059));
#6390=CARTESIAN_POINT('',(0.0137007301583631,-0.0317108586183329,0.0305050920489002));
#6391=CARTESIAN_POINT('',(0.0136793271644597,-0.0317200947612544,0.0305377210754717));
#6392=CARTESIAN_POINT('',(0.0136197589731453,-0.0317457394126293,0.0306285169384094));
#6393=CARTESIAN_POINT('',(0.0135862351707973,-0.0317600855092025,0.030679592564509));
#6394=CARTESIAN_POINT('',(0.0135589252189862,-0.0317717403191254,0.0307212132218858));
#6395=CARTESIAN_POINT('',(0.0135578328209137,-0.0317722065115224,0.0307228780481809));
#6396=CARTESIAN_POINT('',(0.0135567404228413,-0.0317726727039193,0.030724542874476));
#6397=CARTESIAN_POINT('',(0.0135556480247688,-0.0317731388963162,0.030726207700771));
#6398=CARTESIAN_POINT('',(0.0139760880923355,-0.0314515317692999,0.0299897262548213));
#6399=CARTESIAN_POINT('',(0.0139468684913929,-0.0314645160563544,0.0300435529530248));
#6400=CARTESIAN_POINT('',(0.0139096840121225,-0.0314809945369547,0.0301057130617002));
#6401=CARTESIAN_POINT('',(0.0138588491750609,-0.0315033684965045,0.0301850182375374));
#6402=CARTESIAN_POINT('',(0.0138590569729888,-0.0315032766666351,0.0301846821542967));
#6403=CARTESIAN_POINT('',(0.0138527375003885,-0.0315060559997667,0.0301944929285658));
#6404=CARTESIAN_POINT('',(0.013849284719225,-0.0315075739863826,0.0301998434112166));
#6405=CARTESIAN_POINT('',(0.0138380468607647,-0.031512512039592,0.030217230145718));
#6406=CARTESIAN_POINT('',(0.0138293822896946,-0.0315163162486959,0.0302306016841174));
#6407=CARTESIAN_POINT('',(0.0137998667710936,-0.0315292566945272,0.0302760574455109));
#6408=CARTESIAN_POINT('',(0.0137754943510191,-0.0315399215388955,0.0303134828147003));
#6409=CARTESIAN_POINT('',(0.0137173303062225,-0.031565261674262,0.0304025766096003));
#6410=CARTESIAN_POINT('',(0.0136960827180135,-0.0315744806414455,0.0304351065179059));
#6411=CARTESIAN_POINT('',(0.0136503598268986,-0.0315942745792949,0.0305050920489002));
#6412=CARTESIAN_POINT('',(0.0136290355204727,-0.0316034767658086,0.0305377210754717));
#6413=CARTESIAN_POINT('',(0.0135696863298617,-0.031629027135377,0.0306285169384094));
#6414=CARTESIAN_POINT('',(0.0135362857768078,-0.0316433204889392,0.0306795925644772));
#6415=CARTESIAN_POINT('',(0.0135090762292105,-0.0316549324503051,0.0307212132218858));
#6416=CARTESIAN_POINT('',(0.0135079878473066,-0.0316553969287598,0.0307228780481821));
#6417=CARTESIAN_POINT('',(0.0135068994654027,-0.0316558614072144,0.0307245428744785));
#6418=CARTESIAN_POINT('',(0.0135058110834988,-0.031656325885669,0.0307262077007748));
#6419=CARTESIAN_POINT('',(0.0139755672122996,-0.0314503595904406,0.0299897262548213));
#6420=CARTESIAN_POINT('',(0.0139463487003529,-0.031463343393579,0.0300435529530254));
#6421=CARTESIAN_POINT('',(0.013909165606925,-0.0314798212600365,0.0301057130617002));
#6422=CARTESIAN_POINT('',(0.0138583326644459,-0.0315021943857229,0.0301850182375374));
#6423=CARTESIAN_POINT('',(0.0138585404546293,-0.031502102559276,0.0301846821542967));
#6424=CARTESIAN_POINT('',(0.0138522212175518,-0.0315048817888235,0.0301944929285658));
#6425=CARTESIAN_POINT('',(0.0138487685650713,-0.0315063997188651,0.0301998434112166));
#6426=CARTESIAN_POINT('',(0.0138375311254388,-0.0315113375880363,0.030217230145718));
#6427=CARTESIAN_POINT('',(0.0138288668772919,-0.0315151416553597,0.0302306016841174));
#6428=CARTESIAN_POINT('',(0.0137993524587158,-0.0315280816189087,0.0302760574455109));
#6429=CARTESIAN_POINT('',(0.0137749809469861,-0.0315387460658049,0.0303134828147003));
#6430=CARTESIAN_POINT('',(0.0137168190699269,-0.0315640852567605,0.0304025766096003));
#6431=CARTESIAN_POINT('',(0.0136955722736023,-0.0315733038803589,0.0304351065179059));
#6432=CARTESIAN_POINT('',(0.0136498510865508,-0.0315930970805006,0.0305050920489002));
#6433=CARTESIAN_POINT('',(0.0136285275748685,-0.0316022989240546,0.0305377210754717));
#6434=CARTESIAN_POINT('',(0.0135691805961645,-0.0316278483413767,0.0306285169384094));
#6435=CARTESIAN_POINT('',(0.0135357812879285,-0.0316421411622345,0.0306795925644769));
#6436=CARTESIAN_POINT('',(0.0135085727544137,-0.03165375269083,0.0307212132218858));
#6437=CARTESIAN_POINT('',(0.0135074844130732,-0.0316542171519739,0.0307228780481821));
#6438=CARTESIAN_POINT('',(0.0135063960717326,-0.0316546816131177,0.0307245428744785));
#6439=CARTESIAN_POINT('',(0.013505307730392,-0.0316551460742615,0.0307262077007748));
#6440=CARTESIAN_POINT('',(0.014001874376765,-0.0315095603616948,0.0299897264908105));
#6441=CARTESIAN_POINT('',(0.0140276604813463,-0.0315675890340089,0.0299897264318132));
#6442=CARTESIAN_POINT('',(0.0140276603446118,-0.0315675890947694,0.0299897263071424));
#6443=CARTESIAN_POINT('',(0.0138883910353072,-0.0316294760688265,0.0302453371282917));
#6444=CARTESIAN_POINT('',(0.0137178639611876,-0.0317039115367981,0.0304789888873518));
#6445=CARTESIAN_POINT('',(0.0135589248909042,-0.0317717404591379,0.0307212137218862));
#6446=CARTESIAN_POINT('',(0.0145169658676646,-0.0313462838193028,0.0307212137218862));
#6447=CARTESIAN_POINT('',(0.0143769355139997,-0.031411134117868,0.0305102404726412));
#6448=CARTESIAN_POINT('',(0.0142954063482349,-0.0314479533429253,0.0303882667629205));
#6449=CARTESIAN_POINT('',(0.0142674113027142,-0.0314606551076849,0.0303470482109407));
#6450=CARTESIAN_POINT('',(0.014259871745778,-0.0314640809521266,0.0303362651361899));
#6451=CARTESIAN_POINT('',(0.0142181166474901,-0.0314829714507126,0.0302760993997222));
#6452=CARTESIAN_POINT('',(0.0141876955489145,-0.0314967145101133,0.0302323035424743));
#6453=CARTESIAN_POINT('',(0.0141376931484587,-0.0315191617891095,0.0301604174846468));
#6454=CARTESIAN_POINT('',(0.014135734864214,-0.0315200387841725,0.0301575416711561));
#6455=CARTESIAN_POINT('',(0.0141245107062908,-0.0315250700620153,0.0301411627721419));
#6456=CARTESIAN_POINT('',(0.0141191435358944,-0.0315274741232004,0.0301332646664369));
#6457=CARTESIAN_POINT('',(0.0141037772582107,-0.0315343527015563,0.0301104443807283));
#6458=CARTESIAN_POINT('',(0.0140945134001017,-0.0315384936478594,0.030096396232131));
#6459=CARTESIAN_POINT('',(0.0140696663024554,-0.031549589958266,0.0300577479119644));
#6460=CARTESIAN_POINT('',(0.0140559729682722,-0.0315557027124153,0.0300356053532657));
#6461=CARTESIAN_POINT('',(0.0140279183788286,-0.0315681693045407,0.0299897264908105));
#6462=CARTESIAN_POINT('',(0.0140265717245005,-0.0315687677160867,0.029987524249754));
#6463=CARTESIAN_POINT('',(0.0140252250701724,-0.0315693661276328,0.0299853220086975));
#6464=CARTESIAN_POINT('',(0.0140238784158442,-0.0315699645391789,0.0299831197676411));
#6465=CARTESIAN_POINT('',(0.0145166990165797,-0.0313457076114423,0.0307212137218862));
#6466=CARTESIAN_POINT('',(0.0143766712369585,-0.0314105567179267,0.0305102404726466));
#6467=CARTESIAN_POINT('',(0.0142951435698605,-0.0314473752661741,0.0303882667629205));
#6468=CARTESIAN_POINT('',(0.0142671490389451,-0.0314600767974497,0.0303470482109407));
#6469=CARTESIAN_POINT('',(0.0142596096206011,-0.0314635025789175,0.0303362651361899));
#6470=CARTESIAN_POINT('',(0.0142178552898561,-0.031482392730258,0.0302760993997222));
#6471=CARTESIAN_POINT('',(0.0141874347504816,-0.0314961355370336,0.0302323035424743));
#6472=CARTESIAN_POINT('',(0.0141374332691707,-0.0315185824034036,0.0301604174846468));
#6473=CARTESIAN_POINT('',(0.0141354750209231,-0.0315194593823456,0.0301575416711561));
#6474=CARTESIAN_POINT('',(0.0141242510693226,-0.0315244905677034,0.0301411627721419));
#6475=CARTESIAN_POINT('',(0.0141188839975856,-0.031526894584697,0.0301332646664369));
#6476=CARTESIAN_POINT('',(0.0141035180023651,-0.0315337730366108,0.0301104443807283));
#6477=CARTESIAN_POINT('',(0.0140942543145445,-0.0315379139067949,0.030096396232131));
#6478=CARTESIAN_POINT('',(0.0140694076736378,-0.031549010013229,0.0300577479119644));
#6479=CARTESIAN_POINT('',(0.0140557145901945,-0.0315551226554452,0.0300356053516714));
#6480=CARTESIAN_POINT('',(0.0140276605174221,-0.0315675890179779,0.0299897264908105));
#6481=CARTESIAN_POINT('',(0.0140263138878948,-0.0315681874185032,0.0299875242498306));
#6482=CARTESIAN_POINT('',(0.0140249672583675,-0.0315687858190285,0.0299853220088506));
#6483=CARTESIAN_POINT('',(0.0140236206288402,-0.0315693842195539,0.0299831197678706));
#6484=CARTESIAN_POINT('',(0.014463328799607,-0.0312304660393414,0.0307212137218862));
#6485=CARTESIAN_POINT('',(0.0143238158287085,-0.0312950767296646,0.0305102404737193));
#6486=CARTESIAN_POINT('',(0.0142425878949713,-0.0313317599159308,0.0303882667629205));
#6487=CARTESIAN_POINT('',(0.0142146962851255,-0.0313444147504003,0.0303470482109407));
#6488=CARTESIAN_POINT('',(0.0142071845852313,-0.0313478279370832,0.0303362651361899));
#6489=CARTESIAN_POINT('',(0.0141655837630551,-0.0313666486393379,0.0302760993997222));
#6490=CARTESIAN_POINT('',(0.014135275063899,-0.0313803409210886,0.0302323035424743));
#6491=CARTESIAN_POINT('',(0.0140854574115634,-0.0314027052622146,0.0301604174846468));
#6492=CARTESIAN_POINT('',(0.014083506362758,-0.0314035790169694,0.0301575416711561));
#6493=CARTESIAN_POINT('',(0.0140723236756854,-0.0314085917053221,0.0301411627721419));
#6494=CARTESIAN_POINT('',(0.0140669763358298,-0.031410986884018,0.0301332646664369));
#6495=CARTESIAN_POINT('',(0.0140516668332387,-0.0314178400475056,0.0301104443807283));
#6496=CARTESIAN_POINT('',(0.0140424372030939,-0.0314219656939022,0.030096396232131));
#6497=CARTESIAN_POINT('',(0.0140176819101318,-0.0314330210058274,0.0300577479119644));
#6498=CARTESIAN_POINT('',(0.0140040389746559,-0.0314391112614134,0.0300356050328263));
#6499=CARTESIAN_POINT('',(0.013976088236108,-0.0314515317054118,0.0299897264908105));
#6500=CARTESIAN_POINT('',(0.0139747465667488,-0.0314521279017918,0.0299875242651355));
#6501=CARTESIAN_POINT('',(0.0139734048973897,-0.0314527240981717,0.0299853220394605));
#6502=CARTESIAN_POINT('',(0.0139720632280305,-0.0314533202945517,0.0299831198137855));
#6503=CARTESIAN_POINT('',(0.0144630592800113,-0.0312298840694023,0.0307212137218862));
#6504=CARTESIAN_POINT('',(0.0143235489088968,-0.0312944935557238,0.0305102404737248));
#6505=CARTESIAN_POINT('',(0.0142423224888131,-0.031331176058412,0.0303882667629205));
#6506=CARTESIAN_POINT('',(0.0142144313987187,-0.0313438306570627,0.0303470482109407));
#6507=CARTESIAN_POINT('',(0.0142069198388027,-0.0313472437801419,0.0303362651361899));
#6508=CARTESIAN_POINT('',(0.0141653197918447,-0.0313660641316788,0.0302760993997222));
#6509=CARTESIAN_POINT('',(0.0141350116574817,-0.0313797561582781,0.0302323035424743));
#6510=CARTESIAN_POINT('',(0.0140851949334825,-0.0314021200826516,0.0301604174846468));
#6511=CARTESIAN_POINT('',(0.0140832439210343,-0.0314029938211242,0.0301575416711561));
#6512=CARTESIAN_POINT('',(0.0140720614423475,-0.031408006416067,0.0301411627721419));
#6513=CARTESIAN_POINT('',(0.0140667142021379,-0.0314104015501296,0.0301332646664369));
#6514=CARTESIAN_POINT('',(0.0140514049848346,-0.0314172545859106,0.0301104443807283));
#6515=CARTESIAN_POINT('',(0.0140421755266811,-0.0314213801554271,0.030096396232131));
#6516=CARTESIAN_POINT('',(0.0140174206950261,-0.03143243526134,0.0300577479119644));
#6517=CARTESIAN_POINT('',(0.0140037780127975,-0.0314385254038736,0.0300356050312162));
#6518=CARTESIAN_POINT('',(0.0139758277960873,-0.0314509456159833,0.0299897264908105));
#6519=CARTESIAN_POINT('',(0.013974486151777,-0.0314515418012324,0.0299875242652128));
#6520=CARTESIAN_POINT('',(0.0139731445074667,-0.0314521379864814,0.0299853220396151));
#6521=CARTESIAN_POINT('',(0.0139718028631564,-0.0314527341717305,0.0299831198140174));
#6522=CARTESIAN_POINT('',(0.014463328799607,-0.0312304660393414,0.0307212137218862));
#6523=CARTESIAN_POINT('',(0.0145166990165797,-0.0313457076114423,0.0307212137218862));
#6524=CARTESIAN_POINT('',(0.0145166990165797,-0.0313457076114423,0.0307212137218862));
#6525=CARTESIAN_POINT('',(0.0143546441321155,-0.0314207578228171,0.0304770532729879));
#6526=CARTESIAN_POINT('',(0.0141815055176514,-0.0314992250570495,0.0302413203827108));
#6527=CARTESIAN_POINT('',(0.0140276604452705,-0.0315675890500398,0.0299897263728158));
#6528=CARTESIAN_POINT('',(3.30643715532042E-18,4.68711497137172E-33,0.0307212137218862));
#6529=CARTESIAN_POINT('',(3.30643715532042E-18,4.68711497137172E-33,0.0307212137218862));
#6530=CARTESIAN_POINT('',(3.30643715532042E-18,4.68711497137172E-33,0.0329641));
#6531=CARTESIAN_POINT('',(3.30643715532042E-18,4.68711497137172E-33,0.0296072407306692));
#6532=CARTESIAN_POINT('',(0.0123881017116124,-0.0321101981461147,0.0296072407306692));
#6533=CARTESIAN_POINT('',(0.0130711590113158,-0.031838258292515,0.0296072407306692));
#6534=CARTESIAN_POINT('',(0.0123881017116124,-0.0321101981461147,0.029486828871214));
#6535=CARTESIAN_POINT('',(0.0123881017116124,-0.0321101981461147,0.0293664165117587));
#6536=CARTESIAN_POINT('',(3.30643715532042E-18,4.68711497137172E-33,0.0293664165117587));
#6537=CARTESIAN_POINT('',(0.0130711590113158,-0.031838258292515,0.0293664165117587));
#6538=CARTESIAN_POINT('',(0.0130711590113158,-0.031838258292515,0.029486828371214));
#6539=CARTESIAN_POINT('',(0.0124338142640538,-0.032228685962152,0.029486828871214));
#6540=CARTESIAN_POINT('',(0.0123881017116124,-0.0321101981461147,0.0296072407306692));
#6541=CARTESIAN_POINT('',(0.0124338142640538,-0.032228685962152,0.0296072407306692));
#6542=CARTESIAN_POINT('',(0.0124338142640538,-0.032228685962152,0.0329641));
#6543=CARTESIAN_POINT('',(0.0124338142640538,-0.032228685962152,0.0293664165117587));
#6544=CARTESIAN_POINT('',(0.0124338142640538,-0.032228685962152,0.0293664165117587));
#6545=CARTESIAN_POINT('',(3.30643715532042E-18,4.68711497137172E-33,0.0296072407306692));
#6546=CARTESIAN_POINT('',(0.0131193920703982,-0.0319557426404578,0.0296072407306692));
#6547=CARTESIAN_POINT('',(0.0131193920703982,-0.0319557426404578,0.0296072407306692));
#6548=CARTESIAN_POINT('',(3.30643715532042E-18,4.68711497137172E-33,0.0296072407306692));
#6549=CARTESIAN_POINT('',(0.0131193920703982,-0.0319557426404578,0.029486828371214));
#6550=CARTESIAN_POINT('',(0.0130711590113158,-0.031838258292515,0.0293664165117587));
#6551=CARTESIAN_POINT('',(0.0131193920703982,-0.0319557426404578,0.0293664165117587));
#6552=CARTESIAN_POINT('',(0.0131193920703982,-0.0319557426404578,0.0329641));
#6553=CARTESIAN_POINT('',(3.30643715532042E-18,4.68711497137172E-33,0.0293664165117587));
#6554=CARTESIAN_POINT('',(3.30643715532042E-18,4.68711497137172E-33,0.0293664165117587));
#6555=CARTESIAN_POINT('',(3.30643715532042E-18,4.68711497137172E-33,0.0329641));
#6556=CARTESIAN_POINT('',(3.30643715532042E-18,4.68711497137172E-33,0.0302601693581895));
#6557=CARTESIAN_POINT('',(0.00640551550173043,-0.0338156658984721,0.0297991263250927));
#6558=CARTESIAN_POINT('',(0.00706233750307855,-0.033684614855934,0.0307212137218862));
#6559=CARTESIAN_POINT('',(3.30643715532042E-18,4.68711497137172E-33,0.0307212137218862));
#6560=CARTESIAN_POINT('',(0.00678582674061745,-0.0337414054900847,0.0307212137218862));
#6561=CARTESIAN_POINT('',(0.00678582674061745,-0.0337414054900847,0.0307212137218863));
#6562=CARTESIAN_POINT('',(0.00661137680232391,-0.0337764895963623,0.0304770400025716));
#6563=CARTESIAN_POINT('',(0.00642528004339931,-0.0338123313864373,0.0302411168268527));
#6564=CARTESIAN_POINT('',(0.00626048005750366,-0.033842817235709,0.0299897263728159));
#6565=CARTESIAN_POINT('',(0.00626048000344279,-0.0338428172457095,0.0299897263401573));
#6566=CARTESIAN_POINT('',(0.00626047994938192,-0.03384281725571,0.0299897263074987));
#6567=CARTESIAN_POINT('',(0.00611121130939212,-0.0338704300079424,0.0302452712530737));
#6568=CARTESIAN_POINT('',(0.00592867245123342,-0.0339029552876655,0.0304789804977186));
#6569=CARTESIAN_POINT('',(0.00575892191283799,-0.033931765462496,0.0307212137218863));
#6570=CARTESIAN_POINT('',(0.00575892191283798,-0.033931765462496,0.0307212137218862));
#6571=CARTESIAN_POINT('',(3.30643715532042E-18,4.68711497137172E-33,0.0307212137218862));
#6572=CARTESIAN_POINT('',(0.00545889473981657,-0.0339813236531422,0.0307212137218862));
#6573=CARTESIAN_POINT('',(3.30643715532042E-18,4.68711497137172E-33,0.0302556640577997));
#6574=CARTESIAN_POINT('',(0.00610901567901863,-0.0338704859196543,0.0297901133731288));
#6575=CARTESIAN_POINT('',(3.30643715532042E-18,4.68711497137172E-33,0.0292878597769915));
#6576=CARTESIAN_POINT('',(0.00537653148273606,-0.0339944524623524,0.0287856051602687));
#6577=CARTESIAN_POINT('',(3.30643715532042E-18,4.68711497137172E-33,0.0287856051602687));
#6578=CARTESIAN_POINT('',(0.00568047626291527,-0.0339449860572435,0.0287856051602687));
#6579=CARTESIAN_POINT('',(0.00568047626291527,-0.0339449860572435,0.0287856051602687));
#6580=CARTESIAN_POINT('',(0.0058705470991199,-0.0339131789187309,0.0290528665021171));
#6581=CARTESIAN_POINT('',(0.00607051109622862,-0.0338778950695728,0.0293127039283464));
#6582=CARTESIAN_POINT('',(0.00624912433895244,-0.0338449159253839,0.0295879231492093));
#6583=CARTESIAN_POINT('',(0.00624912436815277,-0.0338449159199925,0.029587923170643));
#6584=CARTESIAN_POINT('',(0.00624912445575375,-0.0338449159038178,0.0295879232349442));
#6585=CARTESIAN_POINT('',(0.00626930022560687,-0.033841190650159,0.0295594996875635));
#6586=CARTESIAN_POINT('',(0.00631508837373595,-0.0338327332441009,0.0294942882480042));
#6587=CARTESIAN_POINT('',(0.00640537790392019,-0.033815705194338,0.0293646826308699));
#6588=CARTESIAN_POINT('',(0.00645771760837078,-0.0338057540144989,0.0292894089368694));
#6589=CARTESIAN_POINT('',(0.00652032933539082,-0.0337937181424008,0.0291992100138095));
#6590=CARTESIAN_POINT('',(0.00651320257481286,-0.0337951085232097,0.029209474567383));
#6591=CARTESIAN_POINT('',(0.00660343192001099,-0.0337775980536866,0.029079363295066));
#6592=CARTESIAN_POINT('',(0.00661091986807255,-0.0337761077312308,0.0290685628123826));
#6593=CARTESIAN_POINT('',(0.0066617323414365,-0.0337661467650352,0.0289953106686774));
#6594=CARTESIAN_POINT('',(0.00671849095264834,-0.0337549047147698,0.0289134994065213));
#6595=CARTESIAN_POINT('',(0.00677662578574043,-0.0337432690387168,0.0288296978247673));
#6596=CARTESIAN_POINT('',(0.00680720973642136,-0.0337370980465773,0.0287856052852687));
#6597=CARTESIAN_POINT('',(0.0068072097364212,-0.0337370980465774,0.0287856052852688));
#6598=CARTESIAN_POINT('',(3.30643715532042E-18,4.68711497137172E-33,0.0287856051602687));
#6599=CARTESIAN_POINT('',(0.00711381447875962,-0.0336737810850191,0.0287856051602687));
#6600=CARTESIAN_POINT('',(3.30643715532042E-18,4.68711497137172E-33,0.0292923650773848));
#6601=CARTESIAN_POINT('',(3.30643715532042E-18,4.68711497137172E-33,0.0307212137218862));
#6602=CARTESIAN_POINT('',(0.00707577086769751,-0.0337487360960015,0.0307212137218862));
#6603=CARTESIAN_POINT('',(0.00708780231351699,-0.0338090371700305,0.0307212137218862));
#6604=CARTESIAN_POINT('',(3.30643715532042E-18,4.68711497137172E-33,0.0307212137218862));
#6605=CARTESIAN_POINT('',(0.00681086669168984,-0.0338659125214135,0.0307212137218862));
#6606=CARTESIAN_POINT('',(0.00678582674061745,-0.0337414054900847,0.0307212137218862));
#6607=CARTESIAN_POINT('',(0.00674674440771634,-0.0338143844130535,0.0302601693581904));
#6608=CARTESIAN_POINT('',(0.0064177931567255,-0.0338803988825905,0.029799127896102));
#6609=CARTESIAN_POINT('',(0.00642977463167078,-0.0339403290229474,0.0297991602907003));
#6610=CARTESIAN_POINT('',(3.30643715532042E-18,4.68711497137172E-33,0.0302601693581895));
#6611=CARTESIAN_POINT('',(0.00677250916412859,-0.0338088449768738,0.0292923650773817));
#6612=CARTESIAN_POINT('',(0.00712731905351197,-0.033737770285354,0.0287856051602687));
#6613=CARTESIAN_POINT('',(0.0071394191750722,-0.0337981749483994,0.0287856051602687));
#6614=CARTESIAN_POINT('',(3.30643715532042E-18,4.68711497137172E-33,0.0292923650773848));
#6615=CARTESIAN_POINT('',(3.30643715532042E-18,4.68711497137172E-33,0.0287856051602687));
#6616=CARTESIAN_POINT('',(0.006832328678561,-0.0338615891657216,0.0287856051602687));
#6617=CARTESIAN_POINT('',(0.006832328678561,-0.0338615891657216,0.0287856051602687));
#6618=CARTESIAN_POINT('',(3.30643715532042E-18,4.68711497137172E-33,0.0287856051602687));
#6619=CARTESIAN_POINT('',(0.00627218392352306,-0.0339698048983137,0.0295879232799545));
#6620=CARTESIAN_POINT('',(0.00631231298438542,-0.0339623954695236,0.0295315974579797));
#6621=CARTESIAN_POINT('',(0.0063992282263974,-0.0339463738278375,0.0294076074618085));
#6622=CARTESIAN_POINT('',(0.00654941032672075,-0.0339174505108028,0.0291919975475041));
#6623=CARTESIAN_POINT('',(0.00656682473553373,-0.0339140839535366,0.02916698364715));
#6624=CARTESIAN_POINT('',(0.00660310722506492,-0.0339070383915942,0.0291148413600231));
#6625=CARTESIAN_POINT('',(0.00660523623250878,-0.0339066198443688,0.0291117797730864));
#6626=CARTESIAN_POINT('',(0.00663140051467571,-0.0339015158812274,0.0290741859417485));
#6627=CARTESIAN_POINT('',(0.00665111945287145,-0.0338976555007823,0.0290458611709426));
#6628=CARTESIAN_POINT('',(0.00671709741539266,-0.0338846653815034,0.0289511002087828));
#6629=CARTESIAN_POINT('',(0.00677017820520935,-0.03387412940525,0.0288748773844434));
#6630=CARTESIAN_POINT('',(0.00683232833046561,-0.0338615892359576,0.0287856056602689));
#6631=CARTESIAN_POINT('',(0.00624912442380422,-0.033844915909717,0.0295879232799545));
#6632=CARTESIAN_POINT('',(0.0062891059523972,-0.0338375337212814,0.0295315974565108));
#6633=CARTESIAN_POINT('',(0.00637570165203565,-0.0338215709828822,0.0294076074618085));
#6634=CARTESIAN_POINT('',(0.00652533161228428,-0.0337927540015719,0.0291919975475041));
#6635=CARTESIAN_POINT('',(0.00654268199753544,-0.0337893998213545,0.02916698364715));
#6636=CARTESIAN_POINT('',(0.00657883109556101,-0.0337823801622133,0.0291148413600231));
#6637=CARTESIAN_POINT('',(0.00658095227577162,-0.0337819631537645,0.0291117797730864));
#6638=CARTESIAN_POINT('',(0.0066070203657247,-0.0337768779551935,0.0290741859417485));
#6639=CARTESIAN_POINT('',(0.00662666680782413,-0.0337730317673235,0.0290458611709426));
#6640=CARTESIAN_POINT('',(0.00669240220430665,-0.0337600894058361,0.0289511002087828));
#6641=CARTESIAN_POINT('',(0.00674528784421762,-0.0337495921647781,0.0288748773843614));
#6642=CARTESIAN_POINT('',(0.00680720947630948,-0.0337370980990607,0.0287856056602689));
#6643=CARTESIAN_POINT('',(0.00626065400364699,-0.0339073604354072,0.0295879230184639));
#6644=CARTESIAN_POINT('',(0.00627218380685559,-0.0339698049819088,0.0295879230838366));
#6645=CARTESIAN_POINT('',(0.00627218395529422,-0.0339698048924475,0.02958792323536));
#6646=CARTESIAN_POINT('',(0.00629224861321989,-0.0339661001544925,0.0295597601448857));
#6647=CARTESIAN_POINT('',(0.00633904101520048,-0.0339574521587436,0.02949335529127));
#6648=CARTESIAN_POINT('',(0.00643982913639742,-0.033938450113118,0.0293492132339989));
#6649=CARTESIAN_POINT('',(0.00651036157367034,-0.033925006001746,0.029248093204086));
#6650=CARTESIAN_POINT('',(0.0065915543394727,-0.0339092916737906,0.0291314511671186));
#6651=CARTESIAN_POINT('',(0.00662004246297149,-0.033903732902788,0.0290904966155606));
#6652=CARTESIAN_POINT('',(0.00669168146242875,-0.0338897189518511,0.0289875999335162));
#6653=CARTESIAN_POINT('',(0.00677017851030228,-0.0338741293443557,0.0288748769462974));
#6654=CARTESIAN_POINT('',(0.006832328678561,-0.0338615891657216,0.0287856051602687));
#6655=CARTESIAN_POINT('',(0.00570154223577221,-0.0340708705996329,0.0287856051602687));
#6656=CARTESIAN_POINT('',(0.00576518458132844,-0.0340602204602386,0.0288747629390175));
#6657=CARTESIAN_POINT('',(0.00581881830209204,-0.0340510663936313,0.0289499689539105));
#6658=CARTESIAN_POINT('',(0.00588429111714758,-0.03403979165264,0.0290418504134023));
#6659=CARTESIAN_POINT('',(0.00590361897397059,-0.0340364419738528,0.0290689896348174));
#6660=CARTESIAN_POINT('',(0.00593728621125563,-0.0340305852385014,0.0291162922141499));
#6661=CARTESIAN_POINT('',(0.00597209241187417,-0.0340245003456278,0.02916516891517));
#6662=CARTESIAN_POINT('',(0.00602436205857176,-0.0340152844076429,0.0292381639188724));
#6663=CARTESIAN_POINT('',(0.0060477633384795,-0.0340111276903253,0.0292706721918598));
#6664=CARTESIAN_POINT('',(0.00607876936260004,-0.0340055948417345,0.0293134507580451));
#6665=CARTESIAN_POINT('',(0.00608842204491206,-0.0340038675350415,0.0293267129728909));
#6666=CARTESIAN_POINT('',(0.00610636270756323,-0.0340006503587992,0.0293512427881506));
#6667=CARTESIAN_POINT('',(0.00612588646473777,-0.0339971398309539,0.0293778787359886));
#6668=CARTESIAN_POINT('',(0.00619448693622617,-0.0339847502415007,0.029471908333996));
#6669=CARTESIAN_POINT('',(0.00621097705489085,-0.0339817518661535,0.0294937831059464));
#6670=CARTESIAN_POINT('',(0.00627229905068876,-0.0339704293747069,0.0295879230184639));
#6671=CARTESIAN_POINT('',(0.00627377082142719,-0.0339701576270024,0.0295901824421301));
#6672=CARTESIAN_POINT('',(0.00627524259216563,-0.0339698858792978,0.0295924418657963));
#6673=CARTESIAN_POINT('',(0.00627671436290406,-0.0339696141315933,0.0295947012894625));
#6674=CARTESIAN_POINT('',(0.0057014374299371,-0.0340702443083772,0.0287856051602687));
#6675=CARTESIAN_POINT('',(0.00576507860561846,-0.034059594364754,0.0288747629390171));
#6676=CARTESIAN_POINT('',(0.00581871134048652,-0.0340504404664168,0.0289499689539105));
#6677=CARTESIAN_POINT('',(0.00588418295201979,-0.034039165932678,0.0290418504134023));
#6678=CARTESIAN_POINT('',(0.00590351045355784,-0.0340358163154647,0.0290689896348174));
#6679=CARTESIAN_POINT('',(0.00593717707197122,-0.0340299596877719,0.0291162922141499));
#6680=CARTESIAN_POINT('',(0.00597198263278166,-0.0340238749067509,0.02916516891517));
#6681=CARTESIAN_POINT('',(0.00602425131865781,-0.0340146591381735,0.0292381639188724));
#6682=CARTESIAN_POINT('',(0.00604765216840288,-0.0340105024972647,0.0292706721918598));
#6683=CARTESIAN_POINT('',(0.00607865762257022,-0.0340049697503788,0.0293134507580451));
#6684=CARTESIAN_POINT('',(0.00608831012744649,-0.0340032424754372,0.0293267129728909));
#6685=CARTESIAN_POINT('',(0.00610625046031212,-0.034000025358333,0.0293512427881506));
#6686=CARTESIAN_POINT('',(0.00612577385860067,-0.0339965148950183,0.0293778787359886));
#6687=CARTESIAN_POINT('',(0.00619437306907416,-0.0339841255333107,0.029471908333996));
#6688=CARTESIAN_POINT('',(0.00621086288856971,-0.0339811272123499,0.0294937831120368));
#6689=CARTESIAN_POINT('',(0.0062721837531933,-0.0339698049297634,0.0295879230184639));
#6690=CARTESIAN_POINT('',(0.00627365549678276,-0.0339695331870716,0.0295901824419839));
#6691=CARTESIAN_POINT('',(0.00627512724037222,-0.0339692614443799,0.0295924418655039));
#6692=CARTESIAN_POINT('',(0.00627659898396168,-0.0339689897016881,0.0295947012890239));
#6693=CARTESIAN_POINT('',(0.00568047626291527,-0.0339449860572435,0.0287856051602687));
#6694=CARTESIAN_POINT('',(0.00574388346362275,-0.0339343752678353,0.0288747629389281));
#6695=CARTESIAN_POINT('',(0.00579731901938179,-0.0339252550235256,0.0289499689539105));
#6696=CARTESIAN_POINT('',(0.0058625499264609,-0.0339140219402784,0.0290418504134023));
#6697=CARTESIAN_POINT('',(0.00588180637100799,-0.0339106846378343,0.0290689896348174));
#6698=CARTESIAN_POINT('',(0.00591534921508897,-0.033904849541861,0.0291162922141499));
#6699=CARTESIAN_POINT('',(0.00595002681427878,-0.0338987871313584,0.02916516891517));
#6700=CARTESIAN_POINT('',(0.00600210333586863,-0.0338896052442831,0.0292381639188724));
#6701=CARTESIAN_POINT('',(0.00602541815307787,-0.0338854638851424,0.0292706721918598));
#6702=CARTESIAN_POINT('',(0.00605630961660488,-0.0338799514792377,0.0293134507580451));
#6703=CARTESIAN_POINT('',(0.00606592663433088,-0.0338782305545717,0.0293267129728909));
#6704=CARTESIAN_POINT('',(0.00608380101009039,-0.0338750252651038,0.0293512427881506));
#6705=CARTESIAN_POINT('',(0.00610325263117935,-0.0338715277079043,0.0293778787359886));
#6706=CARTESIAN_POINT('',(0.00617159963867315,-0.0338591838953206,0.029471908333996));
#6707=CARTESIAN_POINT('',(0.0061880296243412,-0.0338561964516391,0.0294937843301057));
#6708=CARTESIAN_POINT('',(0.00624912425410068,-0.033844915941051,0.0295879230184639));
#6709=CARTESIAN_POINT('',(0.00625059056789535,-0.0338446452009164,0.0295901824127494));
#6710=CARTESIAN_POINT('',(0.00625205688169003,-0.0338443744607817,0.0295924418070349));
#6711=CARTESIAN_POINT('',(0.0062535231954847,-0.0338441037206471,0.0295947012013204));
#6712=CARTESIAN_POINT('',(0.00568037040902181,-0.0339443535030753,0.0287856051602687));
#6713=CARTESIAN_POINT('',(0.00574377642815567,-0.0339337429113959,0.0288747629389276));
#6714=CARTESIAN_POINT('',(0.00579721098816021,-0.033924622837039,0.0289499689539105));
#6715=CARTESIAN_POINT('',(0.00586244067968182,-0.0339133899631168,0.0290418504134023));
#6716=CARTESIAN_POINT('',(0.00588169676539111,-0.0339100527228623,0.0290689896348174));
#6717=CARTESIAN_POINT('',(0.00591523898441172,-0.0339042177356241,0.0291162922141499));
#6718=CARTESIAN_POINT('',(0.00594991593739534,-0.0338981554380927,0.02916516891517));
#6719=CARTESIAN_POINT('',(0.00600199148855554,-0.033888973722119,0.0292381639188724));
#6720=CARTESIAN_POINT('',(0.00602530587130048,-0.0338848324401512,0.0292706721918598));
#6721=CARTESIAN_POINT('',(0.00605619675917475,-0.0338793201369684,0.0293134507580451));
#6722=CARTESIAN_POINT('',(0.00606581359769065,-0.0338775992443713,0.0293267129728909));
#6723=CARTESIAN_POINT('',(0.00608368764036677,-0.033874394014633,0.0293512427881506));
#6724=CARTESIAN_POINT('',(0.00610313889898087,-0.0338708965226094,0.0293778787359886));
#6725=CARTESIAN_POINT('',(0.00617148463284962,-0.0338585529400487,0.029471908333996));
#6726=CARTESIAN_POINT('',(0.00618791431635685,-0.0338555655512975,0.0294937843362569));
#6727=CARTESIAN_POINT('',(0.00624900780363026,-0.033844285251658,0.0295879230184639));
#6728=CARTESIAN_POINT('',(0.00625047409000447,-0.0338440145165863,0.0295901824126018));
#6729=CARTESIAN_POINT('',(0.00625194037637868,-0.0338437437815146,0.0295924418067397));
#6730=CARTESIAN_POINT('',(0.00625340666275289,-0.0338434730464428,0.0295947012008775));
#6731=CARTESIAN_POINT('',(0.00568047626291527,-0.0339449860572435,0.0287856051602687));
#6732=CARTESIAN_POINT('',(0.0057014374299371,-0.0340702443083772,0.0287856051602687));
#6733=CARTESIAN_POINT('',(0.0057014374299371,-0.0340702443083771,0.0287856051602687));
#6734=CARTESIAN_POINT('',(0.00589220899396755,-0.0340383199075456,0.0290528656047091));
#6735=CARTESIAN_POINT('',(0.0060928861106385,-0.0340029104415182,0.0293126649410665));
#6736=CARTESIAN_POINT('',(0.00627218383835817,-0.0339698049140386,0.0295879231492093));
#6737=CARTESIAN_POINT('',(3.30643715532042E-18,4.68711497137172E-33,0.0287856051602687));
#6738=CARTESIAN_POINT('',(-0.000366930306185199,-6.20997383224173E-5,0.0287856051602687));
#6739=CARTESIAN_POINT('',(0.00539703497047806,-0.0341197882397801,0.0287856051602687));
#6740=CARTESIAN_POINT('',(3.30643715532042E-18,4.68711497137172E-33,0.0287856051602687));
#6741=CARTESIAN_POINT('',(0.00575376722587555,-0.033997431018918,0.0292878597769903));
#6742=CARTESIAN_POINT('',(0.00612058698707486,-0.0339346908804569,0.0297901115156036));
#6743=CARTESIAN_POINT('',(0.00613093110667096,-0.033995582356613,0.0297901631075903));
#6744=CARTESIAN_POINT('',(3.30643715532042E-18,4.68711497137172E-33,0.0292878597769915));
#6745=CARTESIAN_POINT('',(0.00579489306538021,-0.0339900587492291,0.0302556640577991));
#6746=CARTESIAN_POINT('',(-0.000325665566864527,-5.55220321618021E-5,0.0307212137218862));
#6747=CARTESIAN_POINT('',(0.00547963399415867,-0.0341066202853648,0.0307212137218862));
#6748=CARTESIAN_POINT('',(3.30643715532042E-18,4.68711497137172E-33,0.0302556640577997));
#6749=CARTESIAN_POINT('',(3.30643715532042E-18,4.68711497137172E-33,0.0307212137218862));
#6750=CARTESIAN_POINT('',(0.00578017254720271,-0.0340569749291473,0.0307212137218862));
#6751=CARTESIAN_POINT('',(0.0057801725472027,-0.0340569749291472,0.0307212137218862));
#6752=CARTESIAN_POINT('',(3.30643715532042E-18,4.68711497137172E-33,0.0307212137218862));
#6753=CARTESIAN_POINT('',(0.00628381239631402,-0.0339689473069277,0.0299897262548213));
#6754=CARTESIAN_POINT('',(0.00625225402608657,-0.0339747851939912,0.0300435529529732));
#6755=CARTESIAN_POINT('',(0.00621210382296275,-0.0339821703400486,0.0301057130617028));
#6756=CARTESIAN_POINT('',(0.00615725051768555,-0.033992116494908,0.0301850182375371));
#6757=CARTESIAN_POINT('',(0.00615747482887386,-0.033992075475157,0.0301846821543155));
#6758=CARTESIAN_POINT('',(0.00615065628687961,-0.033993309909711,0.0301944929285997));
#6759=CARTESIAN_POINT('',(0.00614693095988912,-0.0339939838208736,0.0301998434112567));
#6760=CARTESIAN_POINT('',(0.00613480664243868,-0.0339961747009722,0.0302172301457731));
#6761=CARTESIAN_POINT('',(0.00612545932469115,-0.0339978608694515,0.0302306016841776));
#6762=CARTESIAN_POINT('',(0.00609362237100639,-0.0340035867347694,0.030276057445571));
#6763=CARTESIAN_POINT('',(0.00606733787490089,-0.0340082946396038,0.0303134828147404));
#6764=CARTESIAN_POINT('',(0.00600463673187448,-0.0340194213780972,0.0304025766095602));
#6765=CARTESIAN_POINT('',(0.00598174058774948,-0.0340234490336285,0.0304351065174653));
#6766=CARTESIAN_POINT('',(0.00593248055100253,-0.0340320728007423,0.030505092048208));
#6767=CARTESIAN_POINT('',(0.00590951344914518,-0.0340360661289891,0.0305377210747165));
#6768=CARTESIAN_POINT('',(0.00584560632262137,-0.034047120811787,0.0306285169376543));
#6769=CARTESIAN_POINT('',(0.00580966074675534,-0.0340532583332847,0.0306795925640059));
#6770=CARTESIAN_POINT('',(0.0057803854052391,-0.0340582269641242,0.0307212132218858));
#6771=CARTESIAN_POINT('',(0.00577921439157845,-0.0340584257093578,0.030722878048201));
#6772=CARTESIAN_POINT('',(0.0057780433779178,-0.0340586244545914,0.0307245428745162));
#6773=CARTESIAN_POINT('',(0.00577687236425715,-0.034058823199825,0.0307262077008314));
#6774=CARTESIAN_POINT('',(0.00628358138229261,-0.033967698494483,0.0299897262548213));
#6775=CARTESIAN_POINT('',(0.0062520241722564,-0.0339735361669263,0.0300435529529737));
#6776=CARTESIAN_POINT('',(0.00621187544518903,-0.0339809210414809,0.0301057130617028));
#6777=CARTESIAN_POINT('',(0.00615702415650333,-0.0339908668306863,0.0301850182375371));
#6778=CARTESIAN_POINT('',(0.00615724845944521,-0.0339908258124433,0.0301846821543155));
#6779=CARTESIAN_POINT('',(0.00615043016812343,-0.0339920602016153,0.0301944929285997));
#6780=CARTESIAN_POINT('',(0.00614670497808845,-0.0339927340880027,0.0301998434112567));
#6781=CARTESIAN_POINT('',(0.00613458110636859,-0.0339949248875573,0.0302172301457731));
#6782=CARTESIAN_POINT('',(0.00612523413225982,-0.0339966109940473,0.0302306016841776));
#6783=CARTESIAN_POINT('',(0.00609339834900827,-0.0340023366488631,0.030276057445571));
#6784=CARTESIAN_POINT('',(0.006067114819209,-0.0340070443806192,0.0303134828147404));
#6785=CARTESIAN_POINT('',(0.00600441598128694,-0.0340181707100564,0.0304025766095602));
#6786=CARTESIAN_POINT('',(0.00598152067890099,-0.0340221982175175,0.0304351065174653));
#6787=CARTESIAN_POINT('',(0.00593226245311822,-0.0340308216675927,0.030505092048208));
#6788=CARTESIAN_POINT('',(0.00590929619560857,-0.0340348148490314,0.0305377210747165));
#6789=CARTESIAN_POINT('',(0.0058453914185251,-0.0340458691254221,0.0306285169376543));
#6790=CARTESIAN_POINT('',(0.00580944716413924,-0.0340520064212839,0.0306795925640056));
#6791=CARTESIAN_POINT('',(0.00578017289888252,-0.0340569748694599,0.0307212132218858));
#6792=CARTESIAN_POINT('',(0.00577900192827225,-0.034057173607387,0.030722878048201));
#6793=CARTESIAN_POINT('',(0.00577783095766199,-0.034057372345314,0.0307245428745162));
#6794=CARTESIAN_POINT('',(0.00577665998705172,-0.034057571083241,0.0307262077008315));
#6795=CARTESIAN_POINT('',(0.00626047998015183,-0.033842817250018,0.0299897262548213));
#6796=CARTESIAN_POINT('',(0.00622903878923881,-0.033848633460436,0.0300435529530274));
#6797=CARTESIAN_POINT('',(0.00618903766781701,-0.0338559911847107,0.0301057130617028));
#6798=CARTESIAN_POINT('',(0.00613438803828089,-0.0338659004085147,0.0301850182375371));
#6799=CARTESIAN_POINT('',(0.0061346115165796,-0.033865859541074,0.0301846821543155));
#6800=CARTESIAN_POINT('',(0.00612781829250533,-0.0338670893920506,0.0301944929285997));
#6801=CARTESIAN_POINT('',(0.00612410679802195,-0.0338677608009145,0.0301998434112567));
#6802=CARTESIAN_POINT('',(0.00611202749935989,-0.0338699435460589,0.0302172301457731));
#6803=CARTESIAN_POINT('',(0.00610271488912651,-0.033871623453628,0.0302306016841776));
#6804=CARTESIAN_POINT('',(0.00607099614919574,-0.0338773280582423,0.030276057445571));
#6805=CARTESIAN_POINT('',(0.00604480925002073,-0.0338820184821611,0.0303134828147404));
#6806=CARTESIAN_POINT('',(0.0059823409225322,-0.0338931039059753,0.0304025766095602));
#6807=CARTESIAN_POINT('',(0.00595952979405209,-0.0338971166064237,0.0304351065174653));
#6808=CARTESIAN_POINT('',(0.00591045266468764,-0.0339057083526383,0.030505092048208));
#6809=CARTESIAN_POINT('',(0.00588757084194825,-0.0339096868532629,0.0305377210747165));
#6810=CARTESIAN_POINT('',(0.00582390100889817,-0.0339207004889316,0.0306285169376543));
#6811=CARTESIAN_POINT('',(0.00578808890252862,-0.0339268152212018,0.0306795925639738));
#6812=CARTESIAN_POINT('',(0.00575892226322487,-0.0339317654030281,0.0307212132218858));
#6813=CARTESIAN_POINT('',(0.00575775559765272,-0.0339319634103011,0.0307228780482023));
#6814=CARTESIAN_POINT('',(0.00575658893208057,-0.0339321614175742,0.0307245428745187));
#6815=CARTESIAN_POINT('',(0.00575542226650842,-0.0339323594248472,0.0307262077008352));
#6816=CARTESIAN_POINT('',(0.00626024665599021,-0.0338415559494489,0.0299897262548213));
#6817=CARTESIAN_POINT('',(0.00622880663687033,-0.0338473719431005,0.0300435529530279));
#6818=CARTESIAN_POINT('',(0.00618880700626555,-0.0338547293931574,0.0301057130617028));
#6819=CARTESIAN_POINT('',(0.00613415941348685,-0.0338646382476508,0.0301850182375371));
#6820=CARTESIAN_POINT('',(0.00613438288345666,-0.0338645973817332,0.0301846821543155));
#6821=CARTESIAN_POINT('',(0.00612758991256158,-0.033865827186874,0.0301944929285997));
#6822=CARTESIAN_POINT('',(0.00612387855640328,-0.0338664985707149,0.0301998434112567));
#6823=CARTESIAN_POINT('',(0.0061117997079291,-0.0338686812345098,0.0302172301457731));
#6824=CARTESIAN_POINT('',(0.00610248744477086,-0.0338703610794698,0.0302306016841776));
#6825=CARTESIAN_POINT('',(0.00607076988697763,-0.0338760654714771,0.030276057445571));
#6826=CARTESIAN_POINT('',(0.00604458396377193,-0.0338807557205866,0.0303134828147404));
#6827=CARTESIAN_POINT('',(0.00598211796443878,-0.0338918407312541,0.0304025766095602));
#6828=CARTESIAN_POINT('',(0.00595930768611512,-0.0338958532821517,0.0304351065174653));
#6829=CARTESIAN_POINT('',(0.00591023238582449,-0.0339044447081573,0.030505092048208));
#6830=CARTESIAN_POINT('',(0.00588735141587628,-0.0339084230605057,0.0305377210747165));
#6831=CARTESIAN_POINT('',(0.00582368395576094,-0.033919436285703,0.0306285169376543));
#6832=CARTESIAN_POINT('',(0.00578787318408635,-0.033925550790081,0.0306795925639735));
#6833=CARTESIAN_POINT('',(0.00575870763180472,-0.0339305007874171,0.0307212132218858));
#6834=CARTESIAN_POINT('',(0.00575754100971346,-0.0339306987873106,0.0307228780482023));
#6835=CARTESIAN_POINT('',(0.00575637438762219,-0.033930896787204,0.0307245428745188));
#6836=CARTESIAN_POINT('',(0.00575520776553093,-0.0339310947870974,0.0307262077008353));
#6837=CARTESIAN_POINT('',(0.0062720308362113,-0.0339052578435796,0.0299897264908105));
#6838=CARTESIAN_POINT('',(0.00628358149874849,-0.0339676984729402,0.0299897264318131));
#6839=CARTESIAN_POINT('',(0.00628358135161803,-0.0339676985001574,0.0299897263071424));
#6840=CARTESIAN_POINT('',(0.00613372328375682,-0.033995420288862,0.0302453371282917));
#6841=CARTESIAN_POINT('',(0.00595054357043186,-0.0340280594452161,0.0304789888873493));
#6842=CARTESIAN_POINT('',(0.00578017254720269,-0.0340569749291472,0.0307212137218862));
#6843=CARTESIAN_POINT('',(0.0068109918914452,-0.0338665350565702,0.0307212137218862));
#6844=CARTESIAN_POINT('',(0.00665970305259067,-0.0338969611705196,0.0305102404726389));
#6845=CARTESIAN_POINT('',(0.00657183759872285,-0.0339137636173866,0.0303882667629182));
#6846=CARTESIAN_POINT('',(0.00654165308630823,-0.0339195905043666,0.0303470482109413));
#6847=CARTESIAN_POINT('',(0.00653352269371205,-0.0339211646848802,0.0303362651362614));
#6848=CARTESIAN_POINT('',(0.00648851464801046,-0.0339298026818691,0.0302760993997938));
#6849=CARTESIAN_POINT('',(0.00645572819764403,-0.0339360767231337,0.030232303542522));
#6850=CARTESIAN_POINT('',(0.00640187098843509,-0.0339462512701399,0.0301604174846349));
#6851=CARTESIAN_POINT('',(0.00639976223063748,-0.0339466476768827,0.0301575416710736));
#6852=CARTESIAN_POINT('',(0.00638767452648393,-0.0339489242723655,0.0301411627720123));
#6853=CARTESIAN_POINT('',(0.00638189484406473,-0.0339500111483864,0.0301332646662954));
#6854=CARTESIAN_POINT('',(0.00636534853668923,-0.0339531187265888,0.0301104443805869));
#6855=CARTESIAN_POINT('',(0.00635537465885395,-0.0339549864159494,0.0300963962320367));
#6856=CARTESIAN_POINT('',(0.00632862559043739,-0.033959985785233,0.0300577479121529));
#6857=CARTESIAN_POINT('',(0.00631388464688373,-0.0339627385589702,0.0300356053526948));
#6858=CARTESIAN_POINT('',(0.00628369704458068,-0.0339683228719811,0.0299897264908105));
#6859=CARTESIAN_POINT('',(0.00628224800304759,-0.0339685909257803,0.0299875242497814));
#6860=CARTESIAN_POINT('',(0.00628079896151451,-0.0339688589795795,0.0299853220087523));
#6861=CARTESIAN_POINT('',(0.00627934991998142,-0.0339691270333788,0.0299831197677233));
#6862=CARTESIAN_POINT('',(0.00681086669168984,-0.0338659125214135,0.0307212137218862));
#6863=CARTESIAN_POINT('',(0.00665958063383285,-0.0338963380760689,0.0305102404726443));
#6864=CARTESIAN_POINT('',(0.00657171679510529,-0.0339131402140738,0.0303882667629182));
#6865=CARTESIAN_POINT('',(0.00654153283754283,-0.0339189669939439,0.0303470482109413));
#6866=CARTESIAN_POINT('',(0.00653340259439966,-0.033920541145521,0.0303362651362614));
#6867=CARTESIAN_POINT('',(0.00648839537603663,-0.033929178983726,0.0302760993997938));
#6868=CARTESIAN_POINT('',(0.00645560952835122,-0.0339354529096611,0.030232303542522));
#6869=CARTESIAN_POINT('',(0.00640175330914632,-0.0339456272696386,0.0301604174846349));
#6870=CARTESIAN_POINT('',(0.00639964459011193,-0.0339460236690946,0.0301575416710736));
#6871=CARTESIAN_POINT('',(0.00638755710815474,-0.033948300222729,0.0301411627720123));
#6872=CARTESIAN_POINT('',(0.00638177753197774,-0.033949387078771,0.0301332646662954));
#6873=CARTESIAN_POINT('',(0.00636523152875671,-0.0339524945998499,0.0301104443805869));
#6874=CARTESIAN_POINT('',(0.00635525783426141,-0.0339543622548785,0.0300963962320367));
#6875=CARTESIAN_POINT('',(0.00632850925754663,-0.0339593615322636,0.0300577479121529));
#6876=CARTESIAN_POINT('',(0.00631376858391613,-0.0339621142555926,0.0300356053511006));
#6877=CARTESIAN_POINT('',(0.00628358153756712,-0.0339676984657593,0.0299897264908105));
#6878=CARTESIAN_POINT('',(0.0062821325227205,-0.0339679665146219,0.0299875242498579));
#6879=CARTESIAN_POINT('',(0.00628068350787388,-0.0339682345634844,0.0299853220089054));
#6880=CARTESIAN_POINT('',(0.00627923449302727,-0.033968502612347,0.0299831197679528));
#6881=CARTESIAN_POINT('',(0.00678582674061745,-0.0337414054900847,0.0307212137218862));
#6882=CARTESIAN_POINT('',(0.00663509688226902,-0.0337717191859292,0.030510240473717));
#6883=CARTESIAN_POINT('',(0.00654755607159387,-0.0337884595515221,0.0303882667629182));
#6884=CARTESIAN_POINT('',(0.00651748308446363,-0.0337942649094073,0.0303470482109413));
#6885=CARTESIAN_POINT('',(0.00650938273192025,-0.0337958332736624,0.0303362651362614));
#6886=CARTESIAN_POINT('',(0.00646454098127179,-0.0338044393551094,0.0302760993997938));
#6887=CARTESIAN_POINT('',(0.00643187566979111,-0.0338106902151403,0.030232303542522));
#6888=CARTESIAN_POINT('',(0.0063782174513921,-0.0338208271693826,0.0301604174846349));
#6889=CARTESIAN_POINT('',(0.00637611648500122,-0.0338212221114876,0.0301575416710736));
#6890=CARTESIAN_POINT('',(0.00636407344231594,-0.0338234902954395,0.0301411627720123));
#6891=CARTESIAN_POINT('',(0.00635831511458077,-0.0338245731556873,0.0301332646662954));
#6892=CARTESIAN_POINT('',(0.00634182994225393,-0.0338276692520563,0.0301104443805869));
#6893=CARTESIAN_POINT('',(0.00633189291575309,-0.0338295300407062,0.0300963962320367));
#6894=CARTESIAN_POINT('',(0.00630524267939388,-0.0338345109383949,0.0300577479121529));
#6895=CARTESIAN_POINT('',(0.00629055599039632,-0.0338372535800836,0.0300356050322555));
#6896=CARTESIAN_POINT('',(0.00626048013485548,-0.0338428172213999,0.0299897264908105));
#6897=CARTESIAN_POINT('',(0.00625903645730255,-0.0338430842829327,0.0299875242651629));
#6898=CARTESIAN_POINT('',(0.00625759277974961,-0.0338433513444655,0.0299853220395153));
#6899=CARTESIAN_POINT('',(0.00625614910219668,-0.0338436184059983,0.0299831198138677));
#6900=CARTESIAN_POINT('',(0.00678570028886453,-0.0337407767295765,0.0307212137218862));
#6901=CARTESIAN_POINT('',(0.00663497323932363,-0.033771089860534,0.0305102404737225));
#6902=CARTESIAN_POINT('',(0.00654743405994014,-0.0337878299141762,0.0303882667629182));
#6903=CARTESIAN_POINT('',(0.00651736163321058,-0.0337936351638804,0.0303470482109413));
#6904=CARTESIAN_POINT('',(0.00650926143161473,-0.0337952034989095,0.0303362651362614));
#6905=CARTESIAN_POINT('',(0.00646442051657823,-0.0338038094199849,0.0302760993997938));
#6906=CARTESIAN_POINT('',(0.00643175581380538,-0.033810060163533,0.030232303542522));
#6907=CARTESIAN_POINT('',(0.00637809859531044,-0.0338201969288763,0.0301604174846349));
#6908=CARTESIAN_POINT('',(0.00637599766807041,-0.0338205918636217,0.0301575416710736));
#6909=CARTESIAN_POINT('',(0.00636395484980345,-0.0338228600053067,0.0301411627720123));
#6910=CARTESIAN_POINT('',(0.00635819662937291,-0.0338239428453757,0.0301332646662954));
#6911=CARTESIAN_POINT('',(0.00634171176424209,-0.0338270388840499,0.0301104443805869));
#6912=CARTESIAN_POINT('',(0.00633177492291463,-0.0338288996380246,0.0300963962320367));
#6913=CARTESIAN_POINT('',(0.00630512518317421,-0.0338338804428959,0.0300577479121529));
#6914=CARTESIAN_POINT('',(0.00629043876679905,-0.0338366230336723,0.0300356050306454));
#6915=CARTESIAN_POINT('',(0.00626036347277178,-0.0338421865711159,0.0299897264908105));
#6916=CARTESIAN_POINT('',(0.00625891982217218,-0.0338424536276626,0.0299875242652402));
#6917=CARTESIAN_POINT('',(0.00625747617157258,-0.0338427206842094,0.0299853220396699));
#6918=CARTESIAN_POINT('',(0.00625603252097299,-0.0338429877407562,0.0299831198140995));
#6919=CARTESIAN_POINT('',(0.00681086669168984,-0.0338659125214135,0.0307212137218862));
#6920=CARTESIAN_POINT('',(0.00663578254272241,-0.0339011241755419,0.0304770532729879));
#6921=CARTESIAN_POINT('',(0.00644912349809244,-0.0339370753608526,0.0302413203827123));
#6922=CARTESIAN_POINT('',(0.00628358145992986,-0.0339676984801212,0.0299897263728158));
#6923=CARTESIAN_POINT('',(3.30643715532042E-18,4.68711497137172E-33,0.0329641));
#6924=CARTESIAN_POINT('',(3.30643715532042E-18,4.68711497137172E-33,0.0292878597769928));
#6925=CARTESIAN_POINT('',(0.00787020160091559,-0.0335050714931478,0.0297901133731287));
#6926=CARTESIAN_POINT('',(0.00714519303403759,-0.0336671368771735,0.0287856051602687));
#6927=CARTESIAN_POINT('',(3.30643715532042E-18,4.68711497137172E-33,0.0287856051602687));
#6928=CARTESIAN_POINT('',(0.00744488689080406,-0.0336021360657791,0.0287856051602687));
#6929=CARTESIAN_POINT('',(0.00744488689080407,-0.0336021360657791,0.0287856051602687));
#6930=CARTESIAN_POINT('',(0.0076327826518657,-0.033560505894244,0.0290533767442494));
#6931=CARTESIAN_POINT('',(0.00783209550647746,-0.0335144920097961,0.02931244838313));
#6932=CARTESIAN_POINT('',(0.00800878304361705,-0.033472216585704,0.0295879231491658));
#6933=CARTESIAN_POINT('',(0.00800878307249579,-0.0334722165787942,0.0295879231705996));
#6934=CARTESIAN_POINT('',(0.00800878315913213,-0.033472216558065,0.0295879232349008));
#6935=CARTESIAN_POINT('',(0.00802873675401498,-0.0334674423294332,0.0295594996873917));
#6936=CARTESIAN_POINT('',(0.0080740205176768,-0.0334566043198809,0.0294942882557893));
#6937=CARTESIAN_POINT('',(0.00816329714329492,-0.03343488243782,0.0293646826209213));
#6938=CARTESIAN_POINT('',(0.0082150454615816,-0.0334222104185865,0.029289408955146));
#6939=CARTESIAN_POINT('',(0.00827694294116613,-0.0334069198831295,0.0291992099446883));
#6940=CARTESIAN_POINT('',(0.00826989832805015,-0.0334086807510498,0.0292094748251449));
#6941=CARTESIAN_POINT('',(0.00835908985469746,-0.0333864802009325,0.0290793632327909));
#6942=CARTESIAN_POINT('',(0.00836648967985043,-0.0333846007226151,0.0290685628035246));
#6943=CARTESIAN_POINT('',(0.00841671235184252,-0.0333719987165001,0.0289953106728669));
#6944=CARTESIAN_POINT('',(0.00847280612007967,-0.0333578067239917,0.0289134994126018));
#6945=CARTESIAN_POINT('',(0.00853025366935692,-0.0333431497431744,0.0288296978281198));
#6946=CARTESIAN_POINT('',(0.00856047345826534,-0.0333353893508136,0.0287856052852687));
#6947=CARTESIAN_POINT('',(0.00856047345826541,-0.0333353893508135,0.0287856052852688));
#6948=CARTESIAN_POINT('',(3.30643715532042E-18,4.68711497137172E-33,0.0287856051602687));
#6949=CARTESIAN_POINT('',(0.00886211173299901,-0.0332564710189136,0.0287856051602687));
#6950=CARTESIAN_POINT('',(3.30643715532042E-18,4.68711497137172E-33,0.0292923650785455));
#6951=CARTESIAN_POINT('',(0.008162186007546,-0.0334351403253855,0.0297991263261385));
#6952=CARTESIAN_POINT('',(3.30643715532042E-18,4.68711497137172E-33,0.0302601693593592));
#6953=CARTESIAN_POINT('',(0.00881251002757495,-0.0332696491717885,0.0307212137218862));
#6954=CARTESIAN_POINT('',(3.30643715532042E-18,4.68711497137172E-33,0.0307212137218862));
#6955=CARTESIAN_POINT('',(0.00853934470207803,-0.0333408080444834,0.0307212137218862));
#6956=CARTESIAN_POINT('',(0.00853934470207802,-0.0333408080444834,0.0307212137218862));
#6957=CARTESIAN_POINT('',(0.00836750636513466,-0.0333848197789991,0.0304763648002089));
#6958=CARTESIAN_POINT('',(0.00818252410863551,-0.0334305929390196,0.0302412130269755));
#6959=CARTESIAN_POINT('',(0.00801876583151131,-0.0334698264641362,0.029989726371597));
#6960=CARTESIAN_POINT('',(0.00801876577841341,-0.0334698264768575,0.0299897263400108));
#6961=CARTESIAN_POINT('',(0.00801876572531551,-0.0334698264895787,0.0299897263084245));
#6962=CARTESIAN_POINT('',(0.00787401241934097,-0.0335045067664226,0.0302470307195407));
#6963=CARTESIAN_POINT('',(0.00769059245765027,-0.0335471956621134,0.0304789912802342));
#6964=CARTESIAN_POINT('',(0.00752253536008723,-0.0335848381082332,0.0307212137218862));
#6965=CARTESIAN_POINT('',(0.00752253536008723,-0.0335848381082332,0.0307212137218862));
#6966=CARTESIAN_POINT('',(3.30643715532042E-18,4.68711497137172E-33,0.0307212137218862));
#6967=CARTESIAN_POINT('',(0.00722675910192824,-0.0336497227608594,0.0307212137218862));
#6968=CARTESIAN_POINT('',(3.30643715532042E-18,4.68711497137172E-33,0.0302556640577956));
#6969=CARTESIAN_POINT('',(3.30643715532042E-18,4.68711497137172E-33,0.0287856051602687));
#6970=CARTESIAN_POINT('',(-0.000363184871277905,-8.11848282371632E-5,0.0287856051602687));
#6971=CARTESIAN_POINT('',(0.00717221775122389,-0.0337912300535069,0.0287856051602687));
#6972=CARTESIAN_POINT('',(3.30643715532042E-18,4.68711497137172E-33,0.0287856051602687));
#6973=CARTESIAN_POINT('',(0.00747235879815021,-0.0337261291877931,0.0287856051602687));
#6974=CARTESIAN_POINT('',(0.00744488689080407,-0.0336021360657791,0.0287856051602687));
#6975=CARTESIAN_POINT('',(0.00752207040749403,-0.0336504028155252,0.0292878597769903));
#6976=CARTESIAN_POINT('',(0.00788511142773138,-0.0335685842370139,0.029790111515641));
#6977=CARTESIAN_POINT('',(0.00789862263441496,-0.0336288521433472,0.0297901631076316));
#6978=CARTESIAN_POINT('',(3.30643715532042E-18,4.68711497137172E-33,0.0292878597769928));
#6979=CARTESIAN_POINT('',(0.00756275492790288,-0.0336408920410222,0.0302556640577991));
#6980=CARTESIAN_POINT('',(-0.000322320130638513,-7.24602710706082E-5,0.0307212137218862));
#6981=CARTESIAN_POINT('',(0.00725401602738115,-0.0337737647808843,0.0307212137218862));
#6982=CARTESIAN_POINT('',(3.30643715532042E-18,4.68711497137172E-33,0.0302556640577956));
#6983=CARTESIAN_POINT('',(3.30643715532042E-18,4.68711497137172E-33,0.0307212137218862));
#6984=CARTESIAN_POINT('',(0.00755029379315029,-0.0337087674001456,0.0307212137218862));
#6985=CARTESIAN_POINT('',(0.00755029379315029,-0.0337087674001455,0.0307212137218862));
#6986=CARTESIAN_POINT('',(3.30643715532042E-18,4.68711497137172E-33,0.0307212137218862));
#6987=CARTESIAN_POINT('',(0.00804865119241991,-0.0335945664260704,0.0299897262548213));
#6988=CARTESIAN_POINT('',(0.00801159400328878,-0.0336034446591068,0.0300553522151989));
#6989=CARTESIAN_POINT('',(0.00797427923590748,-0.0336123289851748,0.03011115198729));
#6990=CARTESIAN_POINT('',(0.00792398525824526,-0.0336241902499543,0.0301843681249327));
#6991=CARTESIAN_POINT('',(0.00792449110962937,-0.0336240706943876,0.0301836226743066));
#6992=CARTESIAN_POINT('',(0.00791832434995681,-0.0336255234739424,0.0301925636358505));
#6993=CARTESIAN_POINT('',(0.00791487945983267,-0.0336263345876476,0.0301975512495065));
#6994=CARTESIAN_POINT('',(0.00790346002372722,-0.0336290211006963,0.0302140654891267));
#6995=CARTESIAN_POINT('',(0.00789440072805985,-0.0336311497419953,0.030227143513743));
#6996=CARTESIAN_POINT('',(0.00786288136552098,-0.0336385380450438,0.0302725831822008));
#6997=CARTESIAN_POINT('',(0.00783608007078482,-0.033644801208401,0.0303111504206508));
#6998=CARTESIAN_POINT('',(0.00777088151670885,-0.0336599197812747,0.0304048331498406));
#6999=CARTESIAN_POINT('',(0.00774982757834731,-0.0336647661031763,0.0304350766782563));
#7000=CARTESIAN_POINT('',(0.00770109769773626,-0.0336759468838755,0.0305050695219218));
#7001=CARTESIAN_POINT('',(0.00767837475226302,-0.0336811328165053,0.0305377019558028));
#7002=CARTESIAN_POINT('',(0.00761513889781554,-0.0336955072376917,0.0306285072935903));
#7003=CARTESIAN_POINT('',(0.00757955931606248,-0.0337035137987755,0.0306795882401454));
#7004=CARTESIAN_POINT('',(0.00755057172568068,-0.0337100066150728,0.0307212132218858));
#7005=CARTESIAN_POINT('',(0.0075494122220654,-0.0337102663277247,0.0307228782211554));
#7006=CARTESIAN_POINT('',(0.00754825271845013,-0.0337105260403766,0.030724543220425));
#7007=CARTESIAN_POINT('',(0.00754709321483486,-0.0337107857530285,0.0307262082196946));
#7008=CARTESIAN_POINT('',(0.00804835529700458,-0.0335933313771227,0.0299897262548213));
#7009=CARTESIAN_POINT('',(0.008011299470947,-0.0336022092835913,0.0300553522139067));
#7010=CARTESIAN_POINT('',(0.00797398607465474,-0.0336110932832158,0.03011115198729));
#7011=CARTESIAN_POINT('',(0.00792369394596783,-0.0336229541119355,0.0301843681249327));
#7012=CARTESIAN_POINT('',(0.00792419977875515,-0.0336228345607641,0.0301836226743066));
#7013=CARTESIAN_POINT('',(0.00791803324579336,-0.0336242872869098,0.0301925636358505));
#7014=CARTESIAN_POINT('',(0.00791458848231494,-0.0336250983707958,0.0301975512495065));
#7015=CARTESIAN_POINT('',(0.00790316946602626,-0.0336277847850792,0.0302140654891267));
#7016=CARTESIAN_POINT('',(0.00789411050340899,-0.0336299133481222,0.030227143513743));
#7017=CARTESIAN_POINT('',(0.00786259229962761,-0.0336373013795519,0.0302725831822008));
#7018=CARTESIAN_POINT('',(0.00783579199019695,-0.0336435643126542,0.0303111504206508));
#7019=CARTESIAN_POINT('',(0.00777059583303852,-0.0336586823297185,0.0304048331498406));
#7020=CARTESIAN_POINT('',(0.00774954266869037,-0.033663528473453,0.0304350766782563));
#7021=CARTESIAN_POINT('',(0.00770081457955319,-0.0336747088431092,0.0305050695219218));
#7022=CARTESIAN_POINT('',(0.00767809246945164,-0.0336798945850868,0.0305377019558028));
#7023=CARTESIAN_POINT('',(0.00761485893976629,-0.0336942684778211,0.0306285072935903));
#7024=CARTESIAN_POINT('',(0.00757928066603821,-0.0337022747445569,0.0306795882401451));
#7025=CARTESIAN_POINT('',(0.00755029414133724,-0.0337087673221565,0.0307212132218858));
#7026=CARTESIAN_POINT('',(0.00754913468034921,-0.0337090270252605,0.0307228782211555));
#7027=CARTESIAN_POINT('',(0.00754797521936117,-0.0337092867283645,0.030724543220425));
#7028=CARTESIAN_POINT('',(0.00754681575837313,-0.0337095464314685,0.0307262082196947));
#7029=CARTESIAN_POINT('',(0.00801876575547147,-0.0334698264823539,0.0299897262548213));
#7030=CARTESIAN_POINT('',(0.00798184623676853,-0.0334786717320429,0.0300553520846797));
#7031=CARTESIAN_POINT('',(0.00794466994938027,-0.0334875230873217,0.03011115198729));
#7032=CARTESIAN_POINT('',(0.0078945627182253,-0.0334993403100533,0.0301843681249327));
#7033=CARTESIAN_POINT('',(0.00789506669133326,-0.0334992211984083,0.0301836226743066));
#7034=CARTESIAN_POINT('',(0.00788892282944853,-0.0335006685836491,0.0301925636358505));
#7035=CARTESIAN_POINT('',(0.00788549073054172,-0.033501476685609,0.0301975512495065));
#7036=CARTESIAN_POINT('',(0.00787411369593058,-0.0335041532233694,0.0302140654891267));
#7037=CARTESIAN_POINT('',(0.00786508803832292,-0.033506273960813,0.030227143513743));
#7038=CARTESIAN_POINT('',(0.00783368571029074,-0.0335136348303624,0.0302725831822008));
#7039=CARTESIAN_POINT('',(0.00780698393140946,-0.0335198747379754,0.0303111504206508));
#7040=CARTESIAN_POINT('',(0.00774202746600529,-0.0335349371740945,0.0304048331498406));
#7041=CARTESIAN_POINT('',(0.00772105170299666,-0.0335397655011241,0.0304350766782563));
#7042=CARTESIAN_POINT('',(0.00767250276124601,-0.0335509047664801,0.0305050695219218));
#7043=CARTESIAN_POINT('',(0.00764986418831395,-0.0335560714432298,0.0305377019558028));
#7044=CARTESIAN_POINT('',(0.00758686313484067,-0.0335703924907703,0.0306285072935903));
#7045=CARTESIAN_POINT('',(0.00755141566361154,-0.033578369322697,0.0306795882401134));
#7046=CARTESIAN_POINT('',(0.00752253570699409,-0.033584838030531,0.0307212132218858));
#7047=CARTESIAN_POINT('',(0.00752138050872939,-0.0335850967788443,0.0307228782211567));
#7048=CARTESIAN_POINT('',(0.0075202253104647,-0.0335853555271577,0.0307245432204276));
#7049=CARTESIAN_POINT('',(0.0075190701122,-0.033585614275471,0.0307262082196985));
#7050=CARTESIAN_POINT('',(0.00801846690110199,-0.0334685790829167,0.0299897262548213));
#7051=CARTESIAN_POINT('',(0.00798154875910332,-0.0334774240027722,0.0300553520833745));
#7052=CARTESIAN_POINT('',(0.007944373856515,-0.0334862750283431,0.03011115198729));
#7053=CARTESIAN_POINT('',(0.0078942684928251,-0.0334980918106543,0.0301843681249327));
#7054=CARTESIAN_POINT('',(0.0078947724471503,-0.0334979727034486,0.0301836226743066));
#7055=CARTESIAN_POINT('',(0.00788862881424345,-0.0334994200347462,0.0301925636358505));
#7056=CARTESIAN_POINT('',(0.00788519684324881,-0.0335002281065886,0.0301975512495065));
#7057=CARTESIAN_POINT('',(0.00787382023265261,-0.0335029045445961,0.0302140654891267));
#7058=CARTESIAN_POINT('',(0.00786479491142555,-0.0335050252030011,0.030227143513743));
#7059=CARTESIAN_POINT('',(0.00783339375373844,-0.0335123857982156,0.0302725831822008));
#7060=CARTESIAN_POINT('',(0.0078066929700157,-0.0335186254732711,0.0303111504206508));
#7061=CARTESIAN_POINT('',(0.00774173892549826,-0.0335336873480227,0.0304048331498406));
#7062=CARTESIAN_POINT('',(0.00772076394424315,-0.0335385154951036,0.0304350766782563));
#7063=CARTESIAN_POINT('',(0.00767221681188111,-0.0335496543453061,0.0305050695219218));
#7064=CARTESIAN_POINT('',(0.00764957908267446,-0.0335548208294971,0.0305377019558028));
#7065=CARTESIAN_POINT('',(0.00758658037721092,-0.0335691413433011,0.0306285072935903));
#7066=CARTESIAN_POINT('',(0.00755113422708703,-0.0335771178779362,0.030679588240113));
#7067=CARTESIAN_POINT('',(0.00752225534680723,-0.0335835863446855,0.0307212132218858));
#7068=CARTESIAN_POINT('',(0.00752110019159603,-0.0335838450833555,0.0307228782211567));
#7069=CARTESIAN_POINT('',(0.00751994503638484,-0.0335841038220255,0.0307245432204276));
#7070=CARTESIAN_POINT('',(0.00751878988117365,-0.0335843625606955,0.0307262082196985));
#7071=CARTESIAN_POINT('',(0.00803356067859828,-0.0335315788932355,0.0299897264883729));
#7072=CARTESIAN_POINT('',(0.00804835535829,-0.0335933313624399,0.029989726398224));
#7073=CARTESIAN_POINT('',(0.00804835526693457,-0.0335933313843269,0.0299897263080753));
#7074=CARTESIAN_POINT('',(0.00790301634518677,-0.0336281519641306,0.0302471218741213));
#7075=CARTESIAN_POINT('',(0.00771896369471403,-0.0336709876944758,0.0304790018103477));
#7076=CARTESIAN_POINT('',(0.00755029379315029,-0.0337087674001455,0.0307212137218862));
#7077=CARTESIAN_POINT('',(0.0085710143271438,-0.0334644581519562,0.0307212137218862));
#7078=CARTESIAN_POINT('',(0.00842391383600753,-0.033502133957473,0.0305123877163665));
#7079=CARTESIAN_POINT('',(0.00833722895573238,-0.0335234779221748,0.0303901167963694));
#7080=CARTESIAN_POINT('',(0.00830969799807331,-0.0335303022349153,0.0303521680238912));
#7081=CARTESIAN_POINT('',(0.00830121809103533,-0.0335324030410844,0.0303405179363437));
#7082=CARTESIAN_POINT('',(0.00829067239679161,-0.0335350119533859,0.0303261364400491));
#7083=CARTESIAN_POINT('',(0.00828525077329505,-0.0335363518967836,0.0303187793342822));
#7084=CARTESIAN_POINT('',(0.00826853941542425,-0.0335404775401355,0.0302962089441223));
#7085=CARTESIAN_POINT('',(0.00825680319633287,-0.0335433690651447,0.0302804965868704));
#7086=CARTESIAN_POINT('',(0.0082198072345966,-0.0335524613117964,0.0302313632236787));
#7087=CARTESIAN_POINT('',(0.00819925392842361,-0.0335574883286187,0.0302042519431054));
#7088=CARTESIAN_POINT('',(0.00815401911030023,-0.0335685084604158,0.0301449167436393));
#7089=CARTESIAN_POINT('',(0.00814029547586862,-0.0335718381718016,0.0301255140958827));
#7090=CARTESIAN_POINT('',(0.00809758686461462,-0.0335821651422016,0.0300638948216496));
#7091=CARTESIAN_POINT('',(0.00807410915312165,-0.0335878207181186,0.0300289021656512));
#7092=CARTESIAN_POINT('',(0.00804850487683299,-0.0335939550402706,0.0299897264883729));
#7093=CARTESIAN_POINT('',(0.00804727583566593,-0.0335942494963361,0.0299878460009269));
#7094=CARTESIAN_POINT('',(0.00804604679449887,-0.0335945439524017,0.029985965513481));
#7095=CARTESIAN_POINT('',(0.00804481775333181,-0.0335948384084672,0.0299840850260351));
#7096=CARTESIAN_POINT('',(0.00857085519913367,-0.0334638368564557,0.0307212137218862));
#7097=CARTESIAN_POINT('',(0.00842375743904411,-0.0335015119624889,0.0305123877163718));
#7098=CARTESIAN_POINT('',(0.00833707416814213,-0.0335228555309232,0.0303901167963694));
#7099=CARTESIAN_POINT('',(0.00830954372161819,-0.0335296797169647,0.0303521680238912));
#7100=CARTESIAN_POINT('',(0.00830106397201673,-0.0335317804841305,0.0303405179363437));
#7101=CARTESIAN_POINT('',(0.0082905184735626,-0.0335343893479954,0.0303261364400491));
#7102=CARTESIAN_POINT('',(0.00828509695072299,-0.033535729266516,0.0303187793342822));
#7103=CARTESIAN_POINT('',(0.00826838590311245,-0.0335398548332719,0.0302962089441223));
#7104=CARTESIAN_POINT('',(0.00825664990191374,-0.0335427463045975,0.0302804965868704));
#7105=CARTESIAN_POINT('',(0.00821965462703826,-0.0335518383824441,0.0302313632236787));
#7106=CARTESIAN_POINT('',(0.0081991017024545,-0.0335568653059356,0.0302042519431054));
#7107=CARTESIAN_POINT('',(0.00815386772415315,-0.0335678852331348,0.0301449167436393));
#7108=CARTESIAN_POINT('',(0.00814014434451223,-0.0335712148827017,0.0301255140958827));
#7109=CARTESIAN_POINT('',(0.00809743652617912,-0.0335815416613729,0.0300638948216496));
#7110=CARTESIAN_POINT('',(0.00807395925056938,-0.0335871971322895,0.0300289021656512));
#7111=CARTESIAN_POINT('',(0.00804835544964542,-0.0335933313405527,0.0299897264883729));
#7112=CARTESIAN_POINT('',(0.00804712643129653,-0.0335936257911514,0.0299878460009269));
#7113=CARTESIAN_POINT('',(0.00804589741294764,-0.0335939202417501,0.029985965513481));
#7114=CARTESIAN_POINT('',(0.00804466839459875,-0.0335942146923488,0.0299840850260351));
#7115=CARTESIAN_POINT('',(0.00853934470207803,-0.0333408080444834,0.0307212137218862));
#7116=CARTESIAN_POINT('',(0.0083927877433171,-0.0333783446389079,0.0305123877174263));
#7117=CARTESIAN_POINT('',(0.00830642316017102,-0.0333996097385301,0.0303901167963694));
#7118=CARTESIAN_POINT('',(0.008278993928524,-0.0334064088356523,0.0303521680238912));
#7119=CARTESIAN_POINT('',(0.00827054535447256,-0.0334085018794094,0.0303405179363437));
#7120=CARTESIAN_POINT('',(0.00826003862623333,-0.033411101151863,0.0303261364400491));
#7121=CARTESIAN_POINT('',(0.00825463703546298,-0.0334124361442126,0.0303187793342822));
#7122=CARTESIAN_POINT('',(0.00823798742552748,-0.0334165465434437,0.0302962089441223));
#7123=CARTESIAN_POINT('',(0.008226294571392,-0.03341942738436,0.0302804965868704));
#7124=CARTESIAN_POINT('',(0.0081894353085565,-0.0334284860354498,0.0302313632236787));
#7125=CARTESIAN_POINT('',(0.00816895794619548,-0.033433494477605,0.0302042519431054));
#7126=CARTESIAN_POINT('',(0.00812389026928494,-0.0334444738903659,0.0301449167436393));
#7127=CARTESIAN_POINT('',(0.00811021734324564,-0.0334477912985741,0.0301255140958827));
#7128=CARTESIAN_POINT('',(0.00806766653895052,-0.0334580801111473,0.0300638948216496));
#7129=CARTESIAN_POINT('',(0.00804427557685141,-0.033463714789892,0.0300289021656472));
#7130=CARTESIAN_POINT('',(0.00801876590755113,-0.0334698264459184,0.0299897264883729));
#7131=CARTESIAN_POINT('',(0.00801754140765218,-0.0334701198139781,0.0299878460009271));
#7132=CARTESIAN_POINT('',(0.00801631690775323,-0.0334704131820378,0.0299859655134814));
#7133=CARTESIAN_POINT('',(0.00801509240785428,-0.0334707065500976,0.0299840850260357));
#7134=CARTESIAN_POINT('',(0.00853918714959276,-0.0333401929004235,0.0307212137218862));
#7135=CARTESIAN_POINT('',(0.00839263289483846,-0.03337772880229,0.0305123877174316));
#7136=CARTESIAN_POINT('',(0.00830626990513117,-0.0333989935095681,0.0303901167963694));
#7137=CARTESIAN_POINT('',(0.00827884117955853,-0.0334057924812458,0.0303521680238912));
#7138=CARTESIAN_POINT('',(0.00827039276138484,-0.0334078854863858,0.0303405179363437));
#7139=CARTESIAN_POINT('',(0.00825988622699668,-0.0334104847108824,0.0303261364400491));
#7140=CARTESIAN_POINT('',(0.00825448473588668,-0.0334118196786011,0.0303187793342822));
#7141=CARTESIAN_POINT('',(0.00823783543313955,-0.0334159300019946,0.0302962089441223));
#7142=CARTESIAN_POINT('',(0.00822614279473939,-0.0334188107897588,0.0302804965868704));
#7143=CARTESIAN_POINT('',(0.00818928421196409,-0.0334278692737149,0.0302313632236787));
#7144=CARTESIAN_POINT('',(0.00816880722741418,-0.0334328776234634,0.0302042519431054));
#7145=CARTESIAN_POINT('',(0.00812374038201059,-0.0334438568336521,0.0301449167436393));
#7146=CARTESIAN_POINT('',(0.0081100677082393,-0.0334471741806534,0.0301255140958827));
#7147=CARTESIAN_POINT('',(0.00806751768901438,-0.0334574628033961,0.0300638948216496));
#7148=CARTESIAN_POINT('',(0.00804412715848282,-0.0334630973781801,0.0300289021656471));
#7149=CARTESIAN_POINT('',(0.00801861795984066,-0.0334692089214452,0.0299897264883729));
#7150=CARTESIAN_POINT('',(0.00801739348253396,-0.0334695022840922,0.0299878460009271));
#7151=CARTESIAN_POINT('',(0.00801616900522726,-0.0334697956467393,0.0299859655134814));
#7152=CARTESIAN_POINT('',(0.00801494452792055,-0.0334700890093863,0.0299840850260357));
#7153=CARTESIAN_POINT('',(0.00853934470207803,-0.0333408080444834,0.0307212137218862));
#7154=CARTESIAN_POINT('',(0.00857085519913367,-0.0334638368564557,0.0307212137218862));
#7155=CARTESIAN_POINT('',(0.00857085519913367,-0.0334638368564557,0.0307212137218863));
#7156=CARTESIAN_POINT('',(0.00839837943010276,-0.0335080118519311,0.0304763600553666));
#7157=CARTESIAN_POINT('',(0.00821274294368619,-0.0335539470664288,0.0302412513080982));
#7158=CARTESIAN_POINT('',(0.00804835537332498,-0.0335933313588377,0.029989726371597));
#7159=CARTESIAN_POINT('',(3.30643715532042E-18,4.68711497137172E-33,0.0307212137218862));
#7160=CARTESIAN_POINT('',(0.00882927740694519,-0.0333329868716581,0.0307212137218862));
#7161=CARTESIAN_POINT('',(0.00884444013718414,-0.0333925712496023,0.0307212137218862));
#7162=CARTESIAN_POINT('',(3.30643715532042E-18,4.68711497137172E-33,0.0307212137218862));
#7163=CARTESIAN_POINT('',(0.00850350557297054,-0.0334158876353891,0.0302601693593561));
#7164=CARTESIAN_POINT('',(0.00817782574930098,-0.0334991414163183,0.0297991278894573));
#7165=CARTESIAN_POINT('',(0.00819292088444018,-0.033558366816359,0.0297991594647732));
#7166=CARTESIAN_POINT('',(3.30643715532042E-18,4.68711497137172E-33,0.0302601693593592));
#7167=CARTESIAN_POINT('',(0.00852832310187095,-0.0334091691623509,0.0292923650785473));
#7168=CARTESIAN_POINT('',(0.00887893855916497,-0.0333196679272324,0.0287856051602687));
#7169=CARTESIAN_POINT('',(0.00889417571037764,-0.0333793585084094,0.0287856051602687));
#7170=CARTESIAN_POINT('',(3.30643715532042E-18,4.68711497137172E-33,0.0292923650785455));
#7171=CARTESIAN_POINT('',(3.30643715532042E-18,4.68711497137172E-33,0.0287856051602687));
#7172=CARTESIAN_POINT('',(0.00859206200719868,-0.0334583981455247,0.0287856051602687));
#7173=CARTESIAN_POINT('',(0.00859206200719868,-0.0334583981455247,0.0287856051602687));
#7174=CARTESIAN_POINT('',(3.30643715532042E-18,4.68711497137172E-33,0.0287856051602687));
#7175=CARTESIAN_POINT('',(0.0080383358327715,-0.0335957302798969,0.0295879232799545));
#7176=CARTESIAN_POINT('',(0.00807802299344801,-0.0335862344682831,0.0295315974579783));
#7177=CARTESIAN_POINT('',(0.00816398250558023,-0.0335656939091297,0.0294076074618069));
#7178=CARTESIAN_POINT('',(0.00831244844096058,-0.0335289639818603,0.0291919975475037));
#7179=CARTESIAN_POINT('',(0.00832966318548668,-0.0335246922242561,0.0291669836471497));
#7180=CARTESIAN_POINT('',(0.00836552803774537,-0.0335157607427378,0.0291148413600232));
#7181=CARTESIAN_POINT('',(0.00836763227114558,-0.0335152315392968,0.0291117797730837));
#7182=CARTESIAN_POINT('',(0.00839349417079232,-0.0335087676203711,0.0290741859417416));
#7183=CARTESIAN_POINT('',(0.0084129844982408,-0.0335038823162099,0.029045861170934));
#7184=CARTESIAN_POINT('',(0.00847819370262264,-0.0334874629860958,0.0289511002087724));
#7185=CARTESIAN_POINT('',(0.00853065156148213,-0.0334741682470304,0.028874877384436));
#7186=CARTESIAN_POINT('',(0.00859206166324807,-0.0334583982338507,0.0287856056602689));
#7187=CARTESIAN_POINT('',(0.00800878312750396,-0.0334722165656326,0.0295879232799545));
#7188=CARTESIAN_POINT('',(0.00804832438053264,-0.0334627556648441,0.0295315974565095));
#7189=CARTESIAN_POINT('',(0.0081339678640156,-0.0334422906226991,0.0294076074618069));
#7190=CARTESIAN_POINT('',(0.00828188796875117,-0.033405695731927,0.0291919975475037));
#7191=CARTESIAN_POINT('',(0.00829903942377533,-0.033401439679314,0.0291669836471497));
#7192=CARTESIAN_POINT('',(0.00833477241995954,-0.0333925410341248,0.0291148413600232));
#7193=CARTESIAN_POINT('',(0.00833686891720754,-0.0333920137762846,0.0291117797730837));
#7194=CARTESIAN_POINT('',(0.00836263573634088,-0.0333855736217668,0.0290741859417416));
#7195=CARTESIAN_POINT('',(0.00838205440817373,-0.0333807062782827,0.029045861170934));
#7196=CARTESIAN_POINT('',(0.00844702387283358,-0.0333643473133528,0.0289511002087724));
#7197=CARTESIAN_POINT('',(0.00849928887197402,-0.0333511014519901,0.0288748773843541));
#7198=CARTESIAN_POINT('',(0.00856047320125083,-0.0333353894168145,0.0287856056602689));
#7199=CARTESIAN_POINT('',(0.00802355931205432,-0.0335339734629815,0.0295879230183771));
#7200=CARTESIAN_POINT('',(0.00803833572067656,-0.0335957303694621,0.0295879230837715));
#7201=CARTESIAN_POINT('',(0.00803833586422342,-0.0335957302723715,0.0295879232353165));
#7202=CARTESIAN_POINT('',(0.0080581795706605,-0.0335909823363737,0.0295597601448278));
#7203=CARTESIAN_POINT('',(0.00810445626502333,-0.0335799015298449,0.0294933552911987));
#7204=CARTESIAN_POINT('',(0.00820411400272829,-0.0335556598626346,0.0293492132339185));
#7205=CARTESIAN_POINT('',(0.00827384774369068,-0.0335385492165754,0.0292480932040161));
#7206=CARTESIAN_POINT('',(0.00835410864980327,-0.0335186145163506,0.0291314511670372));
#7207=CARTESIAN_POINT('',(0.00838226745620678,-0.0335115750039855,0.0290904966155554));
#7208=CARTESIAN_POINT('',(0.00845307647753999,-0.0334938374853484,0.0289875999334582));
#7209=CARTESIAN_POINT('',(0.00853065186298493,-0.0334741681702779,0.0288748769462785));
#7210=CARTESIAN_POINT('',(0.00859206200719868,-0.0334583981455247,0.0287856051602687));
#7211=CARTESIAN_POINT('',(0.00747249615768694,-0.0337267491534032,0.0287856051602687));
#7212=CARTESIAN_POINT('',(0.00759284444208912,-0.0337000847960205,0.0289564806657706));
#7213=CARTESIAN_POINT('',(0.00768750484687019,-0.0336784665191297,0.0290899998715491));
#7214=CARTESIAN_POINT('',(0.00775878009513989,-0.0336620430697714,0.0291891683171161));
#7215=CARTESIAN_POINT('',(0.00776761974054403,-0.0336600047526195,0.0292014678621087));
#7216=CARTESIAN_POINT('',(0.0077781313872381,-0.0336575772821354,0.0292160952398182));
#7217=CARTESIAN_POINT('',(0.00778322458255398,-0.0336563998073711,0.0292231831329441));
#7218=CARTESIAN_POINT('',(0.00779801643616292,-0.0336529768281498,0.0292437694251347));
#7219=CARTESIAN_POINT('',(0.00780722736522665,-0.0336508407828925,0.0292565904370128));
#7220=CARTESIAN_POINT('',(0.00783291033548145,-0.0336448752700665,0.0292923439239));
#7221=CARTESIAN_POINT('',(0.00784743261079922,-0.0336414886511908,0.0293125668501621));
#7222=CARTESIAN_POINT('',(0.00788320733512919,-0.0336331302328317,0.0293623974339602));
#7223=CARTESIAN_POINT('',(0.00789666852624958,-0.0336299634773548,0.0293811668965079));
#7224=CARTESIAN_POINT('',(0.0079001350106676,-0.0336291491752763,0.0293860252493917));
#7225=CARTESIAN_POINT('',(0.00790753274442149,-0.0336274106594113,0.0293963975941753));
#7226=CARTESIAN_POINT('',(0.00791494037423829,-0.0336256678838212,0.0294067965058531));
#7227=CARTESIAN_POINT('',(0.00791851906619053,-0.0336248252883345,0.0294118248176488));
#7228=CARTESIAN_POINT('',(0.00792887985718222,-0.0336223842380526,0.029426396320906));
#7229=CARTESIAN_POINT('',(0.00793528667327027,-0.0336208725278093,0.0294354260802378));
#7230=CARTESIAN_POINT('',(0.00795300659136278,-0.0336166869393878,0.0294604616297141));
#7231=CARTESIAN_POINT('',(0.00796281919434844,-0.033614362737372,0.0294744136913395));
#7232=CARTESIAN_POINT('',(0.00798625869373112,-0.0336088044606346,0.0295080549621397));
#7233=CARTESIAN_POINT('',(0.00801203127269324,-0.0336026770056025,0.0295468336589023));
#7234=CARTESIAN_POINT('',(0.00803848342790179,-0.0335963478887597,0.0295879230183771));
#7235=CARTESIAN_POINT('',(0.00803975317370315,-0.033596044081018,0.0295898953734182));
#7236=CARTESIAN_POINT('',(0.00804102291950451,-0.0335957402732763,0.0295918677284593));
#7237=CARTESIAN_POINT('',(0.00804229266530587,-0.0335954364655346,0.0295938400835004));
#7238=CARTESIAN_POINT('',(0.00747235879815021,-0.0337261291877931,0.0287856051602687));
#7239=CARTESIAN_POINT('',(0.00759270487030596,-0.0336994653205556,0.0289564806657671));
#7240=CARTESIAN_POINT('',(0.0076873635350405,-0.0336778474410517,0.0290899998715491));
#7241=CARTESIAN_POINT('',(0.00775863747312751,-0.0336614242935896,0.0291891683171161));
#7242=CARTESIAN_POINT('',(0.00776747695604116,-0.033659386013906,0.0292014678621087));
#7243=CARTESIAN_POINT('',(0.00777798840950998,-0.0336569585880437,0.0292160952398182));
#7244=CARTESIAN_POINT('',(0.00778308151120267,-0.0336557811349238,0.0292231831329441));
#7245=CARTESIAN_POINT('',(0.00779787309290753,-0.0336523582186238,0.0292437694251347));
#7246=CARTESIAN_POINT('',(0.00780708385265583,-0.0336502222126312,0.0292565904370128));
#7247=CARTESIAN_POINT('',(0.00783276635080589,-0.0336442568094634,0.0292923439239));
#7248=CARTESIAN_POINT('',(0.00784728835917497,-0.0336408702528405,0.0293125668501621));
#7249=CARTESIAN_POINT('',(0.00788306242589342,-0.033632511988126,0.0293623974339602));
#7250=CARTESIAN_POINT('',(0.00789652336956999,-0.0336293452908604,0.0293811668965079));
#7251=CARTESIAN_POINT('',(0.00789998979026704,-0.0336285310037505,0.0293860252493917));
#7252=CARTESIAN_POINT('',(0.00790738738803568,-0.0336267925198429,0.0293963975941753));
#7253=CARTESIAN_POINT('',(0.00791479488168532,-0.0336250497762885,0.0294067965058531));
#7254=CARTESIAN_POINT('',(0.00791837350785399,-0.0336242071962904,0.0294118248176488));
#7255=CARTESIAN_POINT('',(0.00792873410839346,-0.03362176619088,0.029426396320906));
#7256=CARTESIAN_POINT('',(0.00793514080671132,-0.033620254508425,0.0294354260802378));
#7257=CARTESIAN_POINT('',(0.00795286039907603,-0.033616068996943,0.0294604616297141));
#7258=CARTESIAN_POINT('',(0.00796267282168627,-0.0336137448376508,0.0294744136913395));
#7259=CARTESIAN_POINT('',(0.00798611189020373,-0.0336081866630856,0.0295080549621397));
#7260=CARTESIAN_POINT('',(0.00801188399460233,-0.0336020593208827,0.0295468336576369));
#7261=CARTESIAN_POINT('',(0.00803833566437855,-0.0335957303201877,0.0295879230183771));
#7262=CARTESIAN_POINT('',(0.00803960538687838,-0.0335954265180213,0.029589895373479));
#7263=CARTESIAN_POINT('',(0.00804087510937821,-0.0335951227158548,0.0295918677285808));
#7264=CARTESIAN_POINT('',(0.00804214483187804,-0.0335948189136884,0.0295938400836827));
#7265=CARTESIAN_POINT('',(0.00744488689080407,-0.0336021360657791,0.0287856051602687));
#7266=CARTESIAN_POINT('',(0.00756479051367262,-0.0335755702275745,0.0289564806650652));
#7267=CARTESIAN_POINT('',(0.00765910116910285,-0.0335540318254596,0.0290899998715491));
#7268=CARTESIAN_POINT('',(0.00773011307065277,-0.0335376690572161,0.0291891683171161));
#7269=CARTESIAN_POINT('',(0.00773892005546748,-0.0335356382712078,0.0292014678621087));
#7270=CARTESIAN_POINT('',(0.00774939286388679,-0.0335332197697053,0.0292160952398182));
#7271=CARTESIAN_POINT('',(0.0077544672409409,-0.0335320466454572,0.0292231831329441));
#7272=CARTESIAN_POINT('',(0.00776920444183066,-0.0335286363134082,0.0292437694251347));
#7273=CARTESIAN_POINT('',(0.00777838133849165,-0.0335265081603789,0.0292565904370128));
#7274=CARTESIAN_POINT('',(0.00780396941569263,-0.0335205646888404,0.0292923439239));
#7275=CARTESIAN_POINT('',(0.00781843803432507,-0.0335171905827933,0.0293125668501621));
#7276=CARTESIAN_POINT('',(0.0078540805787394,-0.0335088630469932,0.0293623974339602));
#7277=CARTESIAN_POINT('',(0.00786749203365245,-0.033505707991997,0.0293811668965079));
#7278=CARTESIAN_POINT('',(0.00787094571015577,-0.0335048966985897,0.0293860252493917));
#7279=CARTESIAN_POINT('',(0.00787831611087378,-0.033503164606167,0.0293963975941753));
#7280=CARTESIAN_POINT('',(0.00788569637109089,-0.033501428269758,0.0294067965058531));
#7281=CARTESIAN_POINT('',(0.0078892618405457,-0.0335005887874805,0.0294118248176488));
#7282=CARTESIAN_POINT('',(0.00789958435064202,-0.0334981567563547,0.029426396320906));
#7283=CARTESIAN_POINT('',(0.00790596749492195,-0.0334966506315558,0.0294354260802378));
#7284=CARTESIAN_POINT('',(0.00792362194172648,-0.0334924805079837,0.0294604616297141));
#7285=CARTESIAN_POINT('',(0.0079333982892536,-0.0334901648933947,0.0294744136913395));
#7286=CARTESIAN_POINT('',(0.00795675118472504,-0.0334846271532949,0.0295080549621397));
#7287=CARTESIAN_POINT('',(0.00798242837642021,-0.033478522376923,0.0295468334045632));
#7288=CARTESIAN_POINT('',(0.0080087829597301,-0.0334722166057753,0.0295879230183771));
#7289=CARTESIAN_POINT('',(0.0080100480219241,-0.0334719139186643,0.0295898953856269));
#7290=CARTESIAN_POINT('',(0.00801131308411811,-0.0334716112315534,0.0295918677528767));
#7291=CARTESIAN_POINT('',(0.00801257814631211,-0.0334713085444424,0.0295938401201265));
#7292=CARTESIAN_POINT('',(0.00744474815767197,-0.0336015099005129,0.0287856051602687));
#7293=CARTESIAN_POINT('',(0.00756464954617162,-0.0335749445573549,0.0289564806650617));
#7294=CARTESIAN_POINT('',(0.00765895844415487,-0.0335534065566009,0.0290899998715491));
#7295=CARTESIAN_POINT('',(0.00772996902242028,-0.0335370440932724,0.0291891683171161));
#7296=CARTESIAN_POINT('',(0.00773877584311958,-0.0335350133451072,0.0292014678621087));
#7297=CARTESIAN_POINT('',(0.00774924845638139,-0.0335325948886727,0.0292160952398182));
#7298=CARTESIAN_POINT('',(0.00775432273887608,-0.0335314217862853,0.0292231831329441));
#7299=CARTESIAN_POINT('',(0.00776905966514272,-0.0335280115177869,0.0292437694251347));
#7300=CARTESIAN_POINT('',(0.00777823639079513,-0.033525883404415,0.0292565904370128));
#7301=CARTESIAN_POINT('',(0.00780382399117031,-0.0335199400436312,0.0292923439239));
#7302=CARTESIAN_POINT('',(0.00781829234018458,-0.0335165660004595,0.0293125668501621));
#7303=CARTESIAN_POINT('',(0.00785393422041127,-0.0335082386198405,0.0293623974339602));
#7304=CARTESIAN_POINT('',(0.00786734542540607,-0.0335050836236378,0.0293811668965079));
#7305=CARTESIAN_POINT('',(0.00787079903755121,-0.0335042723453486,0.0293860252493917));
#7306=CARTESIAN_POINT('',(0.00787816930092412,-0.0335025402852029,0.0293963975941753));
#7307=CARTESIAN_POINT('',(0.00788554942361239,-0.03350080398115,0.0294067965058531));
#7308=CARTESIAN_POINT('',(0.00788911482662579,-0.033499964514516,0.0294118248176488));
#7309=CARTESIAN_POINT('',(0.00789943714436537,-0.0334975325287103,0.029426396320906));
#7310=CARTESIAN_POINT('',(0.00790582016969741,-0.0334960264319776,0.0294354260802378));
#7311=CARTESIAN_POINT('',(0.00792347428751686,-0.0334918563861144,0.0294604616297141));
#7312=CARTESIAN_POINT('',(0.00793325045286481,-0.0334895408146762,0.0294744136913395));
#7313=CARTESIAN_POINT('',(0.00795660291316238,-0.0334840031777704,0.0295080549621397));
#7314=CARTESIAN_POINT('',(0.00798227962554839,-0.033477898515356,0.0295468334032852));
#7315=CARTESIAN_POINT('',(0.00800863371857163,-0.0334715928615175,0.0295879230183771));
#7316=CARTESIAN_POINT('',(0.00800989875723109,-0.0334712901800376,0.0295898953856882));
#7317=CARTESIAN_POINT('',(0.00801116379589055,-0.0334709874985576,0.0295918677529994));
#7318=CARTESIAN_POINT('',(0.00801242883455001,-0.0334706848170777,0.0295938401203105));
#7319=CARTESIAN_POINT('',(0.00747235879815021,-0.0337261291877931,0.0287856051602687));
#7320=CARTESIAN_POINT('',(0.00766095275198735,-0.033684344324716,0.0290533836312947));
#7321=CARTESIAN_POINT('',(0.00786100090403914,-0.0336381606031662,0.029312455646924));
#7322=CARTESIAN_POINT('',(0.00803833574857503,-0.0335957303000423,0.0295879231491658));
#7323=CARTESIAN_POINT('',(3.30643715532042E-18,4.68711497137172E-33,0.0329641));
#7324=CARTESIAN_POINT('',(3.30643715532042E-18,4.68711497137172E-33,0.0292923654592324));
#7325=CARTESIAN_POINT('',(0.0122874850828795,-0.0321488351163462,0.0287856051602687));
#7326=CARTESIAN_POINT('',(0.0116100514977094,-0.0323996387822539,0.0297991263250927));
#7327=CARTESIAN_POINT('',(3.30643715532042E-18,4.68711497137172E-33,0.030260169358194));
#7328=CARTESIAN_POINT('',(0.0122383320352659,-0.032167578677833,0.0307212137218862));
#7329=CARTESIAN_POINT('',(3.30643715532042E-18,4.68711497137172E-33,0.0307212137218862));
#7330=CARTESIAN_POINT('',(0.0119740903827815,-0.0322668723074453,0.0307212137218862));
#7331=CARTESIAN_POINT('',(0.0119740903827815,-0.0322668723074453,0.0307212137218862));
#7332=CARTESIAN_POINT('',(0.0118072640813353,-0.0323287807934215,0.0304770400025477));
#7333=CARTESIAN_POINT('',(0.0116290523604215,-0.032393257301805,0.0302411168268044));
#7334=CARTESIAN_POINT('',(0.0114710390993588,-0.0324491163359032,0.029989726372742));
#7335=CARTESIAN_POINT('',(0.0114710390475536,-0.0324491163542169,0.0299897263401408));
#7336=CARTESIAN_POINT('',(0.0114710389957483,-0.0324491163725305,0.0299897263075395));
#7337=CARTESIAN_POINT('',(0.0113278409995154,-0.0324997380837673,0.0302457122889894));
#7338=CARTESIAN_POINT('',(0.011152013075065,-0.0325605947393301,0.0304790521766924));
#7339=CARTESIAN_POINT('',(0.0109883210531054,-0.0326157429692147,0.0307212137218863));
#7340=CARTESIAN_POINT('',(0.0109883210531054,-0.0326157429692148,0.0307212137218862));
#7341=CARTESIAN_POINT('',(3.30643715532042E-18,4.68711497137172E-33,0.0307212137218862));
#7342=CARTESIAN_POINT('',(0.010700936916324,-0.0327111577005898,0.0307212137218862));
#7343=CARTESIAN_POINT('',(3.30643715532042E-18,4.68711497137172E-33,0.0302556640578011));
#7344=CARTESIAN_POINT('',(0.0113257575426513,-0.0325001093088173,0.0297901133731288));
#7345=CARTESIAN_POINT('',(3.30643715532042E-18,4.68711497137172E-33,0.0292878597769727));
#7346=CARTESIAN_POINT('',(0.0106216362713538,-0.0327369933243579,0.0287856051602687));
#7347=CARTESIAN_POINT('',(3.30643715532042E-18,4.68711497137172E-33,0.0287856051602687));
#7348=CARTESIAN_POINT('',(0.0109129033030707,-0.0326410543717238,0.0287856051602687));
#7349=CARTESIAN_POINT('',(0.0109129033030707,-0.0326410543717238,0.0287856051602687));
#7350=CARTESIAN_POINT('',(0.0110954249064895,-0.032580031814482,0.029053376744249));
#7351=CARTESIAN_POINT('',(0.0112888434455424,-0.0325134573424496,0.029312448383129));
#7352=CARTESIAN_POINT('',(0.0114601507195669,-0.0324529634160705,0.0295879231491658));
#7353=CARTESIAN_POINT('',(0.0114601507475662,-0.032452963406183,0.0295879231705996));
#7354=CARTESIAN_POINT('',(0.0114601508315643,-0.0324529633765207,0.0295879232349008));
#7355=CARTESIAN_POINT('',(0.0114794968253939,-0.0324461317043341,0.0295594996869076));
#7356=CARTESIAN_POINT('',(0.0115234013421331,-0.0324306244380828,0.0294942882523399));
#7357=CARTESIAN_POINT('',(0.0116099217325536,-0.0323996990918957,0.0293646826255293));
#7358=CARTESIAN_POINT('',(0.0116600639648434,-0.032381692814537,0.0292894089469219));
#7359=CARTESIAN_POINT('',(0.0117200264178886,-0.0323600225786937,0.029199209975941));
#7360=CARTESIAN_POINT('',(0.0117132042823964,-0.0323625093791867,0.0292094747082445));
#7361=CARTESIAN_POINT('',(0.0117995899634137,-0.0323311169014955,0.029079363264548));
#7362=CARTESIAN_POINT('',(0.0118067531098609,-0.0323284750023123,0.0290685627938155));
#7363=CARTESIAN_POINT('',(0.0118553853257998,-0.0323106976700261,0.0289953106818905));
#7364=CARTESIAN_POINT('',(0.0119096905558949,-0.0322907259727549,0.0289134993822682));
#7365=CARTESIAN_POINT('',(0.0119652935742307,-0.0322701504821604,0.0288296978161857));
#7366=CARTESIAN_POINT('',(0.0119945378187382,-0.0322592769837586,0.0287856052852687));
#7367=CARTESIAN_POINT('',(0.0119945378187383,-0.0322592769837586,0.0287856052852688));
#7368=CARTESIAN_POINT('',(3.30643715532042E-18,4.68711497137172E-33,0.0287856051602687));
#7369=CARTESIAN_POINT('',(0.0119468898610137,-0.0323450610781,0.0302601693581904));
#7370=CARTESIAN_POINT('',(0.0116322919502087,-0.0324616586348379,0.0297991278961201));
#7371=CARTESIAN_POINT('',(0.0116534894875059,-0.0325189808998467,0.0297991602903841));
#7372=CARTESIAN_POINT('',(3.30643715532042E-18,4.68711497137172E-33,0.030260169358194));
#7373=CARTESIAN_POINT('',(0.0122829241081029,-0.0322864942561837,0.0307212137218862));
#7374=CARTESIAN_POINT('',(0.0122616192618037,-0.0322288134235298,0.0307212137218862));
#7375=CARTESIAN_POINT('',(0.0119714725119528,-0.0323355643981057,0.0292923654592442));
#7376=CARTESIAN_POINT('',(0.012310821184775,-0.0322099286349984,0.0287856051602687));
#7377=CARTESIAN_POINT('',(0.0123322100470745,-0.0322677010546899,0.0287856051602687));
#7378=CARTESIAN_POINT('',(3.30643715532042E-18,4.68711497137172E-33,0.0292923654592324));
#7379=CARTESIAN_POINT('',(3.30643715532042E-18,4.68711497137172E-33,0.0287856051602687));
#7380=CARTESIAN_POINT('',(0.0120387981891042,-0.0323783148752683,0.0287856051602687));
#7381=CARTESIAN_POINT('',(0.0120387981891042,-0.0323783148752683,0.0287856051602687));
#7382=CARTESIAN_POINT('',(3.30643715532042E-18,4.68711497137172E-33,0.0287856051602687));
#7383=CARTESIAN_POINT('',(0.0115024391802385,-0.0325727160197751,0.0295879232799545));
#7384=CARTESIAN_POINT('',(0.0115409178382328,-0.0325591280087831,0.0295315974579276));
#7385=CARTESIAN_POINT('',(0.0116242626070512,-0.0325297238966935,0.0294076074617499));
#7386=CARTESIAN_POINT('',(0.0117680816143176,-0.0324776920346762,0.0291919975474895));
#7387=CARTESIAN_POINT('',(0.0117847561975127,-0.0324716460759219,0.0291669836471409));
#7388=CARTESIAN_POINT('',(0.0118194923692725,-0.0324590184332098,0.0291148413600267));
#7389=CARTESIAN_POINT('',(0.0118215298404333,-0.0324582723999527,0.0291117797731303));
#7390=CARTESIAN_POINT('',(0.0118465754035764,-0.0324491433328915,0.0290741859418583));
#7391=CARTESIAN_POINT('',(0.0118654490637026,-0.0324422495666185,0.0290458611710791));
#7392=CARTESIAN_POINT('',(0.0119285872956496,-0.0324191108890172,0.0289511002089487));
#7393=CARTESIAN_POINT('',(0.0119793701571788,-0.0324004112092921,0.0288748773845604));
#7394=CARTESIAN_POINT('',(0.0120387978562567,-0.0323783149990266,0.028785605660269));
#7395=CARTESIAN_POINT('',(0.0114601508008993,-0.0324529633873495,0.0295879232799545));
#7396=CARTESIAN_POINT('',(0.0114984879942391,-0.0324394253319272,0.0295315974564588));
#7397=CARTESIAN_POINT('',(0.0115815263474664,-0.0324101293235439,0.0294076074617499));
#7398=CARTESIAN_POINT('',(0.0117248166083826,-0.032358288755137,0.0291919975474895));
#7399=CARTESIAN_POINT('',(0.011741429887963,-0.0323522650241722,0.0291669836471409));
#7400=CARTESIAN_POINT('',(0.011776038353209,-0.0323396838066172,0.0291148413600267));
#7401=CARTESIAN_POINT('',(0.011778068333667,-0.0323389405161294,0.0291117797731303));
#7402=CARTESIAN_POINT('',(0.0118030218175338,-0.0323298450118146,0.0290741859418583));
#7403=CARTESIAN_POINT('',(0.0118218260892037,-0.0323229765902707,0.0290458611710791));
#7404=CARTESIAN_POINT('',(0.0118847321952979,-0.032299922981337,0.0289511002089487));
#7405=CARTESIAN_POINT('',(0.0119353283551847,-0.0322812920504142,0.0288748773844785));
#7406=CARTESIAN_POINT('',(0.0119945375700205,-0.032259277076236,0.028785605660269));
#7407=CARTESIAN_POINT('',(0.0114812948276038,-0.0325128397611103,0.0295879230183771));
#7408=CARTESIAN_POINT('',(0.0115024390781087,-0.0325727161205556,0.0295879230837715));
#7409=CARTESIAN_POINT('',(0.0115024392107326,-0.0325727160090067,0.0295879232353165));
#7410=CARTESIAN_POINT('',(0.0115216786619868,-0.0325659219603177,0.0295597601448024));
#7411=CARTESIAN_POINT('',(0.0115665453267624,-0.0325500695438536,0.0294933552911537));
#7412=CARTESIAN_POINT('',(0.0116631269702781,-0.0325155541958269,0.0293492132338736));
#7413=CARTESIAN_POINT('',(0.0117306928179599,-0.0324912555320519,0.0292480932039999));
#7414=CARTESIAN_POINT('',(0.0118084333964564,-0.0324630490119132,0.0291314511670183));
#7415=CARTESIAN_POINT('',(0.0118357032068144,-0.0324531076563606,0.0290904966156634));
#7416=CARTESIAN_POINT('',(0.0119042729989868,-0.0324280732667801,0.0289875999336562));
#7417=CARTESIAN_POINT('',(0.011979370449019,-0.0324004111014764,0.0288748769464029));
#7418=CARTESIAN_POINT('',(0.0120387981891042,-0.0323783148752683,0.0287856051602687));
#7419=CARTESIAN_POINT('',(0.0109533736640286,-0.0327621033002979,0.0287856051602687));
#7420=CARTESIAN_POINT('',(0.011070279768863,-0.0327230180120879,0.0289564806634588));
#7421=CARTESIAN_POINT('',(0.0111621653309704,-0.0326916335317634,0.0290899998692373));
#7422=CARTESIAN_POINT('',(0.0112313360173968,-0.032667857344188,0.0291891683171883));
#7423=CARTESIAN_POINT('',(0.0112399145005376,-0.0326649071390179,0.0292014678633725));
#7424=CARTESIAN_POINT('',(0.0112501152095315,-0.0326613953185153,0.0292160952422234));
#7425=CARTESIAN_POINT('',(0.0112550576112968,-0.0326596924520498,0.0292231831358792));
#7426=CARTESIAN_POINT('',(0.0112694111786187,-0.0326547436281759,0.0292437694295375));
#7427=CARTESIAN_POINT('',(0.0112783487107695,-0.032651657460016,0.0292565904422309));
#7428=CARTESIAN_POINT('',(0.0113032683673332,-0.0326430427576552,0.0292923439310749));
#7429=CARTESIAN_POINT('',(0.0113173576262134,-0.0326381582447542,0.0293125668579892));
#7430=CARTESIAN_POINT('',(0.0113520640016615,-0.0326261099435625,0.0293623974417873));
#7431=CARTESIAN_POINT('',(0.0113651209326655,-0.032621554890709,0.0293811669017259));
#7432=CARTESIAN_POINT('',(0.0113684834340337,-0.0326203830733157,0.0293860252487395));
#7433=CARTESIAN_POINT('',(0.0113756591926449,-0.032617881594205,0.0293963975941768));
#7434=CARTESIAN_POINT('',(0.0113828443479713,-0.032615374845472,0.0294067965058558));
#7435=CARTESIAN_POINT('',(0.011386315493157,-0.0326141631712808,0.0294118248176519));
#7436=CARTESIAN_POINT('',(0.0113963647523392,-0.0326106535977511,0.0294263963209104));
#7437=CARTESIAN_POINT('',(0.0114025786927381,-0.0326084811555844,0.0294354260802425));
#7438=CARTESIAN_POINT('',(0.0114197646856318,-0.0326024681450326,0.0294604616297188));
#7439=CARTESIAN_POINT('',(0.011429280954783,-0.0325991320224656,0.0294744136913427));
#7440=CARTESIAN_POINT('',(0.0114520119267284,-0.0325911565923402,0.0295080549621334));
#7441=CARTESIAN_POINT('',(0.0114770037908867,-0.032582371476635,0.0295468336589103));
#7442=CARTESIAN_POINT('',(0.0115026504588669,-0.0325733148405924,0.0295879230183771));
#7443=CARTESIAN_POINT('',(0.0115038815399917,-0.0325728801075621,0.0295898953734178));
#7444=CARTESIAN_POINT('',(0.0115051126211164,-0.0325724453745319,0.0295918677284585));
#7445=CARTESIAN_POINT('',(0.0115063437022412,-0.0325720106415017,0.0295938400834992));
#7446=CARTESIAN_POINT('',(0.0109531723189492,-0.0327615010668224,0.0287856051602687));
#7447=CARTESIAN_POINT('',(0.0110700762748114,-0.0327224164970796,0.0289564806634553));
#7448=CARTESIAN_POINT('',(0.0111619601478794,-0.0326910325936642,0.0290899998692373));
#7449=CARTESIAN_POINT('',(0.0112311295628092,-0.0326672568431431,0.0291891683171883));
#7450=CARTESIAN_POINT('',(0.0112397078882603,-0.0326643066922038,0.0292014678633725));
#7451=CARTESIAN_POINT('',(0.0112499084097446,-0.0326607949362554,0.0292160952422234));
#7452=CARTESIAN_POINT('',(0.0112548507206585,-0.0326590921010921,0.0292231831358792));
#7453=CARTESIAN_POINT('',(0.0112692040241329,-0.0326541433681875,0.0292437694295375));
#7454=CARTESIAN_POINT('',(0.0112781413919939,-0.0326510572567576,0.0292565904422309));
#7455=CARTESIAN_POINT('',(0.0113030605904841,-0.0326424427127524,0.0292923439310749));
#7456=CARTESIAN_POINT('',(0.0113171495903753,-0.0326375582896386,0.0293125668579892));
#7457=CARTESIAN_POINT('',(0.0113518553278503,-0.032625510209919,0.0293623974417873));
#7458=CARTESIAN_POINT('',(0.0113649120188416,-0.0326209552407965,0.0293811669017259));
#7459=CARTESIAN_POINT('',(0.0113682744584002,-0.0326197834449436,0.0293860252487395));
#7460=CARTESIAN_POINT('',(0.0113754500851066,-0.0326172820118151,0.0293963975941768));
#7461=CARTESIAN_POINT('',(0.0113826351083553,-0.0326147753091611,0.0294067965058558));
#7462=CARTESIAN_POINT('',(0.0113861061897344,-0.032613563657243,0.0294118248176519));
#7463=CARTESIAN_POINT('',(0.0113961552641909,-0.0326100541482263,0.0294263963209104));
#7464=CARTESIAN_POINT('',(0.0114023690903651,-0.0326078817459935,0.0294354260802425));
#7465=CARTESIAN_POINT('',(0.0114195547673456,-0.0326018688459729,0.0294604616297188));
#7466=CARTESIAN_POINT('',(0.0114290708615687,-0.0325985327847306,0.0294744136913427));
#7467=CARTESIAN_POINT('',(0.0114518014156729,-0.0325905575012096,0.0295080549621334));
#7468=CARTESIAN_POINT('',(0.0114767928196435,-0.0325817725472704,0.029546833657645));
#7469=CARTESIAN_POINT('',(0.0115024390169732,-0.0325727160774292,0.0295879230183771));
#7470=CARTESIAN_POINT('',(0.011503670075506,-0.0325722813523769,0.0295898953734786));
#7471=CARTESIAN_POINT('',(0.0115049011340388,-0.0325718466273246,0.02959186772858));
#7472=CARTESIAN_POINT('',(0.0115061321925715,-0.0325714119022724,0.0295938400836814));
#7473=CARTESIAN_POINT('',(0.0109129033030707,-0.0326410543717238,0.0287856051602687));
#7474=CARTESIAN_POINT('',(0.0110293774644992,-0.032602113495412,0.0289564806627534));
#7475=CARTESIAN_POINT('',(0.0111209235296887,-0.0325708449738345,0.0290899998692373));
#7476=CARTESIAN_POINT('',(0.0111898386452989,-0.0325471566341609,0.0291891683171883));
#7477=CARTESIAN_POINT('',(0.0111983854327887,-0.0325442173293648,0.0292014678633725));
#7478=CARTESIAN_POINT('',(0.0112085484523559,-0.0325407184842838,0.0292160952422234));
#7479=CARTESIAN_POINT('',(0.011213472593009,-0.0325390219095439,0.0292231831358792));
#7480=CARTESIAN_POINT('',(0.0112277731269854,-0.0325340913705104,0.0292437694295375));
#7481=CARTESIAN_POINT('',(0.0112366776368763,-0.0325310166050783,0.0292565904422309));
#7482=CARTESIAN_POINT('',(0.0112615052206661,-0.0325224337321908,0.0292923439310749));
#7483=CARTESIAN_POINT('',(0.0112755424227637,-0.032517567266515,0.0293125668579892));
#7484=CARTESIAN_POINT('',(0.0113101205656156,-0.0325055634812061,0.0293623974417873));
#7485=CARTESIAN_POINT('',(0.0113231292540665,-0.0325010252582936,0.0293811669017259));
#7486=CARTESIAN_POINT('',(0.011326479331715,-0.0324998577705137,0.0293860252487395));
#7487=CARTESIAN_POINT('',(0.0113336285774408,-0.0324973655338305,0.0293963975941768));
#7488=CARTESIAN_POINT('',(0.0113407871851628,-0.0324948680469951,0.0294067965058558));
#7489=CARTESIAN_POINT('',(0.0113442455052133,-0.0324936608496796,0.0294118248176519));
#7490=CARTESIAN_POINT('',(0.0113542576345431,-0.0324901642432696,0.0294263963209104));
#7491=CARTESIAN_POINT('',(0.0113604486157681,-0.0324879998278097,0.0294354260802425));
#7492=CARTESIAN_POINT('',(0.0113775711101127,-0.0324820090340392,0.0294604616297188));
#7493=CARTESIAN_POINT('',(0.0113870522186953,-0.0324786852377279,0.0294744136913427));
#7494=CARTESIAN_POINT('',(0.0114096992045859,-0.0324707392751023,0.0295080549621334));
#7495=CARTESIAN_POINT('',(0.011434598571018,-0.0324619866743624,0.0295468334045714));
#7496=CARTESIAN_POINT('',(0.0114601506382344,-0.0324529634447915,0.0295879230183771));
#7497=CARTESIAN_POINT('',(0.011461377178371,-0.0324525303153254,0.0295898953856265));
#7498=CARTESIAN_POINT('',(0.0114626037185077,-0.0324520971858593,0.0295918677528759));
#7499=CARTESIAN_POINT('',(0.0114638302586443,-0.0324516640563933,0.0295938401201253));
#7500=CARTESIAN_POINT('',(0.0109126999445405,-0.0326404461159135,0.0287856051602687));
#7501=CARTESIAN_POINT('',(0.0110291719355071,-0.0326015059652536,0.0289564806627499));
#7502=CARTESIAN_POINT('',(0.0111207162947668,-0.0325702380263544,0.0290899998692373));
#7503=CARTESIAN_POINT('',(0.0111896301261655,-0.0325465501281056,0.0291891683171883));
#7504=CARTESIAN_POINT('',(0.0111981767543886,-0.0325436108780824,0.0292014678633725));
#7505=CARTESIAN_POINT('',(0.0112083395845711,-0.0325401120982014,0.0292160952422234));
#7506=CARTESIAN_POINT('',(0.0112132636334643,-0.0325384155550766,0.0292231831358792));
#7507=CARTESIAN_POINT('',(0.0112275639009548,-0.0325334851079221,0.0292437694295375));
#7508=CARTESIAN_POINT('',(0.011236468244913,-0.0325304103997873,0.0292565904422309));
#7509=CARTESIAN_POINT('',(0.0112612953660486,-0.0325218276868389,0.0292923439310749));
#7510=CARTESIAN_POINT('',(0.0112753323065672,-0.0325169613118482,0.0293125668579892));
#7511=CARTESIAN_POINT('',(0.0113099098050663,-0.0325049577502261,0.0293623974417873));
#7512=CARTESIAN_POINT('',(0.0113229182511044,-0.032500419611882,0.0293811669017259));
#7513=CARTESIAN_POINT('',(0.0113262682663252,-0.0324992521458578,0.0293860252487395));
#7514=CARTESIAN_POINT('',(0.011333417378827,-0.0324967599556167,0.0293963975941768));
#7515=CARTESIAN_POINT('',(0.0113405758531507,-0.0324942625153212,0.0294067965058558));
#7516=CARTESIAN_POINT('',(0.0113440341087565,-0.0324930553405014,0.0294118248176519));
#7517=CARTESIAN_POINT('',(0.0113540460515134,-0.0324895587992496,0.0294263963209104));
#7518=CARTESIAN_POINT('',(0.0113602369173714,-0.0324873944241229,0.0294354260802425));
#7519=CARTESIAN_POINT('',(0.0113773590926437,-0.0324814037419889,0.0294604616297188));
#7520=CARTESIAN_POINT('',(0.0113868400245488,-0.0324780800076156,0.0294744136913427));
#7521=CARTESIAN_POINT('',(0.0114094865884199,-0.0324701341930605,0.0295080549621334));
#7522=CARTESIAN_POINT('',(0.0114343854900624,-0.0324613817557042,0.0295468334032933));
#7523=CARTESIAN_POINT('',(0.0114599370819218,-0.0324523586939967,0.0295879230183771));
#7524=CARTESIAN_POINT('',(0.0114611635992405,-0.0324519255725883,0.0295898953856879));
#7525=CARTESIAN_POINT('',(0.0114623901165592,-0.0324514924511799,0.0295918677529986));
#7526=CARTESIAN_POINT('',(0.0114636166338779,-0.0324510593297716,0.0295938401203093));
#7527=CARTESIAN_POINT('',(0.0109129033030707,-0.0326410543717238,0.0287856051602687));
#7528=CARTESIAN_POINT('',(0.0109531723189492,-0.0327615010668224,0.0287856051602687));
#7529=CARTESIAN_POINT('',(0.0109531723189492,-0.0327615010668224,0.0287856051602687));
#7530=CARTESIAN_POINT('',(0.0111363721455707,-0.0327002517588101,0.0290533836312945));
#7531=CARTESIAN_POINT('',(0.0113305042281617,-0.0326334315987964,0.0293124556469231));
#7532=CARTESIAN_POINT('',(0.0115024390986058,-0.0325727160486022,0.0295879231491658));
#7533=CARTESIAN_POINT('',(3.30643715532042E-18,4.68711497137172E-33,0.0287856051602687));
#7534=CARTESIAN_POINT('',(-0.000352722196167257,-0.000118664566815064,0.0287856051602687));
#7535=CARTESIAN_POINT('',(0.0106614698309694,-0.0328575865979736,0.0287856051602687));
#7536=CARTESIAN_POINT('',(3.30643715532042E-18,4.68711497137172E-33,0.0287856051602687));
#7537=CARTESIAN_POINT('',(0.0109947048712976,-0.0326809978117057,0.0292878597769903));
#7538=CARTESIAN_POINT('',(0.0113472178269698,-0.0325617179799502,0.0297901115156036));
#7539=CARTESIAN_POINT('',(0.011366948309992,-0.0326202455864141,0.0297901631075903));
#7540=CARTESIAN_POINT('',(3.30643715532042E-18,4.68711497137172E-33,0.0292878597769727));
#7541=CARTESIAN_POINT('',(0.0110341738729005,-0.032667290771624,0.0302556640577991));
#7542=CARTESIAN_POINT('',(-0.000312991861694816,-0.000105720631897118,0.0307212137218862));
#7543=CARTESIAN_POINT('',(0.0107409972314407,-0.0328316754746721,0.0307212137218862));
#7544=CARTESIAN_POINT('',(3.30643715532042E-18,4.68711497137172E-33,0.0302556640578011));
#7545=CARTESIAN_POINT('',(3.30643715532042E-18,4.68711497137172E-33,0.0307212137218862));
#7546=CARTESIAN_POINT('',(0.0110288683632645,-0.0327360962643041,0.0307212137218862));
#7547=CARTESIAN_POINT('',(0.0110288683632645,-0.0327360962643041,0.0307212137218862));
#7548=CARTESIAN_POINT('',(3.30643715532042E-18,4.68711497137172E-33,0.0307212137218862));
#7549=CARTESIAN_POINT('',(0.0115137908681004,-0.0325700521832334,0.0299897262548213));
#7550=CARTESIAN_POINT('',(0.0114829489709091,-0.032580955056592,0.0300446556452639));
#7551=CARTESIAN_POINT('',(0.0114444288553194,-0.0325945260054689,0.0301068788669222));
#7552=CARTESIAN_POINT('',(0.011386645408606,-0.0326147226814037,0.0301937751486595));
#7553=CARTESIAN_POINT('',(0.0113861201951229,-0.0326149047986385,0.0301945131572949));
#7554=CARTESIAN_POINT('',(0.0113704625112501,-0.0326203668036136,0.0302178500289841));
#7555=CARTESIAN_POINT('',(0.0113614414642087,-0.0326235106049017,0.030231258370425));
#7556=CARTESIAN_POINT('',(0.0113307986180194,-0.0326341715061111,0.0302767031115362));
#7557=CARTESIAN_POINT('',(0.0113055973751772,-0.0326429188905688,0.0303139592279953));
#7558=CARTESIAN_POINT('',(0.0112156413545291,-0.0326739819078015,0.0304466064445275));
#7559=CARTESIAN_POINT('',(0.0111744302916561,-0.0326880661523774,0.0305073306887929));
#7560=CARTESIAN_POINT('',(0.0110923010951957,-0.0327160269216603,0.0306283434221827));
#7561=CARTESIAN_POINT('',(0.0110575969752866,-0.0327277576643456,0.0306794688175311));
#7562=CARTESIAN_POINT('',(0.011029274175607,-0.0327372996829639,0.0307212132218858));
#7563=CARTESIAN_POINT('',(0.0110281412636199,-0.0327376813637086,0.03072288299806));
#7564=CARTESIAN_POINT('',(0.0110270083516327,-0.0327380630444533,0.0307245527742342));
#7565=CARTESIAN_POINT('',(0.0110258754396455,-0.0327384447251981,0.0307262225504084));
#7566=CARTESIAN_POINT('',(0.0115133675825275,-0.0325688547988658,0.0299897262548213));
#7567=CARTESIAN_POINT('',(0.0114825268191876,-0.0325797572713983,0.0300446556452644));
#7568=CARTESIAN_POINT('',(0.0114440081197267,-0.0325933277213615,0.0301068788669222));
#7569=CARTESIAN_POINT('',(0.0113862267973267,-0.0326135236547987,0.0301937751486595));
#7570=CARTESIAN_POINT('',(0.0113857016031522,-0.0326137057653384,0.0301945131572949));
#7571=CARTESIAN_POINT('',(0.0113700444949083,-0.0326191675695118,0.0302178500289841));
#7572=CARTESIAN_POINT('',(0.0113610237795109,-0.0326223112552232,0.030231258370425));
#7573=CARTESIAN_POINT('',(0.0113303820598554,-0.0326329717645021,0.0302767031115362));
#7574=CARTESIAN_POINT('',(0.0113051817434954,-0.0326417188273766,0.0303139592279953));
#7575=CARTESIAN_POINT('',(0.0112152290299324,-0.0326727807026286,0.0304466064445275));
#7576=CARTESIAN_POINT('',(0.0111740194821164,-0.0326868644294204,0.0305073306887929));
#7577=CARTESIAN_POINT('',(0.0110918933050006,-0.0327148241707717,0.0306283434221827));
#7578=CARTESIAN_POINT('',(0.0110571904609317,-0.0327265544821955,0.0306794688175308));
#7579=CARTESIAN_POINT('',(0.011028868702493,-0.0327360961500172,0.0307212132218858));
#7580=CARTESIAN_POINT('',(0.0110277358321554,-0.0327364778167301,0.03072288299806));
#7581=CARTESIAN_POINT('',(0.0110266029618179,-0.0327368594834429,0.0307245527742342));
#7582=CARTESIAN_POINT('',(0.0110254700914803,-0.0327372411501558,0.0307262225504084));
#7583=CARTESIAN_POINT('',(0.0114710390252388,-0.0324491163621053,0.0299897262548213));
#7584=CARTESIAN_POINT('',(0.0114403116470304,-0.032459978752028,0.0300446556453141));
#7585=CARTESIAN_POINT('',(0.011401934560463,-0.0324734993106212,0.0301068788669222));
#7586=CARTESIAN_POINT('',(0.0113443656693954,-0.0324936209943032,0.0301937751486595));
#7587=CARTESIAN_POINT('',(0.0113438424060817,-0.0324938024353187,0.0301945131572949));
#7588=CARTESIAN_POINT('',(0.0113282428607359,-0.0324992441593298,0.0302178500289841));
#7589=CARTESIAN_POINT('',(0.0113192553097333,-0.0325023762873731,0.030231258370425));
#7590=CARTESIAN_POINT('',(0.0112887262434589,-0.0325129976036032,0.0302767031115362));
#7591=CARTESIAN_POINT('',(0.0112636185753208,-0.0325217125081583,0.0303139592279953));
#7592=CARTESIAN_POINT('',(0.0111739965702636,-0.0325526601853395,0.0304466064445275));
#7593=CARTESIAN_POINT('',(0.011132938528138,-0.032566692133724,0.0305073306887929));
#7594=CARTESIAN_POINT('',(0.011051114285497,-0.0325945490819086,0.0306283434221827));
#7595=CARTESIAN_POINT('',(0.0110165390254351,-0.0326062362671801,0.0306794688174989));
#7596=CARTESIAN_POINT('',(0.0109883213910868,-0.032615742855348,0.0307212132218858));
#7597=CARTESIAN_POINT('',(0.0109871926857128,-0.0326161231188747,0.0307228829980613));
#7598=CARTESIAN_POINT('',(0.0109860639803389,-0.0326165033824014,0.0307245527742367));
#7599=CARTESIAN_POINT('',(0.010984935274965,-0.0326168836459282,0.0307262225504123));
#7600=CARTESIAN_POINT('',(0.0114706115068102,-0.032447907003894,0.0299897262548213));
#7601=CARTESIAN_POINT('',(0.0114398852737916,-0.0324587689889823,0.0300446556453146));
#7602=CARTESIAN_POINT('',(0.0114015096175145,-0.0324722890436727,0.0301068788669222));
#7603=CARTESIAN_POINT('',(0.0113439428720033,-0.0324924099774321,0.0301937751486595));
#7604=CARTESIAN_POINT('',(0.0113434196281913,-0.0324925914116855,0.0301945131572949));
#7605=CARTESIAN_POINT('',(0.0113278206642307,-0.0324980329328869,0.0302178500289841));
#7606=CARTESIAN_POINT('',(0.0113188334481885,-0.0325011649441978,0.030231258370425));
#7607=CARTESIAN_POINT('',(0.0112883055197133,-0.0325117858645781,0.0302767031115362));
#7608=CARTESIAN_POINT('',(0.0112631987873223,-0.0325205004443342,0.0303139592279953));
#7609=CARTESIAN_POINT('',(0.0111735801224209,-0.0325514469681149,0.0304466064445275));
#7610=CARTESIAN_POINT('',(0.0111325236105028,-0.0325654783935375,0.0305073306887929));
#7611=CARTESIAN_POINT('',(0.0110507024174,-0.032593334303511,0.0306283434221827));
#7612=CARTESIAN_POINT('',(0.0110161284459365,-0.0326050210532085,0.0306794688174986));
#7613=CARTESIAN_POINT('',(0.0109879118632416,-0.0326145272870719,0.0307212132218858));
#7614=CARTESIAN_POINT('',(0.0109867831999338,-0.0326149075364264,0.0307228829980613));
#7615=CARTESIAN_POINT('',(0.010985654536626,-0.0326152877857809,0.0307245527742368));
#7616=CARTESIAN_POINT('',(0.0109845258733182,-0.0326156680351355,0.0307262225504123));
#7617=CARTESIAN_POINT('',(0.0114922034523966,-0.0325089855279848,0.0299897264906629));
#7618=CARTESIAN_POINT('',(0.0115133676941177,-0.0325688547594177,0.0299897264317025));
#7619=CARTESIAN_POINT('',(0.011513367553128,-0.0325688548092588,0.0299897263071836));
#7620=CARTESIAN_POINT('',(0.0113696048925106,-0.0326196761341656,0.0302457768674765));
#7621=CARTESIAN_POINT('',(0.0111931587307734,-0.0326807464503868,0.0304790605546143));
#7622=CARTESIAN_POINT('',(0.0110288683632645,-0.0327360962643041,0.0307212137218863));
#7623=CARTESIAN_POINT('',(0.0120184961423191,-0.0323865335866667,0.0307212137218862));
#7624=CARTESIAN_POINT('',(0.0118738187770864,-0.0324402227025851,0.0305102404726089));
#7625=CARTESIAN_POINT('',(0.0117896574543583,-0.0324705464879921,0.0303882667628834));
#7626=CARTESIAN_POINT('',(0.0117607539759648,-0.0324810177026883,0.0303470482109318));
#7627=CARTESIAN_POINT('',(0.011752969367889,-0.032483842805393,0.0303362651362423));
#7628=CARTESIAN_POINT('',(0.0117098635851203,-0.0324994065666728,0.0302760993997256));
#7629=CARTESIAN_POINT('',(0.0116784599820582,-0.0325107259587931,0.0302323035424178));
#7630=CARTESIAN_POINT('',(0.0116268537676851,-0.0325291899516866,0.0301604174844712));
#7631=CARTESIAN_POINT('',(0.0116248328384048,-0.0325299109526331,0.0301575416709803));
#7632=CARTESIAN_POINT('',(0.0116132492569484,-0.0325340481158291,0.0301411627719196));
#7633=CARTESIAN_POINT('',(0.0116077103579627,-0.0325360246345787,0.0301332646662036));
#7634=CARTESIAN_POINT('',(0.0115918527541796,-0.0325416791665825,0.0301104443804983));
#7635=CARTESIAN_POINT('',(0.0115822931554931,-0.0325450821910458,0.030096396231952));
#7636=CARTESIAN_POINT('',(0.0115566536460733,-0.0325541993128668,0.0300577479120845));
#7637=CARTESIAN_POINT('',(0.0115425238030549,-0.0325592213361287,0.0300356053525641));
#7638=CARTESIAN_POINT('',(0.0115135793741037,-0.0325694534384512,0.0299897264906629));
#7639=CARTESIAN_POINT('',(0.0115121900064267,-0.0325699445917663,0.0299875242496759));
#7640=CARTESIAN_POINT('',(0.0115108006387497,-0.0325704357450815,0.0299853220086889));
#7641=CARTESIAN_POINT('',(0.0115094112710727,-0.0325709268983966,0.0299831197677018));
#7642=CARTESIAN_POINT('',(0.0120182752181423,-0.0323859382569193,0.0307212137218862));
#7643=CARTESIAN_POINT('',(0.0118736005123748,-0.0324396263859222,0.0305102404726143));
#7644=CARTESIAN_POINT('',(0.0117894407366977,-0.0324699496139183,0.0303882667628834));
#7645=CARTESIAN_POINT('',(0.0117605377896084,-0.0324804206361325,0.0303470482109318));
#7646=CARTESIAN_POINT('',(0.0117527533246294,-0.0324832456869061,0.0303362651362423));
#7647=CARTESIAN_POINT('',(0.0117096483342318,-0.0324988091620926,0.0302760993997256));
#7648=CARTESIAN_POINT('',(0.0116782453084312,-0.0325101283461397,0.0302323035424178));
#7649=CARTESIAN_POINT('',(0.0116266400426843,-0.0325285919996278,0.0301604174844712));
#7650=CARTESIAN_POINT('',(0.0116246191505528,-0.0325293129873208,0.0301575416709803));
#7651=CARTESIAN_POINT('',(0.011613035782026,-0.0325334500744674,0.0301411627719196));
#7652=CARTESIAN_POINT('',(0.0116074969848564,-0.0325354265568846,0.0301332646662036));
#7653=CARTESIAN_POINT('',(0.011591639672568,-0.0325410809849468,0.0301104443804983));
#7654=CARTESIAN_POINT('',(0.0115820802496061,-0.0325444839468556,0.030096396231952));
#7655=CARTESIAN_POINT('',(0.0115564412114922,-0.0325536009010856,0.0300577479120845));
#7656=CARTESIAN_POINT('',(0.0115423116272067,-0.0325586228323868,0.0300356053509699));
#7657=CARTESIAN_POINT('',(0.0115133677313145,-0.0325688547462684,0.0299897264906629));
#7658=CARTESIAN_POINT('',(0.011511978389225,-0.0325693458905382,0.0299875242497524));
#7659=CARTESIAN_POINT('',(0.0115105890471355,-0.0325698370348079,0.0299853220088419));
#7660=CARTESIAN_POINT('',(0.011509199705046,-0.0325703281790777,0.0299831197679314));
#7661=CARTESIAN_POINT('',(0.0119740903827815,-0.0322668723074453,0.0307212137218862));
#7662=CARTESIAN_POINT('',(0.0118299475700475,-0.032320363053349,0.030510240473687));
#7663=CARTESIAN_POINT('',(0.0117460972045774,-0.0323505747991613,0.0303882667628834));
#7664=CARTESIAN_POINT('',(0.0117173005183231,-0.0323610073249702,0.0303470482109318));
#7665=CARTESIAN_POINT('',(0.0117095446727006,-0.0323638219895277,0.0303362651362423));
#7666=CARTESIAN_POINT('',(0.0116665981565324,-0.0323793282460555,0.0302760993997256));
#7667=CARTESIAN_POINT('',(0.0116353105830326,-0.0323906058154553,0.0302323035424178));
#7668=CARTESIAN_POINT('',(0.0115838950425274,-0.0324090015878644,0.0301604174844712));
#7669=CARTESIAN_POINT('',(0.0115818815801463,-0.0324097199248675,0.0301575416709803));
#7670=CARTESIAN_POINT('',(0.0115703407975332,-0.0324138418021348,0.0301411627719196));
#7671=CARTESIAN_POINT('',(0.0115648223635885,-0.0324158110180725,0.0301332646662036));
#7672=CARTESIAN_POINT('',(0.0115490233502423,-0.0324214446577962,0.0301104443804983));
#7673=CARTESIAN_POINT('',(0.0115394990722179,-0.0324248351088157,0.030096396231952));
#7674=CARTESIAN_POINT('',(0.0115139542952735,-0.0324339185448316,0.0300577479120845));
#7675=CARTESIAN_POINT('',(0.0114998764575767,-0.0324389220839976,0.0300356050321248));
#7676=CARTESIAN_POINT('',(0.0114710391734788,-0.0324491163097012,0.0299897264906629));
#7677=CARTESIAN_POINT('',(0.0114696549488847,-0.0324496056448927,0.0299875242650573));
#7678=CARTESIAN_POINT('',(0.0114682707242905,-0.0324500949800843,0.0299853220394518));
#7679=CARTESIAN_POINT('',(0.0114668864996964,-0.0324505843152758,0.0299831198138462));
#7680=CARTESIAN_POINT('',(0.0119738672493629,-0.0322662710244005,0.0307212137218862));
#7681=CARTESIAN_POINT('',(0.0118297271226887,-0.0323197607735195,0.0305102404736924));
#7682=CARTESIAN_POINT('',(0.0117458783197402,-0.0323499719563467,0.0303882667628834));
#7683=CARTESIAN_POINT('',(0.0117170821701031,-0.0323604042877488,0.0303470482109318));
#7684=CARTESIAN_POINT('',(0.0117093264690084,-0.032363218899856,0.0303362651362423));
#7685=CARTESIAN_POINT('',(0.011666380753135,-0.0323787248674295,0.0302760993997256));
#7686=CARTESIAN_POINT('',(0.0116350937626694,-0.0323900022266753,0.0302323035424178));
#7687=CARTESIAN_POINT('',(0.0115836791802766,-0.032408397656285,0.0301604174844712));
#7688=CARTESIAN_POINT('',(0.0115816657554157,-0.0324091159799021,0.0301575416709803));
#7689=CARTESIAN_POINT('',(0.0115701251878615,-0.0324132377803595,0.0301411627719196));
#7690=CARTESIAN_POINT('',(0.0115646068567511,-0.0324152069596015,0.0301332646662036));
#7691=CARTESIAN_POINT('',(0.0115488081378145,-0.0324208404943441,0.0301104443804983));
#7692=CARTESIAN_POINT('',(0.0115392840372721,-0.0324242308821836,0.030096396231952));
#7693=CARTESIAN_POINT('',(0.0115137397363466,-0.0324333141489325,0.0300577479120845));
#7694=CARTESIAN_POINT('',(0.01149966215997,-0.0324383175952182,0.0300356050305146));
#7695=CARTESIAN_POINT('',(0.0114708254142617,-0.0324485116305965,0.0299897264906629));
#7696=CARTESIAN_POINT('',(0.0114694412155109,-0.0324490009566522,0.0299875242651346));
#7697=CARTESIAN_POINT('',(0.0114680570167601,-0.0324494902827079,0.0299853220396064));
#7698=CARTESIAN_POINT('',(0.0114666728180093,-0.0324499796087636,0.0299831198140781));
#7699=CARTESIAN_POINT('',(0.0119740903827815,-0.0322668723074453,0.0307212137218862));
#7700=CARTESIAN_POINT('',(0.0120182752181423,-0.0323859382569192,0.0307212137218862));
#7701=CARTESIAN_POINT('',(0.0120182752181423,-0.0323859382569193,0.0307212137218862));
#7702=CARTESIAN_POINT('',(0.011850842421655,-0.0324480718104623,0.030477053272952));
#7703=CARTESIAN_POINT('',(0.0116720924113688,-0.032512744219495,0.0302413203826762));
#7704=CARTESIAN_POINT('',(0.011513367656921,-0.0325688547725671,0.029989726372742));
#7705=CARTESIAN_POINT('',(3.30643715532042E-18,4.68711497137172E-33,0.0307212137218862));
#7706=CARTESIAN_POINT('',(3.30643715532042E-18,4.68711497137172E-33,0.0307212137218862));
#7707=CARTESIAN_POINT('',(3.30643715532042E-18,4.68711497137172E-33,0.0329641));
#7708=CARTESIAN_POINT('',(3.30643715532042E-18,4.68711497137172E-33,0.0291867642201067));
#7709=CARTESIAN_POINT('',(0.00975025906969684,-0.0330070043638285,0.0295879232160614));
#7710=CARTESIAN_POINT('',(0.0102933071532277,-0.0328417069722223,0.0287856051602687));
#7711=CARTESIAN_POINT('',(3.30643715532042E-18,4.68711497137172E-33,0.0287856051602687));
#7712=CARTESIAN_POINT('',(0.0105911218774983,-0.0327468781164858,0.0287856051602687));
#7713=CARTESIAN_POINT('',(3.30643715532042E-18,4.68711497137172E-33,0.0292923650773746));
#7714=CARTESIAN_POINT('',(0.00990151044916203,-0.0329619474519503,0.0297991263250927));
#7715=CARTESIAN_POINT('',(3.30643715532042E-18,4.68711497137172E-33,0.0302601693581903));
#7716=CARTESIAN_POINT('',(0.0105410567175964,-0.0327630281304462,0.0307212137218862));
#7717=CARTESIAN_POINT('',(3.30643715532042E-18,4.68711497137172E-33,0.0307212137218862));
#7718=CARTESIAN_POINT('',(0.01027198843287,-0.0328483811265484,0.0307212137218862));
#7719=CARTESIAN_POINT('',(0.01027198843287,-0.0328483811265483,0.0307212137218862));
#7720=CARTESIAN_POINT('',(0.0101021556124129,-0.0329014893987806,0.0304770400025716));
#7721=CARTESIAN_POINT('',(0.00992081875728588,-0.0329565673668762,0.0302411168268507));
#7722=CARTESIAN_POINT('',(0.00976010298907948,-0.0330040948768872,0.0299897263728158));
#7723=CARTESIAN_POINT('',(0.00976010293635837,-0.033004094892478,0.0299897263401572));
#7724=CARTESIAN_POINT('',(0.00976010288363727,-0.0330040949080687,0.0299897263074987));
#7725=CARTESIAN_POINT('',(0.00961453354986109,-0.0330471432533821,0.0302452712530737));
#7726=CARTESIAN_POINT('',(0.00943638883767539,-0.0330985513274472,0.0304789804977189));
#7727=CARTESIAN_POINT('',(0.00927057460697476,-0.0331449292570751,0.0307212137218862));
#7728=CARTESIAN_POINT('',(0.00927057460697474,-0.0331449292570751,0.0307212137218862));
#7729=CARTESIAN_POINT('',(3.30643715532042E-18,4.68711497137172E-33,0.0307212137218862));
#7730=CARTESIAN_POINT('',(0.00897860108425449,-0.0332252104819492,0.0307212137218862));
#7731=CARTESIAN_POINT('',(3.30643715532042E-18,4.68711497137172E-33,0.0302556640534102));
#7732=CARTESIAN_POINT('',(0.00961235575746839,-0.0330474281267372,0.0297901133688688));
#7733=CARTESIAN_POINT('',(3.30643715532042E-18,4.68711497137172E-33,0.0292878597726092));
#7734=CARTESIAN_POINT('',(0.00889682030984857,-0.0332472025496019,0.0287856051602687));
#7735=CARTESIAN_POINT('',(3.30643715532042E-18,4.68711497137172E-33,0.0287856051602687));
#7736=CARTESIAN_POINT('',(0.00919393827841709,-0.0331662688274195,0.0287856051602687));
#7737=CARTESIAN_POINT('',(0.00919393827841709,-0.0331662688274195,0.0287856051602687));
#7738=CARTESIAN_POINT('',(0.00937978421827565,-0.0331147509400971,0.0290530716615314));
#7739=CARTESIAN_POINT('',(0.00957277390277875,-0.0330594334280172,0.0293148324306734));
#7740=CARTESIAN_POINT('',(0.00975025902817189,-0.033007004376095,0.0295879231521682));
#7741=CARTESIAN_POINT('',(3.30643715532042E-18,4.68711497137172E-33,0.0287856051602687));
#7742=CARTESIAN_POINT('',(0.0103121391061858,-0.032903576893998,0.0287856051602687));
#7743=CARTESIAN_POINT('',(0.0103302894864351,-0.0329632075976602,0.0287856051602687));
#7744=CARTESIAN_POINT('',(3.30643715532042E-18,4.68711497137172E-33,0.0287856051602687));
#7745=CARTESIAN_POINT('',(0.0106295757349029,-0.0328679183353002,0.0287856051602687));
#7746=CARTESIAN_POINT('',(0.010611234341593,-0.0328091073707539,0.0287856051602687));
#7747=CARTESIAN_POINT('',(0.0100403626640347,-0.0329863001467,0.0291867642201116));
#7748=CARTESIAN_POINT('',(0.00974992378719028,-0.0330071064159242,0.0295876749256169));
#7749=CARTESIAN_POINT('',(0.00976213894970869,-0.0330476377971485,0.0295878394256733));
#7750=CARTESIAN_POINT('',(0.0097743541122271,-0.0330881691783728,0.0295880039257296));
#7751=CARTESIAN_POINT('',(0.00978656927474551,-0.0331287005595971,0.029588168425786));
#7752=CARTESIAN_POINT('',(0.00978623780237155,-0.0331288014534585,0.0295879230882751));
#7753=CARTESIAN_POINT('',(3.30643715532042E-18,4.68711497137172E-33,0.0291867642201067));
#7754=CARTESIAN_POINT('',(0.0092280338797817,-0.0332892655070193,0.0287856051602687));
#7755=CARTESIAN_POINT('',(0.0093212547464662,-0.0332634239841451,0.0289192714394708));
#7756=CARTESIAN_POINT('',(0.00941436688877875,-0.0332371909344047,0.0290530487672304));
#7757=CARTESIAN_POINT('',(0.00951899203894372,-0.0332072393321404,0.0292036731905969));
#7758=CARTESIAN_POINT('',(0.00952430799237654,-0.0332057144206115,0.0292112492416981));
#7759=CARTESIAN_POINT('',(0.00954406522998782,-0.0332000411415799,0.0292393863777654));
#7760=CARTESIAN_POINT('',(0.00955488239586644,-0.0331969302698306,0.0292547299724361));
#7761=CARTESIAN_POINT('',(0.00959014714109573,-0.0331867666957449,0.0293045858363594));
#7762=CARTESIAN_POINT('',(0.00961740811560944,-0.0331788835104547,0.0293429231855231));
#7763=CARTESIAN_POINT('',(0.00967941610344476,-0.0331608466984618,0.0294297980969469));
#7764=CARTESIAN_POINT('',(0.00969784150860288,-0.0331554558385318,0.0294562989506162));
#7765=CARTESIAN_POINT('',(0.00974384199294296,-0.0331419662211428,0.0295234863955513));
#7766=CARTESIAN_POINT('',(0.00976569998106172,-0.0331355304445159,0.0295561631797311));
#7767=CARTESIAN_POINT('',(0.00978641765449413,-0.0331294104501579,0.029587923024382));
#7768=CARTESIAN_POINT('',(0.00978741213077156,-0.0331291166821715,0.0295894475397763));
#7769=CARTESIAN_POINT('',(0.00978840660704899,-0.0331288229141851,0.0295909720551705));
#7770=CARTESIAN_POINT('',(0.00978940108332643,-0.0331285291461987,0.0295924965705647));
#7771=CARTESIAN_POINT('',(0.00922786424992416,-0.0332886535832402,0.0287856051602687));
#7772=CARTESIAN_POINT('',(0.00932108340302129,-0.0332628125353852,0.0289192714394708));
#7773=CARTESIAN_POINT('',(0.00941419383374504,-0.0332365799678611,0.0290530487672304));
#7774=CARTESIAN_POINT('',(0.00951881706068893,-0.0332066289161677,0.0292036731905969));
#7775=CARTESIAN_POINT('',(0.00952413291640381,-0.0332051040326698,0.0292112492416981));
#7776=CARTESIAN_POINT('',(0.00954388979083726,-0.0331994308579244,0.0292393863777654));
#7777=CARTESIAN_POINT('',(0.00955470675787457,-0.0331963200433592,0.0292547299724361));
#7778=CARTESIAN_POINT('',(0.00958997085486678,-0.0331861566561004,0.0293045858363594));
#7779=CARTESIAN_POINT('',(0.00961723132826884,-0.0331782736157191,0.0293429231855231));
#7780=CARTESIAN_POINT('',(0.0096792381762724,-0.0331602371352792,0.0294297980969469));
#7781=CARTESIAN_POINT('',(0.00969766324273445,-0.033154846374444,0.0294562989506162));
#7782=CARTESIAN_POINT('',(0.00974366288149293,-0.0331413570050214,0.0295234863955513));
#7783=CARTESIAN_POINT('',(0.00976552046781782,-0.033134921346697,0.0295561631797311));
#7784=CARTESIAN_POINT('',(0.00978623776041765,-0.0331288014648368,0.029587923024382));
#7785=CARTESIAN_POINT('',(0.0097872322184146,-0.0331285077022505,0.0295894475397763));
#7786=CARTESIAN_POINT('',(0.00978822667641156,-0.0331282139396641,0.0295909720551705));
#7787=CARTESIAN_POINT('',(0.00978922113440851,-0.0331279201770778,0.0295924965705647));
#7788=CARTESIAN_POINT('',(0.00919393827841709,-0.0331662688274195,0.0287856051602687));
#7789=CARTESIAN_POINT('',(0.00928681471403958,-0.0331405227834169,0.0289192714394707));
#7790=CARTESIAN_POINT('',(0.00937958282700333,-0.0331143866591557,0.0290530487672304));
#7791=CARTESIAN_POINT('',(0.00948382140973052,-0.033084545721623,0.0292036731905969));
#7792=CARTESIAN_POINT('',(0.00948911772185821,-0.0330830264443144,0.0292112492416981));
#7793=CARTESIAN_POINT('',(0.00950880196072388,-0.0330773741268291,0.0292393863777654));
#7794=CARTESIAN_POINT('',(0.00951957915950003,-0.0330742747490822,0.0292547299724361));
#7795=CARTESIAN_POINT('',(0.00955471360907683,-0.0330641487272177,0.0293045858363594));
#7796=CARTESIAN_POINT('',(0.00958187386015021,-0.0330562946686025,0.0293429231855231));
#7797=CARTESIAN_POINT('',(0.00964365274180081,-0.0330383244987524,0.0294297980969469));
#7798=CARTESIAN_POINT('',(0.00966201006904793,-0.0330329535568909,0.0294562989506162));
#7799=CARTESIAN_POINT('',(0.00970784059148744,-0.0330195137807382,0.0295234863955513));
#7800=CARTESIAN_POINT('',(0.00972961781903773,-0.0330131017829228,0.0295561631797291));
#7801=CARTESIAN_POINT('',(0.00975025894512199,-0.0330070044006279,0.029587923024382));
#7802=CARTESIAN_POINT('',(0.00975124974702343,-0.033006711718051,0.0295894475397764));
#7803=CARTESIAN_POINT('',(0.00975224054892488,-0.0330064190354742,0.0295909720551707));
#7804=CARTESIAN_POINT('',(0.00975323135082632,-0.0330061263528973,0.029592496570565));
#7805=CARTESIAN_POINT('',(0.00919376695226098,-0.0331656507844026,0.0287856051602687));
#7806=CARTESIAN_POINT('',(0.00928664165716023,-0.0331399052201694,0.0289192714394707));
#7807=CARTESIAN_POINT('',(0.00937940804141929,-0.0331137695829467,0.0290530487672304));
#7808=CARTESIAN_POINT('',(0.00948364468169318,-0.0330839292014906,0.0292036731905969));
#7809=CARTESIAN_POINT('',(0.00948894089512576,-0.0330824099524932,0.0292112492416981));
#7810=CARTESIAN_POINT('',(0.00950862476718181,-0.0330767577403371,0.0292393863777654));
#7811=CARTESIAN_POINT('',(0.00951940176512824,-0.0330736584203461,0.0292547299724361));
#7812=CARTESIAN_POINT('',(0.00955453555998559,-0.0330635325871769,0.0293045858363594));
#7813=CARTESIAN_POINT('',(0.00958169530493621,-0.0330556786749195,0.0293429231855231));
#7814=CARTESIAN_POINT('',(0.00964347303535673,-0.033037708839938,0.0294297980969469));
#7815=CARTESIAN_POINT('',(0.00966183002052082,-0.0330323379981622,0.0294562989506162));
#7816=CARTESIAN_POINT('',(0.00970765968892291,-0.0330188984724556,0.0295234863955513));
#7817=CARTESIAN_POINT('',(0.00972943651066139,-0.0330124865941257,0.0295561631797291));
#7818=CARTESIAN_POINT('',(0.00975007725210475,-0.0330063893254536,0.029587923024382));
#7819=CARTESIAN_POINT('',(0.00975106803554291,-0.0330060966483308,0.0295894475397764));
#7820=CARTESIAN_POINT('',(0.00975205881898107,-0.033005803971208,0.0295909720551707));
#7821=CARTESIAN_POINT('',(0.00975304960241923,-0.0330055112940852,0.029592496570565));
#7822=CARTESIAN_POINT('',(0.00919393827841709,-0.0331662688274195,0.0287856051602687));
#7823=CARTESIAN_POINT('',(0.00922786424992416,-0.0332886535832402,0.0287856051602687));
#7824=CARTESIAN_POINT('',(0.00922786424992416,-0.0332886535832402,0.0287856051602687));
#7825=CARTESIAN_POINT('',(0.00941439605659689,-0.0332369455684968,0.0290530717883425));
#7826=CARTESIAN_POINT('',(0.00960807954880431,-0.0331814293462233,0.0293148044640758));
#7827=CARTESIAN_POINT('',(0.00978623784377401,-0.0331288014402134,0.0295879231521682));
#7828=CARTESIAN_POINT('',(3.30643715532042E-18,4.68711497137172E-33,0.0287856051602687));
#7829=CARTESIAN_POINT('',(-0.000358440006645554,-0.000100074903527948,0.0287856051602687));
#7830=CARTESIAN_POINT('',(0.0089302991992911,-0.0333697121985063,0.0287856051602687));
#7831=CARTESIAN_POINT('',(3.30643715532042E-18,4.68711497137172E-33,0.0287856051602687));
#7832=CARTESIAN_POINT('',(0.00927230485395016,-0.0332107740932407,0.0292878597726091));
#7833=CARTESIAN_POINT('',(0.00963056518530564,-0.0331100636006799,0.0297901114971335));
#7834=CARTESIAN_POINT('',(0.00964721447298168,-0.0331695521361427,0.0297901639417291));
#7835=CARTESIAN_POINT('',(3.30643715532042E-18,4.68711497137172E-33,0.0292878597726092));
#7836=CARTESIAN_POINT('',(0.00931305490977102,-0.0331989741960396,0.030255664053418));
#7837=CARTESIAN_POINT('',(-0.000317467180886875,-8.90566458527574E-5,0.0307212137218862));
#7838=CARTESIAN_POINT('',(0.00901231381444506,-0.0333476556253954,0.0307212137218862));
#7839=CARTESIAN_POINT('',(3.30643715532042E-18,4.68711497137172E-33,0.0302556640534102));
#7840=CARTESIAN_POINT('',(3.30643715532042E-18,4.68711497137172E-33,0.0307212137218862));
#7841=CARTESIAN_POINT('',(0.0093047833693621,-0.0332672352690939,0.0307212137218862));
#7842=CARTESIAN_POINT('',(0.0093047833693621,-0.0332672352690939,0.0307212137218862));
#7843=CARTESIAN_POINT('',(3.30643715532042E-18,4.68711497137172E-33,0.0307212137218862));
#7844=CARTESIAN_POINT('',(0.0097964782049464,-0.0331270990905167,0.0299897262548213));
#7845=CARTESIAN_POINT('',(0.00976570194190194,-0.033136200370086,0.0300435529529733));
#7846=CARTESIAN_POINT('',(0.00972654237834761,-0.033147737604391,0.0301057130617029));
#7847=CARTESIAN_POINT('',(0.0096730275083339,-0.0331633571365137,0.030185018237537));
#7848=CARTESIAN_POINT('',(0.00967324631004411,-0.0331632929185599,0.0301846821543004));
#7849=CARTESIAN_POINT('',(0.00966659394154602,-0.0331652325929768,0.0301944929285726));
#7850=CARTESIAN_POINT('',(0.00966295934901149,-0.0331662918165237,0.0301998434112246));
#7851=CARTESIAN_POINT('',(0.00965113008133672,-0.03316973673384,0.030217230145729));
#7852=CARTESIAN_POINT('',(0.00964200993079364,-0.033172389725968,0.0302306016841293));
#7853=CARTESIAN_POINT('',(0.00961094490996583,-0.0331814086856935,0.0302760574455228));
#7854=CARTESIAN_POINT('',(0.00958529569854939,-0.0331888354654646,0.0303134828147083));
#7855=CARTESIAN_POINT('',(0.00952409916794774,-0.0332064485939314,0.0304025766095923));
#7856=CARTESIAN_POINT('',(0.00950174875408078,-0.0332128450334712,0.0304351065179172));
#7857=CARTESIAN_POINT('',(0.00945365849305089,-0.0332265653611657,0.030505092048918));
#7858=CARTESIAN_POINT('',(0.00943123392516174,-0.03323293507037,0.0305377210754911));
#7859=CARTESIAN_POINT('',(0.00936883047978032,-0.0332506024651078,0.0306285169384288));
#7860=CARTESIAN_POINT('',(0.00933372228223209,-0.0332604598504584,0.0306795925645223));
#7861=CARTESIAN_POINT('',(0.00930512580052341,-0.0332684582331273,0.0307212132218858));
#7862=CARTESIAN_POINT('',(0.00930398194125507,-0.033268778168434,0.0307228780481803));
#7863=CARTESIAN_POINT('',(0.00930283808198672,-0.0332690981037408,0.0307245428744749));
#7864=CARTESIAN_POINT('',(0.00930169422271837,-0.0332694180390475,0.0307262077007695));
#7865=CARTESIAN_POINT('',(0.00979611805354737,-0.0331258812272363,0.0299897262548213));
#7866=CARTESIAN_POINT('',(0.00976534292194127,-0.0331349821722121,0.0300435529529738));
#7867=CARTESIAN_POINT('',(0.00972618479802416,-0.0331465189823695,0.0301057130617029));
#7868=CARTESIAN_POINT('',(0.00967267189539656,-0.0331621379402659,0.030185018237537));
#7869=CARTESIAN_POINT('',(0.0096728906890629,-0.0331620737246729,0.0301846821543004));
#7870=CARTESIAN_POINT('',(0.00966623856512819,-0.0331640133277809,0.0301944929285726));
#7871=CARTESIAN_POINT('',(0.00966260410621347,-0.0331650725123873,0.0301998434112246));
#7872=CARTESIAN_POINT('',(0.00965077527342226,-0.0331685173030568,0.030217230145729));
#7873=CARTESIAN_POINT('',(0.0096416554581665,-0.0331711701976519,0.0302306016841293));
#7874=CARTESIAN_POINT('',(0.00961059157939305,-0.0331801888258102,0.0302760574455228));
#7875=CARTESIAN_POINT('',(0.00958494331092767,-0.033187615332548,0.0303134828147083));
#7876=CARTESIAN_POINT('',(0.00952374903011575,-0.0332052278134971,0.0304025766095923));
#7877=CARTESIAN_POINT('',(0.00950139943792498,-0.0332116240178823,0.0304351065179172));
#7878=CARTESIAN_POINT('',(0.00945331094485439,-0.0332253438411715,0.030505092048918));
#7879=CARTESIAN_POINT('',(0.00943088720136757,-0.0332317133162039,0.0305377210754911));
#7880=CARTESIAN_POINT('',(0.00936848605014613,-0.033249380061429,0.0306285169384288));
#7881=CARTESIAN_POINT('',(0.00933337914329322,-0.0332592370843891,0.030679592564522));
#7882=CARTESIAN_POINT('',(0.00930478371288691,-0.0332672351730106,0.0307212132218858));
#7883=CARTESIAN_POINT('',(0.00930363989567066,-0.0332675550965555,0.0307228780481803));
#7884=CARTESIAN_POINT('',(0.00930249607845441,-0.0332678750201003,0.0307245428744749));
#7885=CARTESIAN_POINT('',(0.00930135226123815,-0.0332681949436452,0.0307262077007695));
#7886=CARTESIAN_POINT('',(0.00976010291364462,-0.0330040948991949,0.0299897262548213));
#7887=CARTESIAN_POINT('',(0.00972944092587415,-0.0330131623848233,0.0300435529530274));
#7888=CARTESIAN_POINT('',(0.00969042676567848,-0.0330246567802285,0.0301057130617029));
#7889=CARTESIAN_POINT('',(0.00963711060166349,-0.0330402183154855,0.030185018237537));
#7890=CARTESIAN_POINT('',(0.00963732859094134,-0.0330401543359793,0.0301846821543004));
#7891=CARTESIAN_POINT('',(0.00963070092334463,-0.0330420868081935,0.0301944929285726));
#7892=CARTESIAN_POINT('',(0.00962707982641121,-0.0330431420987388,0.0301998434112246));
#7893=CARTESIAN_POINT('',(0.00961529448197585,-0.0330465742247367,0.030217230145729));
#7894=CARTESIAN_POINT('',(0.00960620819545266,-0.0330492173660429,0.0302306016841293));
#7895=CARTESIAN_POINT('',(0.00957525852211587,-0.03305820283748,0.0302760574455228));
#7896=CARTESIAN_POINT('',(0.00954970454875514,-0.0330656020408842,0.0303134828147083));
#7897=CARTESIAN_POINT('',(0.00948873524691679,-0.0330831497700651,0.0304025766095923));
#7898=CARTESIAN_POINT('',(0.00946646782234437,-0.0330895224589931,0.0304351065179172));
#7899=CARTESIAN_POINT('',(0.00941855612520419,-0.0331031918417555,0.030505092048918));
#7900=CARTESIAN_POINT('',(0.00939621482195077,-0.0331095378996002,0.0305377210754911));
#7901=CARTESIAN_POINT('',(0.00933404308672647,-0.0331271396935561,0.0306285169384288));
#7902=CARTESIAN_POINT('',(0.00929906524940579,-0.0331369604774551,0.0306795925644902));
#7903=CARTESIAN_POINT('',(0.00927057494923659,-0.0331449291613451,0.0307212132218858));
#7904=CARTESIAN_POINT('',(0.00926943533722982,-0.0331452479087007,0.0307228780481816));
#7905=CARTESIAN_POINT('',(0.00926829572522306,-0.0331455666560563,0.0307245428744774));
#7906=CARTESIAN_POINT('',(0.00926715611321629,-0.0331458854034119,0.0307262077007733));
#7907=CARTESIAN_POINT('',(0.0097597391607316,-0.0330028648572817,0.0299897262548213));
#7908=CARTESIAN_POINT('',(0.00972907831571387,-0.0330119320049707,0.030043552953028));
#7909=CARTESIAN_POINT('',(0.00969006560955179,-0.0330234259719869,0.0301057130617029));
#7910=CARTESIAN_POINT('',(0.00963675143259678,-0.0330389869272752,0.030185018237537));
#7911=CARTESIAN_POINT('',(0.00963696941375031,-0.0330389229501535,0.0301846821543004));
#7912=CARTESIAN_POINT('',(0.00963034199316261,-0.0330408553503457,0.0301944929285726));
#7913=CARTESIAN_POINT('',(0.00962672103118521,-0.0330419106015609,0.0301998434112246));
#7914=CARTESIAN_POINT('',(0.00961493612598224,-0.0330453425996457,0.030217230145729));
#7915=CARTESIAN_POINT('',(0.00960585017809925,-0.0330479856424436,0.0302306016841293));
#7916=CARTESIAN_POINT('',(0.00957490165823737,-0.0330569707789979,0.0302760574455228));
#7917=CARTESIAN_POINT('',(0.0095493486372572,-0.0330643697066384,0.0303134828147083));
#7918=CARTESIAN_POINT('',(0.00948838160770648,-0.0330819167818265,0.0304025766095923));
#7919=CARTESIAN_POINT('',(0.00946611501302701,-0.0330882892332483,0.0304351065179172));
#7920=CARTESIAN_POINT('',(0.00941820510152572,-0.0331019581065614,0.030505092048918));
#7921=CARTESIAN_POINT('',(0.00939586463091866,-0.0331083039278925,0.0305377210754911));
#7922=CARTESIAN_POINT('',(0.00933369521279593,-0.0331259050658406,0.0306285169384288));
#7923=CARTESIAN_POINT('',(0.00929871867907752,-0.0331357254837251,0.0306795925644899));
#7924=CARTESIAN_POINT('',(0.00927022944072372,-0.0331436938706273,0.0307212132218858));
#7925=CARTESIAN_POINT('',(0.00926908987118957,-0.0331440126061034,0.0307228780481816));
#7926=CARTESIAN_POINT('',(0.00926795030165542,-0.0331443313415795,0.0307245428744775));
#7927=CARTESIAN_POINT('',(0.00926681073212127,-0.0331446500770556,0.0307262077007733));
#7928=CARTESIAN_POINT('',(0.00977811063474403,-0.0330649880185175,0.0299897264908104));
#7929=CARTESIAN_POINT('',(0.00979611816711717,-0.0331258811936509,0.0299897264318131));
#7930=CARTESIAN_POINT('',(0.00979611802363303,-0.0331258812360827,0.0299897263071424));
#7931=CARTESIAN_POINT('',(0.00964997386970355,-0.0331690995695107,0.0302453371282918));
#7932=CARTESIAN_POINT('',(0.00947120369661001,-0.0332206878153973,0.0304789888873489));
#7933=CARTESIAN_POINT('',(0.0093047833693621,-0.0332672352690939,0.0307212137218862));
#7934=CARTESIAN_POINT('',(0.0103100819693093,-0.0329701989237152,0.0307212137218862));
#7935=CARTESIAN_POINT('',(0.0101627972499359,-0.0330162561990467,0.0305102404726395));
#7936=CARTESIAN_POINT('',(0.0100771666270454,-0.0330421416510904,0.0303882667629188));
#7937=CARTESIAN_POINT('',(0.010047755562794,-0.0330510885332974,0.0303470482109412));
#7938=CARTESIAN_POINT('',(0.0100398339911479,-0.0330535030790718,0.0303362651362139));
#7939=CARTESIAN_POINT('',(0.00999597396307741,-0.033066793568435,0.0302760993997462));
#7940=CARTESIAN_POINT('',(0.00996402187634839,-0.0330764568532955,0.0302323035424903));
#7941=CARTESIAN_POINT('',(0.00991152150569619,-0.0330921995172603,0.0301604174846428));
#7942=CARTESIAN_POINT('',(0.00990946566828547,-0.0330928139522187,0.0301575416710744));
#7943=CARTESIAN_POINT('',(0.00989768176409696,-0.033096340293207,0.0301411627720135));
#7944=CARTESIAN_POINT('',(0.00989204716811228,-0.0330980247386472,0.0301332646662969));
#7945=CARTESIAN_POINT('',(0.00987591580503536,-0.0331028430843519,0.0301104443805883));
#7946=CARTESIAN_POINT('',(0.00986619147388704,-0.0331057420300815,0.0300963962320377));
#7947=CARTESIAN_POINT('',(0.00984011066436585,-0.0331135071913289,0.0300577479121511));
#7948=CARTESIAN_POINT('',(0.00982573774734834,-0.033117784157148,0.0300356053526876));
#7949=CARTESIAN_POINT('',(0.00979629828067605,-0.0331264901140952,0.0299897264908104));
#7950=CARTESIAN_POINT('',(0.00979488515056085,-0.0331269080105904,0.0299875242497817));
#7951=CARTESIAN_POINT('',(0.00979347202044565,-0.0331273259070857,0.029985322008753));
#7952=CARTESIAN_POINT('',(0.00979205889033045,-0.0331277438035809,0.0299831197677243));
#7953=CARTESIAN_POINT('',(0.0103098924492275,-0.0329695928650228,0.0307212137218862));
#7954=CARTESIAN_POINT('',(0.0101626104372478,-0.0330156492937277,0.0305102404726449));
#7955=CARTESIAN_POINT('',(0.0100769813884169,-0.0330415342699458,0.0303882667629188));
#7956=CARTESIAN_POINT('',(0.0100475708648002,-0.033050480987691,0.0303470482109412));
#7957=CARTESIAN_POINT('',(0.0100396494387685,-0.0330528954890812,0.0303362651362139));
#7958=CARTESIAN_POINT('',(0.00999579021693372,-0.0330661857341384,0.0302760993997462));
#7959=CARTESIAN_POINT('',(0.00996383871754843,-0.0330758488413683,0.0302323035424903));
#7960=CARTESIAN_POINT('',(0.00991133931195884,-0.0330915912159512,0.0301604174846428));
#7961=CARTESIAN_POINT('',(0.00990928351233856,-0.0330922056396151,0.0301575416710744));
#7962=CARTESIAN_POINT('',(0.00989749982476194,-0.0330957319157821,0.0301411627720135));
#7963=CARTESIAN_POINT('',(0.00989186533235249,-0.0330974163302588,0.0301332646662969));
#7964=CARTESIAN_POINT('',(0.00987573426580253,-0.0331022345873926,0.0301104443805883));
#7965=CARTESIAN_POINT('',(0.00986601011340701,-0.0331051334798338,0.0300963962320377));
#7966=CARTESIAN_POINT('',(0.00983992978330365,-0.0331128984983418,0.0300577479121511));
#7967=CARTESIAN_POINT('',(0.00982555712947015,-0.033117175385843,0.0300356053510934));
#7968=CARTESIAN_POINT('',(0.00979611820497376,-0.0331258811824558,0.0299897264908104));
#7969=CARTESIAN_POINT('',(0.00979470510088366,-0.0331262990712548,0.0299875242498583));
#7970=CARTESIAN_POINT('',(0.00979329199679356,-0.0331267169600538,0.0299853220089061));
#7971=CARTESIAN_POINT('',(0.00979187889270347,-0.0331271348488527,0.0299831197679538));
#7972=CARTESIAN_POINT('',(0.01027198843287,-0.0328483811265484,0.0307212137218862));
#7973=CARTESIAN_POINT('',(0.0101252478996217,-0.0328942682299145,0.0305102404737176));
#7974=CARTESIAN_POINT('',(0.0100399336627242,-0.0329200580410121,0.0303882667629188));
#7975=CARTESIAN_POINT('',(0.0100106312660325,-0.0329289718664127,0.0303470482109412));
#7976=CARTESIAN_POINT('',(0.0100027389628907,-0.0329313774909596,0.0303362651362139));
#7977=CARTESIAN_POINT('',(0.009959040988195,-0.0329446188748218,0.0302760993997462));
#7978=CARTESIAN_POINT('',(0.00992720695755744,-0.0329542464559221,0.0302323035424903));
#7979=CARTESIAN_POINT('',(0.0098749005644884,-0.0329699309541278,0.0301604174846428));
#7980=CARTESIAN_POINT('',(0.00987285232295496,-0.0329705431188812,0.0301575416710744));
#7981=CARTESIAN_POINT('',(0.00986111195775914,-0.0329740564307976,0.0301411627720135));
#7982=CARTESIAN_POINT('',(0.00985549818039531,-0.032975734652574,0.0301332646662969));
#7983=CARTESIAN_POINT('',(0.00983942641923708,-0.0329805351955272,0.0301104443805883));
#7984=CARTESIAN_POINT('',(0.00982973801740184,-0.0329834234302755,0.0300963962320377));
#7985=CARTESIAN_POINT('',(0.00980375357086504,-0.0329911599009215,0.0300577479121511));
#7986=CARTESIAN_POINT('',(0.00978943355383063,-0.0329954211248519,0.0300356050322483));
#7987=CARTESIAN_POINT('',(0.0097601030645143,-0.0330040948545792,0.0299897264908104));
#7988=CARTESIAN_POINT('',(0.00975869516544439,-0.0330045112041288,0.0299875242651632));
#7989=CARTESIAN_POINT('',(0.00975728726637449,-0.0330049275536784,0.0299853220395159));
#7990=CARTESIAN_POINT('',(0.00975587936730458,-0.0330053439032279,0.0299831198138687));
#7991=CARTESIAN_POINT('',(0.0102717970175874,-0.0328477690072691,0.0307212137218862));
#7992=CARTESIAN_POINT('',(0.0101250592188067,-0.0328936552555422,0.0305102404737231));
#7993=CARTESIAN_POINT('',(0.0100397465717094,-0.032919444586056,0.0303882667629188));
#7994=CARTESIAN_POINT('',(0.0100104447210587,-0.0329283582453503,0.0303470482109412));
#7995=CARTESIAN_POINT('',(0.0100025525649875,-0.0329307638250691,0.0303362651362139));
#7996=CARTESIAN_POINT('',(0.00995885540458987,-0.0329440049621822,0.0302760993997462));
#7997=CARTESIAN_POINT('',(0.00992702196716949,-0.0329536323638756,0.0302323035424903));
#7998=CARTESIAN_POINT('',(0.00987471654881367,-0.0329693165698056,0.0301604174846428));
#7999=CARTESIAN_POINT('',(0.00987266834544857,-0.0329699287231515,0.0301575416710744));
#8000=CARTESIAN_POINT('',(0.00986092819903078,-0.0329734419695984,0.0301411627720135));
#8001=CARTESIAN_POINT('',(0.00985531452627793,-0.0329751201601017,0.0301332646662969));
#8002=CARTESIAN_POINT('',(0.00983924306461192,-0.0329799206135983,0.0301104443805883));
#8003=CARTESIAN_POINT('',(0.00982955484331701,-0.0329828087945253,0.0300963962320377));
#8004=CARTESIAN_POINT('',(0.00980357088099222,-0.0329905451210045,0.0300577479121511));
#8005=CARTESIAN_POINT('',(0.00978925112977365,-0.0329948062658339,0.0300356050306382));
#8006=CARTESIAN_POINT('',(0.00975992118805498,-0.0330034798336234,0.0299897264908104));
#8007=CARTESIAN_POINT('',(0.00975851331527042,-0.0330038961753998,0.0299875242652405));
#8008=CARTESIAN_POINT('',(0.00975710544248587,-0.0330043125171762,0.0299853220396705));
#8009=CARTESIAN_POINT('',(0.00975569756970132,-0.0330047288589525,0.0299831198141006));
#8010=CARTESIAN_POINT('',(0.01027198843287,-0.0328483811265484,0.0307212137218862));
#8011=CARTESIAN_POINT('',(0.0103098924492275,-0.0329695928650228,0.0307212137218862));
#8012=CARTESIAN_POINT('',(0.0103098924492275,-0.0329695928650228,0.0307212137218862));
#8013=CARTESIAN_POINT('',(0.0101394422035734,-0.0330228942117465,0.0304770532729879));
#8014=CARTESIAN_POINT('',(0.0099575575595434,-0.0330781396905905,0.0302413203827108));
#8015=CARTESIAN_POINT('',(0.00979611812926059,-0.0331258812048461,0.0299897263728158));
#8016=CARTESIAN_POINT('',(3.30643715532042E-18,4.68711497137172E-33,0.0307212137218862));
#8017=CARTESIAN_POINT('',(0.0105611129956703,-0.0328253958681813,0.0307212137218862));
#8018=CARTESIAN_POINT('',(0.0105793752712714,-0.0328841109788544,0.0307212137218862));
#8019=CARTESIAN_POINT('',(3.30643715532042E-18,4.68711497137172E-33,0.0307212137218862));
#8020=CARTESIAN_POINT('',(0.0102407401655773,-0.0329250420555289,0.0302601693581904));
#8021=CARTESIAN_POINT('',(0.00992048036677344,-0.033025044540452,0.0297991278961249));
#8022=CARTESIAN_POINT('',(0.00993865421200006,-0.0330833959631458,0.029799160290722));
#8023=CARTESIAN_POINT('',(3.30643715532042E-18,4.68711497137172E-33,0.0302601693581903));
#8024=CARTESIAN_POINT('',(0.0102657856498343,-0.0329168425587896,0.0292923650773817));
#8025=CARTESIAN_POINT('',(3.30643715532042E-18,4.68711497137172E-33,0.0292923650773746));
#8026=CARTESIAN_POINT('',(3.30643715532042E-18,4.68711497137172E-33,0.0329641));
#8027=CARTESIAN_POINT('',(3.30643715532042E-18,4.68711497137172E-33,0.030255663776058));
#8028=CARTESIAN_POINT('',(0.00367739626465913,-0.0342199743675046,0.0307212137218862));
#8029=CARTESIAN_POINT('',(0.00433241710966583,-0.0341432284792735,0.0297901133731287));
#8030=CARTESIAN_POINT('',(3.30643715532042E-18,4.68711497137172E-33,0.029287859776995));
#8031=CARTESIAN_POINT('',(0.00359445991415178,-0.0342287853556848,0.0287856051602687));
#8032=CARTESIAN_POINT('',(3.30643715532042E-18,4.68711497137172E-33,0.0287856051602687));
#8033=CARTESIAN_POINT('',(0.00389929785289084,-0.0341953997674313,0.0287856051602687));
#8034=CARTESIAN_POINT('',(0.00389929785289084,-0.0341953997674313,0.0287856051602687));
#8035=CARTESIAN_POINT('',(0.00409346476994837,-0.0341732589342217,0.0290512434750307));
#8036=CARTESIAN_POINT('',(0.0042916766613883,-0.0341488666151384,0.0293138753323518));
#8037=CARTESIAN_POINT('',(0.00447366960005414,-0.0341250079752305,0.029587923107165));
#8038=CARTESIAN_POINT('',(0.00447366971602606,-0.034125007960027,0.0295879231103999));
#8039=CARTESIAN_POINT('',(0.00447366983199797,-0.0341250079448235,0.0295879231136347));
#8040=CARTESIAN_POINT('',(0.00466178117140835,-0.0341003472026037,0.0293209624877132));
#8041=CARTESIAN_POINT('',(0.00484845133053953,-0.0340743027108536,0.0290531205775572));
#8042=CARTESIAN_POINT('',(0.00503535358696852,-0.0340466606769916,0.0287856051602687));
#8043=CARTESIAN_POINT('',(0.00503535358696853,-0.0340466606769916,0.0287856051602687));
#8044=CARTESIAN_POINT('',(3.30643715532042E-18,4.68711497137172E-33,0.0287856051602687));
#8045=CARTESIAN_POINT('',(0.00534484745693785,-0.033999448446439,0.0287856051602687));
#8046=CARTESIAN_POINT('',(3.30643715532042E-18,4.68711497137172E-33,0.029292365078546));
#8047=CARTESIAN_POINT('',(0.00463010314068098,-0.0341041351438012,0.0297991263261386));
#8048=CARTESIAN_POINT('',(3.30643715532042E-18,4.68711497137172E-33,0.0302601693593578));
#8049=CARTESIAN_POINT('',(0.00529414173858392,-0.0340073808496299,0.0307212137218862));
#8050=CARTESIAN_POINT('',(3.30643715532042E-18,4.68711497137172E-33,0.0307212137218862));
#8051=CARTESIAN_POINT('',(0.00501504407141629,-0.0340496581768709,0.0307212137218862));
#8052=CARTESIAN_POINT('',(0.00501504407141629,-0.0340496581768709,0.0307212137218862));
#8053=CARTESIAN_POINT('',(0.00483950728968387,-0.0340755123188411,0.0304763436270146));
#8054=CARTESIAN_POINT('',(0.00465009437672636,-0.0341018273203263,0.0302413835868308));
#8055=CARTESIAN_POINT('',(0.00448384727096526,-0.0341236721741764,0.0299897263728522));
#8056=CARTESIAN_POINT('',(0.00448384721645574,-0.0341236721813389,0.0299897263401936));
#8057=CARTESIAN_POINT('',(0.00448384716194622,-0.0341236721885015,0.029989726307535));
#8058=CARTESIAN_POINT('',(0.00433333977065812,-0.034143448844881,0.0302452712530943));
#8059=CARTESIAN_POINT('',(0.00414935094669991,-0.0341663931516421,0.0304789804977303));
#8060=CARTESIAN_POINT('',(0.00397832706998033,-0.0341862955396495,0.0307212137218862));
#8061=CARTESIAN_POINT('',(0.00397832706998032,-0.0341862955396495,0.0307212137218862));
#8062=CARTESIAN_POINT('',(3.30643715532042E-18,4.68711497137172E-33,0.0307212137218862));
#8063=CARTESIAN_POINT('',(0.00397102571951386,-0.0342514540992147,0.0292878597769903));
#8064=CARTESIAN_POINT('',(0.00434062070577463,-0.0342079499808548,0.0297901115156016));
#8065=CARTESIAN_POINT('',(0.00434777177407907,-0.0342692984550388,0.0297901631078378));
#8066=CARTESIAN_POINT('',(3.30643715532042E-18,4.68711497137172E-33,0.029287859776995));
#8067=CARTESIAN_POINT('',(0.00360839206875175,-0.0343550206327717,0.0287856051602687));
#8068=CARTESIAN_POINT('',(-0.000369671947654113,-4.28588172538998E-5,0.0287856051602687));
#8069=CARTESIAN_POINT('',(0.0040124805563888,-0.0342462389058979,0.0302556637760547));
#8070=CARTESIAN_POINT('',(-0.000328120278873898,-3.84444038586341E-5,0.0307212137218862));
#8071=CARTESIAN_POINT('',(0.00369156590834447,-0.0343461828613362,0.0307212137218862));
#8072=CARTESIAN_POINT('',(3.30643715532042E-18,4.68711497137172E-33,0.030255663776058));
#8073=CARTESIAN_POINT('',(3.30643715532042E-18,4.68711497137172E-33,0.0307212137218862));
#8074=CARTESIAN_POINT('',(0.00399300724367028,-0.0343124442316778,0.0307212137218862));
#8075=CARTESIAN_POINT('',(0.00399300724367028,-0.0343124442316778,0.0307212137218862));
#8076=CARTESIAN_POINT('',(3.30643715532042E-18,4.68711497137172E-33,0.0307212137218862));
#8077=CARTESIAN_POINT('',(0.00450055821020662,-0.0342508489700539,0.0299897262548213));
#8078=CARTESIAN_POINT('',(0.00446873794322426,-0.0342550301500282,0.0300435529529739));
#8079=CARTESIAN_POINT('',(0.0044282567418176,-0.0342603076045136,0.0301057130617035));
#8080=CARTESIAN_POINT('',(0.00437295872026112,-0.0342673744219167,0.0301850182375369));
#8081=CARTESIAN_POINT('',(0.00437318486815939,-0.0342673451770908,0.0301846821543074));
#8082=CARTESIAN_POINT('',(0.00436631114613973,-0.0342682216981285,0.0301944929285852));
#8083=CARTESIAN_POINT('',(0.0043625556988439,-0.0342687000630888,0.0301998434112397));
#8084=CARTESIAN_POINT('',(0.00435033347868024,-0.0342702545287223,0.0302172301457496));
#8085=CARTESIAN_POINT('',(0.00434091083394961,-0.0342714500534881,0.0302306016841518));
#8086=CARTESIAN_POINT('',(0.00430881821641839,-0.034275504810393,0.0302760574455453));
#8087=CARTESIAN_POINT('',(0.00428232365605181,-0.0342788330794257,0.0303134828147233));
#8088=CARTESIAN_POINT('',(0.00421912683573427,-0.0342866688659937,0.0304025766095773));
#8089=CARTESIAN_POINT('',(0.0041960515388343,-0.0342894948356854,0.0304351065176887));
#8090=CARTESIAN_POINT('',(0.00414640823406427,-0.0342955332858308,0.0305050920485589));
#8091=CARTESIAN_POINT('',(0.0041232638698525,-0.034298321267988,0.0305377210750994));
#8092=CARTESIAN_POINT('',(0.00405886647748696,-0.0343060220918926,0.0306285169380372));
#8093=CARTESIAN_POINT('',(0.00402264934224609,-0.0343102732920496,0.0306795925642611));
#8094=CARTESIAN_POINT('',(0.00399315439973808,-0.0343137056773638,0.0307212132218858));
#8095=CARTESIAN_POINT('',(0.00399197460203776,-0.0343138429727764,0.0307228780481908));
#8096=CARTESIAN_POINT('',(0.00399079480433744,-0.034313980268189,0.0307245428744958));
#8097=CARTESIAN_POINT('',(0.00398961500663712,-0.0343141175636016,0.0307262077008007));
#8098=CARTESIAN_POINT('',(0.00450039275459064,-0.0342495897939585,0.0299897262548213));
#8099=CARTESIAN_POINT('',(0.00446857365742771,-0.0342537708202187,0.0300435529529744));
#8100=CARTESIAN_POINT('',(0.00442809394424612,-0.0342590480806871,0.0301057130617035));
#8101=CARTESIAN_POINT('',(0.0043727979556304,-0.0342661146382903,0.0301850182375369));
#8102=CARTESIAN_POINT('',(0.00437302409521471,-0.0342660853945395,0.0301846821543074));
#8103=CARTESIAN_POINT('',(0.00436615062589613,-0.0342669618833533,0.0301944929285852));
#8104=CARTESIAN_POINT('',(0.00436239531666314,-0.0342674402307274,0.0301998434112397));
#8105=CARTESIAN_POINT('',(0.00435017354582929,-0.0342689946392135,0.0302172301457496));
#8106=CARTESIAN_POINT('',(0.00434075124750669,-0.0342701901200278,0.0302306016841518));
#8107=CARTESIAN_POINT('',(0.00430865980980773,-0.0342742447278662,0.0302760574455453));
#8108=CARTESIAN_POINT('',(0.00428216622347007,-0.0342775728745406,0.0303134828147233));
#8109=CARTESIAN_POINT('',(0.00421897172647962,-0.0342854083730388,0.0304025766095773));
#8110=CARTESIAN_POINT('',(0.00419589727790496,-0.0342882342388383,0.0304351065176887));
#8111=CARTESIAN_POINT('',(0.00414625579818933,-0.0342942724669901,0.0305050920485589));
#8112=CARTESIAN_POINT('',(0.00412311228484203,-0.0342970603466517,0.0305377210750994));
#8113=CARTESIAN_POINT('',(0.00405871725994064,-0.0343047608874482,0.0306285169380372));
#8114=CARTESIAN_POINT('',(0.00402250145616336,-0.0343090119313168,0.0306795925642608));
#8115=CARTESIAN_POINT('',(0.00399300759798815,-0.0343124441904451,0.0307212132218858));
#8116=CARTESIAN_POINT('',(0.00399182784366114,-0.0343125814808102,0.0307228780481908));
#8117=CARTESIAN_POINT('',(0.00399064808933413,-0.0343127187711754,0.0307245428744958));
#8118=CARTESIAN_POINT('',(0.00398946833500712,-0.0343128560615405,0.0307262077008008));
#8119=CARTESIAN_POINT('',(0.00448384719299288,-0.0341236721844219,0.0299897262548213));
#8120=CARTESIAN_POINT('',(0.00445214507777321,-0.0341278378392662,0.030043552953028));
#8121=CARTESIAN_POINT('',(0.00441181418709816,-0.0341330956980375,0.0301057130617035));
#8122=CARTESIAN_POINT('',(0.00435672149255823,-0.0341401362756495,0.0301850182375369));
#8123=CARTESIAN_POINT('',(0.00435694680074701,-0.0341401071394125,0.0301846821543074));
#8124=CARTESIAN_POINT('',(0.00435009860153622,-0.034140980405841,0.0301944929285852));
#8125=CARTESIAN_POINT('',(0.00434635709858717,-0.034141456994585,0.0301998434112397));
#8126=CARTESIAN_POINT('',(0.00433418026073433,-0.034143005688334,0.0302172301457496));
#8127=CARTESIAN_POINT('',(0.00432479260321438,-0.0341441967739983,0.0302306016841518));
#8128=CARTESIAN_POINT('',(0.00429281914874227,-0.0341482364751903,0.0302760574455453));
#8129=CARTESIAN_POINT('',(0.00426642296529555,-0.0341515523860313,0.0303134828147233));
#8130=CARTESIAN_POINT('',(0.00420346080101462,-0.0341593590775497,0.0304025766095773));
#8131=CARTESIAN_POINT('',(0.00418047118497149,-0.0341621745541367,0.0304351065176887));
#8132=CARTESIAN_POINT('',(0.00413101221069599,-0.0341681905829203,0.0305050920485589));
#8133=CARTESIAN_POINT('',(0.00410795378379482,-0.0341709682130243,0.0305377210750994));
#8134=CARTESIAN_POINT('',(0.0040437955053085,-0.0341786404430091,0.0306285169380372));
#8135=CARTESIAN_POINT('',(0.00400771284789105,-0.0341828758580373,0.0306795925642291));
#8136=CARTESIAN_POINT('',(0.00397832742299555,-0.0341862954985684,0.0307212132218858));
#8137=CARTESIAN_POINT('',(0.00397715200599973,-0.0341864322841897,0.0307228780481921));
#8138=CARTESIAN_POINT('',(0.00397597658900391,-0.0341865690698109,0.0307245428744983));
#8139=CARTESIAN_POINT('',(0.00397480117200808,-0.0341867058554322,0.0307262077008046));
#8140=CARTESIAN_POINT('',(0.00448368008282075,-0.0341224004165656,0.0299897262548213));
#8141=CARTESIAN_POINT('',(0.0044519791491187,-0.0341265659161586,0.0300435529530286));
#8142=CARTESIAN_POINT('',(0.00441164976155097,-0.0341318235789728,0.0301057130617035));
#8143=CARTESIAN_POINT('',(0.0043565591202812,-0.0341388638941868,0.0301850182375369));
#8144=CARTESIAN_POINT('',(0.00435678442007289,-0.0341388347590358,0.0301846821543074));
#8145=CARTESIAN_POINT('',(0.00434993647609019,-0.0341397079929181,0.0301944929285852));
#8146=CARTESIAN_POINT('',(0.0043461951125846,-0.0341401845639,0.0301998434112397));
#8147=CARTESIAN_POINT('',(0.00433401872855487,-0.0341417331999301,0.0302172301457496));
#8148=CARTESIAN_POINT('',(0.00432463142090703,-0.0341429242412034,0.0302306016841518));
#8149=CARTESIAN_POINT('',(0.0042926591580655,-0.0341469637918382,0.0302760574455453));
#8150=CARTESIAN_POINT('',(0.00426626395838798,-0.0341502795790973,0.0303134828147233));
#8151=CARTESIAN_POINT('',(0.00420330414066742,-0.0341580859796652,0.0304025766095773));
#8152=CARTESIAN_POINT('',(0.00418031538143286,-0.0341609013513213,0.0304351065176887));
#8153=CARTESIAN_POINT('',(0.00413085825046231,-0.0341669171558912,0.0305050920485589));
#8154=CARTESIAN_POINT('',(0.00410780068293424,-0.0341696946824747,0.0305377210750994));
#8155=CARTESIAN_POINT('',(0.00404364479558672,-0.0341773666265202,0.0306285169380372));
#8156=CARTESIAN_POINT('',(0.0040075634829475,-0.0341816018836971,0.0306795925642288));
#8157=CARTESIAN_POINT('',(0.00397817915322812,-0.0341850213967805,0.0307212132218858));
#8158=CARTESIAN_POINT('',(0.00397700378003935,-0.0341851581773038,0.0307228780481921));
#8159=CARTESIAN_POINT('',(0.00397582840685057,-0.0341852949578272,0.0307245428744983));
#8160=CARTESIAN_POINT('',(0.00397465303366179,-0.0341854317383505,0.0307262077008047));
#8161=CARTESIAN_POINT('',(0.00449212013002422,-0.0341866309686613,0.0299897264908832));
#8162=CARTESIAN_POINT('',(0.00450039287198078,-0.0342495897785334,0.0299897264318677));
#8163=CARTESIAN_POINT('',(0.00450039272364004,-0.0342495897980254,0.0299897263071787));
#8164=CARTESIAN_POINT('',(0.00434929101293724,-0.0342694445479184,0.0302453371283063));
#8165=CARTESIAN_POINT('',(0.00416465625961873,-0.0342924690949774,0.0304789888873653));
#8166=CARTESIAN_POINT('',(0.00399300724367028,-0.0343124442316778,0.0307212137218862));
#8167=CARTESIAN_POINT('',(0.00503364229758519,-0.0341759308944641,0.0307212137218862));
#8168=CARTESIAN_POINT('',(0.00488176817554313,-0.0341982998536881,0.0305101353179422));
#8169=CARTESIAN_POINT('',(0.00479332979100718,-0.0342104724200506,0.0303878621869282));
#8170=CARTESIAN_POINT('',(0.0047561470632044,-0.034215654735774,0.030337659403563));
#8171=CARTESIAN_POINT('',(0.00471188074677968,-0.0342218734067481,0.0302797369585316));
#8172=CARTESIAN_POINT('',(0.00461100061555102,-0.0342355209560023,0.0301482398563154));
#8173=CARTESIAN_POINT('',(0.00460544802805867,-0.0342362641623985,0.0301407297120956));
#8174=CARTESIAN_POINT('',(0.00458301693223912,-0.0342392741035129,0.0301104001142034));
#8175=CARTESIAN_POINT('',(0.00457290070006811,-0.0342406260049727,0.0300963952793966));
#8176=CARTESIAN_POINT('',(0.00454585113631356,-0.0342442312761902,0.0300578606673947));
#8177=CARTESIAN_POINT('',(0.00453090556808396,-0.0342462208715771,0.0300356197220911));
#8178=CARTESIAN_POINT('',(0.00450047563892169,-0.0342502193614391,0.0299897264908832));
#8179=CARTESIAN_POINT('',(0.00449901496540829,-0.0342504112938029,0.0299875235601135));
#8180=CARTESIAN_POINT('',(0.00449755429189488,-0.0342506032261668,0.0299853206293439));
#8181=CARTESIAN_POINT('',(0.00449609361838148,-0.0342507951585306,0.0299831176985742));
#8182=CARTESIAN_POINT('',(0.00503354976909679,-0.0341753026719885,0.0307212137218862));
#8183=CARTESIAN_POINT('',(0.00488167843881094,-0.0341976712200254,0.0305101353179476));
#8184=CARTESIAN_POINT('',(0.00479324167994688,-0.0342098435626322,0.0303878621869282));
#8185=CARTESIAN_POINT('',(0.00475605963563756,-0.0342150257830941,0.030337659403563));
#8186=CARTESIAN_POINT('',(0.00471179413291695,-0.0342212443397566,0.0302797369585316));
#8187=CARTESIAN_POINT('',(0.00461091585606837,-0.0342348916381413,0.0301482398563154));
#8188=CARTESIAN_POINT('',(0.00460536337064377,-0.0342356348308758,0.0301407297120956));
#8189=CARTESIAN_POINT('',(0.00458293268715295,-0.0342386447166614,0.0301104001142034));
#8190=CARTESIAN_POINT('',(0.00457281664093868,-0.0342399965932707,0.0300963952793966));
#8191=CARTESIAN_POINT('',(0.00454576757440962,-0.034243601798216,0.0300578606673947));
#8192=CARTESIAN_POINT('',(0.00453082227973443,-0.0342455913571845,0.030035619720312));
#8193=CARTESIAN_POINT('',(0.00450039291111082,-0.0342495897733918,0.0299897264908832));
#8194=CARTESIAN_POINT('',(0.00449893226450395,-0.0342497817022201,0.0299875235601989));
#8195=CARTESIAN_POINT('',(0.00449747161789708,-0.0342499736310484,0.0299853206295146));
#8196=CARTESIAN_POINT('',(0.00449601097129021,-0.0342501655598767,0.0299831176988304));
#8197=CARTESIAN_POINT('',(0.00501504407141629,-0.0340496581768709,0.0307212137218862));
#8198=CARTESIAN_POINT('',(0.00486373109237319,-0.0340719444874863,0.030510135319013));
#8199=CARTESIAN_POINT('',(0.00477561946788826,-0.034084072078946,0.0303878621869282));
#8200=CARTESIAN_POINT('',(0.00473857412227125,-0.0340892352471269,0.030337659403563));
#8201=CARTESIAN_POINT('',(0.00469447136036946,-0.0340954309414487,0.0302797369585316));
#8202=CARTESIAN_POINT('',(0.00459396395953871,-0.0341090280659423,0.0301482398563154));
#8203=CARTESIAN_POINT('',(0.00458843188766346,-0.0341097685263505,0.0301407297120956));
#8204=CARTESIAN_POINT('',(0.00456608366992077,-0.0341127673463796,0.0301104001142034));
#8205=CARTESIAN_POINT('',(0.00455600481505287,-0.0341141142528542,0.0300963952793966));
#8206=CARTESIAN_POINT('',(0.00452905519362135,-0.0341177062033696,0.0300578606673947));
#8207=CARTESIAN_POINT('',(0.00451416460982851,-0.0341196884786691,0.0300356193644981));
#8208=CARTESIAN_POINT('',(0.00448384734893762,-0.0341236721639308,0.0299897264908832));
#8209=CARTESIAN_POINT('',(0.00448239208363792,-0.0341238633856559,0.0299875235772784));
#8210=CARTESIAN_POINT('',(0.00448093681833821,-0.0341240546073809,0.0299853206636736));
#8211=CARTESIAN_POINT('',(0.00447948155303851,-0.0341242458291059,0.0299831177500689));
#8212=CARTESIAN_POINT('',(0.005014950617643,-0.0340490236721706,0.0307212137218862));
#8213=CARTESIAN_POINT('',(0.00486364045827368,-0.034071309567487,0.0305101353190184));
#8214=CARTESIAN_POINT('',(0.00477553047571736,-0.0340834369329534,0.0303878621869282));
#8215=CARTESIAN_POINT('',(0.00473848582042875,-0.0340886000049202,0.030337659403563));
#8216=CARTESIAN_POINT('',(0.00469438388036809,-0.0340947955837873,0.0302797369585316));
#8217=CARTESIAN_POINT('',(0.00459387835246123,-0.0341083924549026,0.0301482398563154));
#8218=CARTESIAN_POINT('',(0.00458834638367441,-0.0341091329015126,0.0301407297120956));
#8219=CARTESIAN_POINT('',(0.00456599858238375,-0.0341121316656596,0.0301104001142034));
#8220=CARTESIAN_POINT('',(0.00455591991533215,-0.0341134785470351,0.0300963952793966));
#8221=CARTESIAN_POINT('',(0.00452897079609837,-0.0341170704306156,0.0300578606673947));
#8222=CARTESIAN_POINT('',(0.00451408048859548,-0.0341190526691326,0.0300356193627013));
#8223=CARTESIAN_POINT('',(0.00448376379384864,-0.034123036280003,0.0299897264908832));
#8224=CARTESIAN_POINT('',(0.00448230855572454,-0.0341232274981572,0.0299875235773646));
#8225=CARTESIAN_POINT('',(0.00448085331760044,-0.0341234187163114,0.0299853206638461));
#8226=CARTESIAN_POINT('',(0.00447939807947634,-0.0341236099344655,0.0299831177503276));
#8227=CARTESIAN_POINT('',(0.00501504407141629,-0.0340496581768709,0.0307212137218862));
#8228=CARTESIAN_POINT('',(0.00503354976909679,-0.0341753026719885,0.0307212137218862));
#8229=CARTESIAN_POINT('',(0.00503354976909679,-0.0341753026719885,0.0307212137218862));
#8230=CARTESIAN_POINT('',(0.00485738204295887,-0.0342012497433498,0.0304763669664867));
#8231=CARTESIAN_POINT('',(0.00466742490198154,-0.0342276417857131,0.0302416422493557));
#8232=CARTESIAN_POINT('',(0.00450039283285073,-0.0342495897836751,0.0299897263728522));
#8233=CARTESIAN_POINT('',(3.30643715532042E-18,4.68711497137172E-33,0.0307212137218862));
#8234=CARTESIAN_POINT('',(0.00530421101266694,-0.0340721220185657,0.0307212137218862));
#8235=CARTESIAN_POINT('',(0.00531307589308658,-0.0341329629618395,0.0307212137218862));
#8236=CARTESIAN_POINT('',(3.30643715532042E-18,4.68711497137172E-33,0.0307212137218862));
#8237=CARTESIAN_POINT('',(0.00497156902906505,-0.0341205898964207,0.0302601693593561));
#8238=CARTESIAN_POINT('',(0.00463898173127591,-0.0341694184632005,0.0297991278894573));
#8239=CARTESIAN_POINT('',(0.00464781682965404,-0.0342298953360653,0.0297991594647732));
#8240=CARTESIAN_POINT('',(3.30643715532042E-18,4.68711497137172E-33,0.0302601693593578));
#8241=CARTESIAN_POINT('',(0.00499695197058497,-0.0341164967435426,0.0292923650785473));
#8242=CARTESIAN_POINT('',(0.00535499053924496,-0.0340640557926249,0.0287856051602687));
#8243=CARTESIAN_POINT('',(0.00536391835680872,-0.0341250101225112,0.0287856051602687));
#8244=CARTESIAN_POINT('',(3.30643715532042E-18,4.68711497137172E-33,0.029292365078546));
#8245=CARTESIAN_POINT('',(3.30643715532042E-18,4.68711497137172E-33,0.0287856051602687));
#8246=CARTESIAN_POINT('',(0.00505393422751085,-0.034172294111224,0.0287856051602687));
#8247=CARTESIAN_POINT('',(0.00505393422751085,-0.034172294111224,0.0287856051602687));
#8248=CARTESIAN_POINT('',(3.30643715532042E-18,4.68711497137172E-33,0.0287856051602687));
#8249=CARTESIAN_POINT('',(0.00449034445199384,-0.0342522023164258,0.0295879232799545));
#8250=CARTESIAN_POINT('',(0.00453728173722118,-0.0342460490017757,0.0295215589890385));
#8251=CARTESIAN_POINT('',(0.00458420554656716,-0.0342397993151787,0.0294546999941335));
#8252=CARTESIAN_POINT('',(0.00463697922717924,-0.034232660070207,0.0293789270828733));
#8253=CARTESIAN_POINT('',(0.00464284275273513,-0.0342318653159407,0.0293705001407612));
#8254=CARTESIAN_POINT('',(0.00465456936883521,-0.0342302727980077,0.0293536307970373));
#8255=CARTESIAN_POINT('',(0.00465186587787772,-0.0342306398179843,0.0293575255294882));
#8256=CARTESIAN_POINT('',(0.00465570903956619,-0.0342301173945915,0.0293520622110725));
#8257=CARTESIAN_POINT('',(0.0046607505094359,-0.0342294320595579,0.0293449042749954));
#8258=CARTESIAN_POINT('',(0.00468331166138234,-0.034226355037281,0.0293128832953636));
#8259=CARTESIAN_POINT('',(0.00470826854939315,-0.0342229455620485,0.0292774730804087));
#8260=CARTESIAN_POINT('',(0.00476056455161851,-0.0342156965687693,0.0292032634151759));
#8261=CARTESIAN_POINT('',(0.00478047321659579,-0.0342129236333914,0.0291750111362982));
#8262=CARTESIAN_POINT('',(0.00482524019345823,-0.0342066386070643,0.0291114751309427));
#8263=CARTESIAN_POINT('',(0.00482521411304525,-0.0342066359787494,0.0291115082090782));
#8264=CARTESIAN_POINT('',(0.00485168251247528,-0.0342028953629223,0.0290739074267629));
#8265=CARTESIAN_POINT('',(0.0048715993996481,-0.0342000669360687,0.0290455897103745));
#8266=CARTESIAN_POINT('',(0.00493815875038295,-0.034190541883044,0.0289508849766745));
#8267=CARTESIAN_POINT('',(0.00499161036668868,-0.0341828081919771,0.0288747463913335));
#8268=CARTESIAN_POINT('',(0.00505412154134823,-0.0341735630607667,0.028785605660269));
#8269=CARTESIAN_POINT('',(0.00505662198833461,-0.0341731932555182,0.0287820400310264));
#8270=CARTESIAN_POINT('',(0.00505912243532099,-0.0341728234502699,0.0287784744017838));
#8271=CARTESIAN_POINT('',(0.00506162288230737,-0.0341724536450214,0.0287749087725413));
#8272=CARTESIAN_POINT('',(0.00449017772112993,-0.034250930498786,0.0295879232799545));
#8273=CARTESIAN_POINT('',(0.00453711326353014,-0.0342447774126144,0.0295215589890385));
#8274=CARTESIAN_POINT('',(0.00458403533054937,-0.0342385279580744,0.0294546999941335));
#8275=CARTESIAN_POINT('',(0.00463680705162328,-0.0342313889781898,0.0293789270828733));
#8276=CARTESIAN_POINT('',(0.00464267035946075,-0.0342305942534335,0.0293705001407612));
#8277=CARTESIAN_POINT('',(0.00465439654014015,-0.0342290017946323,0.0293536307970373));
#8278=CARTESIAN_POINT('',(0.00465169314956592,-0.0342293688009811,0.0293575255294882));
#8279=CARTESIAN_POINT('',(0.00465553616855405,-0.0342288463969863,0.0293520622110725));
#8280=CARTESIAN_POINT('',(0.00466057745122907,-0.0342281610873999,0.0293449042749954));
#8281=CARTESIAN_POINT('',(0.00468313776545796,-0.0342250841793758,0.0293128832953636));
#8282=CARTESIAN_POINT('',(0.00470809372679521,-0.0342216748307405,0.0292774730804087));
#8283=CARTESIAN_POINT('',(0.00476038778721906,-0.0342144261066235,0.0292032634151759));
#8284=CARTESIAN_POINT('',(0.00478029571296821,-0.0342116532742073,0.0291750111362982));
#8285=CARTESIAN_POINT('',(0.00482506102758919,-0.0342053684812493,0.0291114751309427));
#8286=CARTESIAN_POINT('',(0.0048250349481446,-0.0342053658530321,0.0291115082090782));
#8287=CARTESIAN_POINT('',(0.00485150236477718,-0.0342016253760976,0.0290739074267629));
#8288=CARTESIAN_POINT('',(0.00487141851241657,-0.0341987970542663,0.0290455897103745));
#8289=CARTESIAN_POINT('',(0.00493797539173789,-0.0341892723549161,0.0289508849766745));
#8290=CARTESIAN_POINT('',(0.0049914250233336,-0.0341815389510086,0.0288747463913327));
#8291=CARTESIAN_POINT('',(0.00505393387689177,-0.034172294163079,0.028785605660269));
#8292=CARTESIAN_POINT('',(0.0050564342310341,-0.0341719243715618,0.0287820400310264));
#8293=CARTESIAN_POINT('',(0.00505893458517642,-0.0341715545800447,0.0287784744017839));
#8294=CARTESIAN_POINT('',(0.00506143493931875,-0.0341711847885275,0.0287749087725414));
#8295=CARTESIAN_POINT('',(0.00447366971480225,-0.0341250079601875,0.0295879232799545));
#8296=CARTESIAN_POINT('',(0.00452043270006128,-0.0341188774956563,0.0295215589890385));
#8297=CARTESIAN_POINT('',(0.00456718225948118,-0.0341126510170521,0.0294546999941335));
#8298=CARTESIAN_POINT('',(0.00461975996687467,-0.0341055382834171,0.0293789270828733));
#8299=CARTESIAN_POINT('',(0.00462560171843332,-0.0341047464804429,0.0293705001407612));
#8300=CARTESIAN_POINT('',(0.00463728478815434,-0.0341031598762697,0.0293536307970373));
#8301=CARTESIAN_POINT('',(0.00463459133651604,-0.0341035255333305,0.0293575255294882));
#8302=CARTESIAN_POINT('',(0.0046384202267579,-0.0341030050499386,0.0293520622110725));
#8303=CARTESIAN_POINT('',(0.00464344297530543,-0.0341023222598727,0.0293449042749954));
#8304=CARTESIAN_POINT('',(0.0046659203472026,-0.0340992566640105,0.0293128832953636));
#8305=CARTESIAN_POINT('',(0.004690784558682,-0.0340958598497451,0.0292774730804087));
#8306=CARTESIAN_POINT('',(0.00474288636153075,-0.0340886377753492,0.0292032634151759));
#8307=CARTESIAN_POINT('',(0.00476272109637642,-0.0340858751371698,0.0291750111362982));
#8308=CARTESIAN_POINT('',(0.00480732183263482,-0.0340796134500683,0.0291114751309427));
#8309=CARTESIAN_POINT('',(0.00480729584907053,-0.0340796108315136,0.0291115082090782));
#8310=CARTESIAN_POINT('',(0.00483366595902433,-0.0340758841063325,0.0290739074267629));
#8311=CARTESIAN_POINT('',(0.00485350888553269,-0.0340730661827433,0.0290455897103745));
#8312=CARTESIAN_POINT('',(0.00491982107044474,-0.03406357650067,0.0289508849766745));
#8313=CARTESIAN_POINT('',(0.0049730741960984,-0.0340558715283862,0.0288747463912519));
#8314=CARTESIAN_POINT('',(0.00503535323763849,-0.034046660728656,0.028785605660269));
#8315=CARTESIAN_POINT('',(0.00503784439930009,-0.0340462922966668,0.0287820400310296));
#8316=CARTESIAN_POINT('',(0.0050403355609617,-0.0340459238646776,0.0287784744017903));
#8317=CARTESIAN_POINT('',(0.0050428267226233,-0.0340455554326884,0.028774908772551));
#8318=CARTESIAN_POINT('',(0.00447350463473897,-0.0341237487348015,0.0295879232799545));
#8319=CARTESIAN_POINT('',(0.00452026589442659,-0.0341176184964867,0.0295215589890385));
#8320=CARTESIAN_POINT('',(0.0045670137287705,-0.0341113922476419,0.0294546999941335));
#8321=CARTESIAN_POINT('',(0.00461958949602718,-0.0341042797764694,0.0293789270828733));
#8322=CARTESIAN_POINT('',(0.00462543103202305,-0.034103488002713,0.0293705001407612));
#8323=CARTESIAN_POINT('',(0.00463711367063448,-0.0341019014570861,0.0293536307970373));
#8324=CARTESIAN_POINT('',(0.00463442031838554,-0.034102267100654,0.0293575255294882));
#8325=CARTESIAN_POINT('',(0.00463824906733994,-0.0341017466364682,0.0293520622110725));
#8326=CARTESIAN_POINT('',(0.00464327163054619,-0.0341010638715974,0.0293449042749954));
#8327=CARTESIAN_POINT('',(0.00466574817302005,-0.0340979983888569,0.0293128832953636));
#8328=CARTESIAN_POINT('',(0.00469061146700087,-0.0340946016999352,0.0292774730804087));
#8329=CARTESIAN_POINT('',(0.00474271134727387,-0.0340873798920364,0.0292032634151759));
#8330=CARTESIAN_POINT('',(0.0047625453502105,-0.0340846173557994,0.0291750111362982));
#8331=CARTESIAN_POINT('',(0.00480714444068528,-0.0340783558997565,0.0291114751309427));
#8332=CARTESIAN_POINT('',(0.00480711845807979,-0.0340783532812984,0.0291115082090782));
#8333=CARTESIAN_POINT('',(0.0048334875949668,-0.0340746266936348,0.0290739074267629));
#8334=CARTESIAN_POINT('',(0.00485332978926385,-0.034071808874028,0.0290455897103745));
#8335=CARTESIAN_POINT('',(0.00491963952723181,-0.0340623195421276,0.0289508849766745));
#8336=CARTESIAN_POINT('',(0.00497289068782605,-0.03405461485416,0.028874746391251));
#8337=CARTESIAN_POINT('',(0.00503516743124596,-0.0340454043943118,0.028785605660269));
#8338=CARTESIAN_POINT('',(0.00503765850098275,-0.0340450359759178,0.0287820400310297));
#8339=CARTESIAN_POINT('',(0.00504014957071955,-0.0340446675575239,0.0287784744017904));
#8340=CARTESIAN_POINT('',(0.00504264064045635,-0.03404429913913,0.0287749087725511));
#8341=CARTESIAN_POINT('',(0.0044819235465085,-0.0341879692519642,0.0295879230222465));
#8342=CARTESIAN_POINT('',(0.0044901775493611,-0.0342509305213043,0.0295879230222533));
#8343=CARTESIAN_POINT('',(0.00449017778400218,-0.0342509304905437,0.0295879231910566));
#8344=CARTESIAN_POINT('',(0.00467898186375935,-0.0342261789327812,0.0293209645426421));
#8345=CARTESIAN_POINT('',(0.00486634203586636,-0.0342000381835148,0.02905312094689));
#8346=CARTESIAN_POINT('',(0.00505393422751084,-0.034172294111224,0.0287856051602687));
#8347=CARTESIAN_POINT('',(0.00391375834861835,-0.0343222129658308,0.0287856051602687));
#8348=CARTESIAN_POINT('',(0.00407932436575055,-0.0343033334902433,0.0290112778922016));
#8349=CARTESIAN_POINT('',(0.00417660500390596,-0.034291232746769,0.0291441179770011));
#8350=CARTESIAN_POINT('',(0.00420762820507107,-0.0342874273685189,0.0291866268078807));
#8351=CARTESIAN_POINT('',(0.00422046132091533,-0.034285850814151,0.0292042294896558));
#8352=CARTESIAN_POINT('',(0.00423484764681282,-0.0342840768465456,0.0292240155647199));
#8353=CARTESIAN_POINT('',(0.00424195021950255,-0.0342831987355605,0.0292338028449276));
#8354=CARTESIAN_POINT('',(0.00426298622512792,-0.0342805915267138,0.0292628474135782));
#8355=CARTESIAN_POINT('',(0.00427664794596198,-0.034278889557265,0.0292817874300481));
#8356=CARTESIAN_POINT('',(0.00431654671448563,-0.0342738960485016,0.0293373383915666));
#8357=CARTESIAN_POINT('',(0.00434169737430044,-0.0342707169775717,0.0293726802487239));
#8358=CARTESIAN_POINT('',(0.00441280722727262,-0.0342616582131186,0.0294736294686308));
#8359=CARTESIAN_POINT('',(0.00445442441392256,-0.0342562580660831,0.029534160486945));
#8360=CARTESIAN_POINT('',(0.00449026008938507,-0.0342515601339983,0.0295879230222465));
#8361=CARTESIAN_POINT('',(0.00449112017716391,-0.0342514473794898,0.0295892133704533));
#8362=CARTESIAN_POINT('',(0.00449198026494275,-0.0342513346249814,0.0295905037186601));
#8363=CARTESIAN_POINT('',(0.00449284035272159,-0.0342512218704729,0.0295917940668669));
#8364=CARTESIAN_POINT('',(0.00391368640585354,-0.034321582054396,0.0287856051602687));
#8365=CARTESIAN_POINT('',(0.00407924937954365,-0.0343027029258518,0.0290112778921947));
#8366=CARTESIAN_POINT('',(0.00417652822948998,-0.034290602404813,0.0291441179770011));
#8367=CARTESIAN_POINT('',(0.00420755086038613,-0.0342867970965135,0.0291866268078807));
#8368=CARTESIAN_POINT('',(0.00422038374033186,-0.0342852205711258,0.0292042294896558));
#8369=CARTESIAN_POINT('',(0.0042347698017797,-0.0342834466361295,0.0292240155647199));
#8370=CARTESIAN_POINT('',(0.00424187224390984,-0.0342825685412859,0.0292338028449276));
#8371=CARTESIAN_POINT('',(0.00426290786285103,-0.0342799613803649,0.0292628474135782));
#8372=CARTESIAN_POINT('',(0.00427656933255513,-0.0342782594422018,0.0292817874300481));
#8373=CARTESIAN_POINT('',(0.00431646736765901,-0.0342732660252291,0.0293373383915666));
#8374=CARTESIAN_POINT('',(0.00434161756515402,-0.0342700870127369,0.0293726802487239));
#8375=CARTESIAN_POINT('',(0.00441272611098382,-0.0342610284148021,0.0294736294686308));
#8376=CARTESIAN_POINT('',(0.00445434253262589,-0.0342556283670322,0.0295341604869448));
#8377=CARTESIAN_POINT('',(0.00449017754935659,-0.0342509305213049,0.0295879230222465));
#8378=CARTESIAN_POINT('',(0.00449103762132529,-0.0342508177688691,0.0295892133704533));
#8379=CARTESIAN_POINT('',(0.00449189769329398,-0.0342507050164333,0.0295905037186601));
#8380=CARTESIAN_POINT('',(0.00449275776526268,-0.0342505922639975,0.0295917940668669));
#8381=CARTESIAN_POINT('',(0.00389929785289084,-0.0341953997674313,0.0287856051602687));
#8382=CARTESIAN_POINT('',(0.00406425213816392,-0.0341765900475636,0.0290112778908077));
#8383=CARTESIAN_POINT('',(0.00416117334629332,-0.0341645340136188,0.0291441179770011));
#8384=CARTESIAN_POINT('',(0.00419208192339942,-0.0341607426954234,0.0291866268078807));
#8385=CARTESIAN_POINT('',(0.00420486762363947,-0.0341591719660849,0.0292042294896558));
#8386=CARTESIAN_POINT('',(0.00421920079515551,-0.0341574045529084,0.0292240155647199));
#8387=CARTESIAN_POINT('',(0.00422627712536605,-0.0341565296863547,0.0292338028449276));
#8388=CARTESIAN_POINT('',(0.0042472354074729,-0.0341539321105842,0.0292628474135782));
#8389=CARTESIAN_POINT('',(0.00426084665118544,-0.0341522364295466,0.0292817874300481));
#8390=CARTESIAN_POINT('',(0.00430059800233674,-0.0341472613707245,0.0293373383915666));
#8391=CARTESIAN_POINT('',(0.00432565573587037,-0.0341440940457783,0.0293726802487239));
#8392=CARTESIAN_POINT('',(0.00439650285322285,-0.0341350687515124,0.0294736294686308));
#8393=CARTESIAN_POINT('',(0.00443796627329077,-0.0341296885568624,0.0295341604869087));
#8394=CARTESIAN_POINT('',(0.00447366954366042,-0.0341250079826236,0.0295879230222465));
#8395=CARTESIAN_POINT('',(0.00447452645360039,-0.0341248956447187,0.0295892133704542));
#8396=CARTESIAN_POINT('',(0.00447538336354037,-0.0341247833068139,0.0295905037186618));
#8397=CARTESIAN_POINT('',(0.00447624027348034,-0.034124670968909,0.0295917940668695));
#8398=CARTESIAN_POINT('',(0.00389922519069838,-0.0341947625468821,0.0287856051602687));
#8399=CARTESIAN_POINT('',(0.00406417640209496,-0.0341759531775283,0.0290112778908007));
#8400=CARTESIAN_POINT('',(0.00416109580413318,-0.0341638973682433,0.0291441179770011));
#8401=CARTESIAN_POINT('',(0.00419200380526764,-0.0341601061206979,0.0291866268078807));
#8402=CARTESIAN_POINT('',(0.00420478926725018,-0.0341585354206294,0.0292042294896558));
#8403=CARTESIAN_POINT('',(0.00421912217167205,-0.0341567680403882,0.0292240155647199));
#8404=CARTESIAN_POINT('',(0.0042261983700174,-0.0341558931901373,0.0292338028449276));
#8405=CARTESIAN_POINT('',(0.00424715626157324,-0.0341532956627718,0.0292628474135782));
#8406=CARTESIAN_POINT('',(0.00426076725164453,-0.0341516000133327,0.0292817874300481));
#8407=CARTESIAN_POINT('',(0.00430051786204186,-0.0341466250472193,0.0293373383915666));
#8408=CARTESIAN_POINT('',(0.00432557512863249,-0.0341434577812951,0.0293726802487239));
#8409=CARTESIAN_POINT('',(0.00439642092577115,-0.0341344326552128,0.0294736294686308));
#8410=CARTESIAN_POINT('',(0.00443788357318113,-0.034129052560821,0.0295341604869085));
#8411=CARTESIAN_POINT('',(0.00447358617823166,-0.0341243720738033,0.0295879230222465));
#8412=CARTESIAN_POINT('',(0.00447444307220338,-0.0341242597379918,0.0295892133704542));
#8413=CARTESIAN_POINT('',(0.00447529996617511,-0.0341241474021803,0.0295905037186618));
#8414=CARTESIAN_POINT('',(0.00447615686014684,-0.0341240350663688,0.0295917940668695));
#8415=CARTESIAN_POINT('',(0.00389929785289084,-0.0341953997674313,0.0287856051602687));
#8416=CARTESIAN_POINT('',(0.00391368640585354,-0.034321582054396,0.0287856051602687));
#8417=CARTESIAN_POINT('',(0.00391368640585354,-0.034321582054396,0.0287856051602687));
#8418=CARTESIAN_POINT('',(0.00410856338781359,-0.03429936025256,0.0290512347266398));
#8419=CARTESIAN_POINT('',(0.00430749091633493,-0.0342748801018178,0.0293138420407607));
#8420=CARTESIAN_POINT('',(0.0044901775493656,-0.0342509305213037,0.0295879230222601));
#8421=CARTESIAN_POINT('',(3.30643715532042E-18,4.68711497137172E-33,0.0287856051602687));
#8422=CARTESIAN_POINT('',(3.30643715532042E-18,4.68711497137172E-33,0.0287856051602687));
#8423=CARTESIAN_POINT('',(3.30643715532042E-18,4.68711497137172E-33,0.0329641));
#8424=CARTESIAN_POINT('',(3.30643715532042E-18,4.68711497137172E-33,0.0302601693581919));
#8425=CARTESIAN_POINT('',(0.00284332330311227,-0.0342993498713019,0.0297991263250927));
#8426=CARTESIAN_POINT('',(0.00351023205100429,-0.0342375256107696,0.0307212137218862));
#8427=CARTESIAN_POINT('',(3.30643715532042E-18,4.68711497137172E-33,0.0307212137218862));
#8428=CARTESIAN_POINT('',(0.00322930592083546,-0.0342651641214464,0.0307212137218862));
#8429=CARTESIAN_POINT('',(0.00322930592083547,-0.0342651641214464,0.0307212137218862));
#8430=CARTESIAN_POINT('',(0.00305214804372972,-0.0342818602907521,0.0304770400025477));
#8431=CARTESIAN_POINT('',(0.00286332784650521,-0.034298095152148,0.0302411168268046));
#8432=CARTESIAN_POINT('',(0.00269624691732322,-0.0343112247167138,0.0299897263727421));
#8433=CARTESIAN_POINT('',(0.00269624686254512,-0.0343112247210183,0.0299897263401408));
#8434=CARTESIAN_POINT('',(0.00269624680776702,-0.0343112247253228,0.0299897263075395));
#8435=CARTESIAN_POINT('',(0.00254483132475152,-0.0343231232662812,0.0302457122889892));
#8436=CARTESIAN_POINT('',(0.00235924936581724,-0.0343364772193538,0.0304790521766888));
#8437=CARTESIAN_POINT('',(0.00218686623224115,-0.0343474526723931,0.0307212137218862));
#8438=CARTESIAN_POINT('',(0.00218686623224113,-0.0343474526723931,0.0307212137218862));
#8439=CARTESIAN_POINT('',(3.30643715532042E-18,4.68711497137172E-33,0.0307212137218862));
#8440=CARTESIAN_POINT('',(0.00188458687698871,-0.0343653636864661,0.0307212137218862));
#8441=CARTESIAN_POINT('',(3.30643715532042E-18,4.68711497137172E-33,0.0302556640577985));
#8442=CARTESIAN_POINT('',(0.00254272270356491,-0.0343229434963375,0.0297901133731287));
#8443=CARTESIAN_POINT('',(3.30643715532042E-18,4.68711497137172E-33,0.0292878597769909));
#8444=CARTESIAN_POINT('',(0.0018013034673929,-0.0343698297176222,0.0287856051602687));
#8445=CARTESIAN_POINT('',(3.30643715532042E-18,4.68711497137172E-33,0.0287856051602687));
#8446=CARTESIAN_POINT('',(0.00210746930029001,-0.0343524156668543,0.0287856051602687));
#8447=CARTESIAN_POINT('',(0.00210746930029001,-0.0343524156668543,0.0287856051602687));
#8448=CARTESIAN_POINT('',(0.00229956046001249,-0.0343406311616277,0.0290533767442494));
#8449=CARTESIAN_POINT('',(0.00250361311536727,-0.0343262991897732,0.0293124483831316));
#8450=CARTESIAN_POINT('',(0.00268473423353879,-0.0343121274638467,0.0295879231491658));
#8451=CARTESIAN_POINT('',(0.00268473426314218,-0.0343121274615304,0.0295879231705996));
#8452=CARTESIAN_POINT('',(0.00268473435195237,-0.0343121274545815,0.0295879232349008));
#8453=CARTESIAN_POINT('',(0.00270518863829652,-0.034310527019713,0.0295594996869244));
#8454=CARTESIAN_POINT('',(0.00275160919128591,-0.0343068918264693,0.0294942882451805));
#8455=CARTESIAN_POINT('',(0.00284318236160239,-0.0342993745998583,0.0293646826244009));
#8456=CARTESIAN_POINT('',(0.00289627454479427,-0.0342949371621965,0.0292894089287006));
#8457=CARTESIAN_POINT('',(0.00295980015232928,-0.03428949786142,0.0291992100252668));
#8458=CARTESIAN_POINT('',(0.00295256727495851,-0.0342901372753446,0.0292094745291631));
#8459=CARTESIAN_POINT('',(0.0030441308708592,-0.0342821339860675,0.0290793633072236));
#8460=CARTESIAN_POINT('',(0.0030517334408837,-0.0342814328460724,0.0290685628021916));
#8461=CARTESIAN_POINT('',(0.00310330773049093,-0.0342768263740433,0.0289953106771291));
#8462=CARTESIAN_POINT('',(0.00316092938492198,-0.0342715660337888,0.0289134993832296));
#8463=CARTESIAN_POINT('',(0.00321996077987757,-0.0342660577690933,0.028829697815847));
#8464=CARTESIAN_POINT('',(0.00325102157447223,-0.0342631105961253,0.0287856052852687));
#8465=CARTESIAN_POINT('',(0.00325102157447215,-0.0342631105961253,0.0287856052852688));
#8466=CARTESIAN_POINT('',(3.30643715532042E-18,4.68711497137172E-33,0.0287856051602687));
#8467=CARTESIAN_POINT('',(0.00356255827186676,-0.034232120407003,0.0287856051602687));
#8468=CARTESIAN_POINT('',(3.30643715532042E-18,4.68711497137172E-33,0.0292923650773775));
#8469=CARTESIAN_POINT('',(3.30643715532042E-18,4.68711497137172E-33,0.0307212137218862));
#8470=CARTESIAN_POINT('',(0.0035169037676603,-0.0343026982807289,0.0307212137218862));
#8471=CARTESIAN_POINT('',(0.00352257968748287,-0.0343639253919766,0.0307212137218862));
#8472=CARTESIAN_POINT('',(3.30643715532042E-18,4.68711497137172E-33,0.0307212137218862));
#8473=CARTESIAN_POINT('',(0.00324122217884593,-0.0343916038414517,0.0307212137218862));
#8474=CARTESIAN_POINT('',(0.00322930592083547,-0.0342651641214464,0.0307212137218862));
#8475=CARTESIAN_POINT('',(0.00318282448311917,-0.0343336683394954,0.0302601693581904));
#8476=CARTESIAN_POINT('',(0.00284878180460907,-0.034365010398306,0.029799127896102));
#8477=CARTESIAN_POINT('',(0.00285444671756031,-0.0344258633869451,0.0297991602907003));
#8478=CARTESIAN_POINT('',(3.30643715532042E-18,4.68711497137172E-33,0.0302601693581919));
#8479=CARTESIAN_POINT('',(0.00320902650186941,-0.0343308465954276,0.0292923650773817));
#8480=CARTESIAN_POINT('',(0.00356931458302964,-0.034297169185302,0.0287856051602687));
#8481=CARTESIAN_POINT('',(0.00357504799878762,-0.0343585064839315,0.0287856051602687));
#8482=CARTESIAN_POINT('',(3.30643715532042E-18,4.68711497137172E-33,0.0292923650773775));
#8483=CARTESIAN_POINT('',(3.30643715532042E-18,4.68711497137172E-33,0.0287856051602687));
#8484=CARTESIAN_POINT('',(0.00326301805242654,-0.0343895427301605,0.0287856051602687));
#8485=CARTESIAN_POINT('',(0.00326301805242654,-0.0343895427301605,0.0287856051602687));
#8486=CARTESIAN_POINT('',(3.30643715532042E-18,4.68711497137172E-33,0.0287856051602687));
#8487=CARTESIAN_POINT('',(0.00269464108823741,-0.0344387404735653,0.0295879232799545));
#8488=CARTESIAN_POINT('',(0.0027353241100531,-0.0344355572519761,0.029531597457928));
#8489=CARTESIAN_POINT('',(0.00282343641968313,-0.0344286889778976,0.0294076074617504));
#8490=CARTESIAN_POINT('',(0.00297581621857662,-0.0344155886570863,0.0291919975474896));
#8491=CARTESIAN_POINT('',(0.00299348679164084,-0.0344140569294441,0.029166983647141));
#8492=CARTESIAN_POINT('',(0.00303030627074665,-0.0344108343610006,0.0291148413600266));
#8493=CARTESIAN_POINT('',(0.00303246732237396,-0.0344106401698155,0.0291117797731301));
#8494=CARTESIAN_POINT('',(0.00305902126403304,-0.0344082931970964,0.0290741859418576));
#8495=CARTESIAN_POINT('',(0.00307903530510622,-0.0344065107213154,0.0290458611710784));
#8496=CARTESIAN_POINT('',(0.00314600833501215,-0.0344004735034325,0.0289511002089478));
#8497=CARTESIAN_POINT('',(0.00319989855886094,-0.0343955317607814,0.0288748773845598));
#8498=CARTESIAN_POINT('',(0.00326301769890381,-0.0343895427637042,0.028785605660269));
#8499=CARTESIAN_POINT('',(0.00268473431953065,-0.0343121274571183,0.0295879232799545));
#8500=CARTESIAN_POINT('',(0.00272526777247021,-0.034308955938467,0.0295315974564592));
#8501=CARTESIAN_POINT('',(0.00281305613872841,-0.0343021129154789,0.0294076074617504));
#8502=CARTESIAN_POINT('',(0.00296487571777303,-0.0342890607576117,0.0291919975474896));
#8503=CARTESIAN_POINT('',(0.0029824813254951,-0.0342875346613211,0.029166983647141));
#8504=CARTESIAN_POINT('',(0.0030191654388689,-0.0342843239405558,0.0291148413600266));
#8505=CARTESIAN_POINT('',(0.00302131854545346,-0.0342841304633089,0.0291117797731301));
#8506=CARTESIAN_POINT('',(0.00304777486232703,-0.0342817921191659,0.0290741859418576));
#8507=CARTESIAN_POINT('',(0.00306771532236686,-0.0342800161966047,0.0290458611710784));
#8508=CARTESIAN_POINT('',(0.00313444212789813,-0.0342740011743757,0.0289511002089478));
#8509=CARTESIAN_POINT('',(0.00318813422598168,-0.0342690775998907,0.0288748773844779));
#8510=CARTESIAN_POINT('',(0.0032510213103049,-0.0342631106211906,0.028785605660269));
#8511=CARTESIAN_POINT('',(0.00268968753158298,-0.0343754339788234,0.0295879230183771));
#8512=CARTESIAN_POINT('',(0.00269464096353373,-0.0344387405445314,0.0295879230837715));
#8513=CARTESIAN_POINT('',(0.00269464112047851,-0.0344387404710426,0.0295879232353165));
#8514=CARTESIAN_POINT('',(0.00271498276065245,-0.0344371488501145,0.0295597601448027));
#8515=CARTESIAN_POINT('',(0.00276242196786322,-0.0344334288588462,0.0294933552911541));
#8516=CARTESIAN_POINT('',(0.00286464236094543,-0.0344250434935159,0.0293492132338739));
#8517=CARTESIAN_POINT('',(0.00293619237613194,-0.0344190298289881,0.0292480932040001));
#8518=CARTESIAN_POINT('',(0.0030185813701924,-0.0344118702912229,0.0291314511670185));
#8519=CARTESIAN_POINT('',(0.00304749391676497,-0.0344093133872562,0.0290904966156629));
#8520=CARTESIAN_POINT('',(0.00312020389679053,-0.0344028484151024,0.0289875999336552));
#8521=CARTESIAN_POINT('',(0.0031998988686495,-0.0343955317320422,0.0288748769464023));
#8522=CARTESIAN_POINT('',(0.00326301805242654,-0.0343895427301605,0.0287856051602687));
#8523=CARTESIAN_POINT('',(0.0021152848229719,-0.0344798111566889,0.0287856051602687));
#8524=CARTESIAN_POINT('',(0.00223832028363203,-0.034472263115273,0.0289564806657476));
#8525=CARTESIAN_POINT('',(0.00233519504828623,-0.0344656887634246,0.0290899998715261));
#8526=CARTESIAN_POINT('',(0.00240816037947426,-0.0344605945361164,0.0291891683171168));
#8527=CARTESIAN_POINT('',(0.00241720985902574,-0.0344599613011606,0.0292014678620332));
#8528=CARTESIAN_POINT('',(0.00242797159315886,-0.0344592047256299,0.0292160952396745));
#8529=CARTESIAN_POINT('',(0.00243318616528998,-0.0344588368634394,0.0292231831327687));
#8530=CARTESIAN_POINT('',(0.00244833104316049,-0.0344577652327853,0.0292437694248717));
#8531=CARTESIAN_POINT('',(0.00245776251124257,-0.0344570934346798,0.029256590436701));
#8532=CARTESIAN_POINT('',(0.00248406190411599,-0.0344552108209853,0.0292923439234713));
#8533=CARTESIAN_POINT('',(0.00249893483272673,-0.0344541330169693,0.0293125668496945));
#8534=CARTESIAN_POINT('',(0.00253557581980334,-0.0344514624132166,0.0293623974334925));
#8535=CARTESIAN_POINT('',(0.00254936634995395,-0.0344504361150247,0.0293811668961961));
#8536=CARTESIAN_POINT('',(0.00255291745902359,-0.0344501730022822,0.0293860252494308));
#8537=CARTESIAN_POINT('',(0.00256049590213601,-0.0344496107742299,0.0293963975940551));
#8538=CARTESIAN_POINT('',(0.00256808478505324,-0.0344490458837043,0.0294067965056367));
#8539=CARTESIAN_POINT('',(0.00257175114270937,-0.034448772342895,0.0294118248173923));
#8540=CARTESIAN_POINT('',(0.00258236599115557,-0.0344479788017904,0.0294263963205533));
#8541=CARTESIAN_POINT('',(0.00258893025800617,-0.0344474858913879,0.029435426079853));
#8542=CARTESIAN_POINT('',(0.00260708635673696,-0.0344461181463396,0.0294604616293293));
#8543=CARTESIAN_POINT('',(0.00261714149666909,-0.0344453544349297,0.029474413691083));
#8544=CARTESIAN_POINT('',(0.00264116135057238,-0.0344435238022567,0.0295080549626528));
#8545=CARTESIAN_POINT('',(0.0026675745361708,-0.0344414952223541,0.0295468336588266));
#8546=CARTESIAN_POINT('',(0.0026946904494594,-0.0344393735521542,0.0295879230183771));
#8547=CARTESIAN_POINT('',(0.0026959920567113,-0.0344392717085877,0.0295898953734219));
#8548=CARTESIAN_POINT('',(0.00269729366396321,-0.0344391698650212,0.0295918677284666));
#8549=CARTESIAN_POINT('',(0.00269859527121511,-0.0344390680214547,0.0295938400835113));
#8550=CARTESIAN_POINT('',(0.00211524593977448,-0.0344791773482818,0.0287856051602687));
#8551=CARTESIAN_POINT('',(0.0022382791387924,-0.0344716294456143,0.028956480665744));
#8552=CARTESIAN_POINT('',(0.00233515212269574,-0.0344650552146155,0.0290899998715261));
#8553=CARTESIAN_POINT('',(0.00240811611263396,-0.0344599610809495,0.0291891683171168));
#8554=CARTESIAN_POINT('',(0.00241716542583777,-0.0344593278576338,0.0292014678620332));
#8555=CARTESIAN_POINT('',(0.00242792696214852,-0.0344585712960104,0.0292160952396745));
#8556=CARTESIAN_POINT('',(0.0024331414384253,-0.034458203440582,0.0292231831327687));
#8557=CARTESIAN_POINT('',(0.00244828603790244,-0.0344571318296267,0.0292437694248717));
#8558=CARTESIAN_POINT('',(0.00245771733261513,-0.0344564600438702,0.029256590436701));
#8559=CARTESIAN_POINT('',(0.00248401624205272,-0.0344545774647819,0.0292923439234713));
#8560=CARTESIAN_POINT('',(0.00249888889726906,-0.0344534996805781,0.0293125668496945));
#8561=CARTESIAN_POINT('',(0.0025355292108105,-0.0344508291259165,0.0293623974334925));
#8562=CARTESIAN_POINT('',(0.00254931948746337,-0.03444980284659,0.0293811668961961));
#8563=CARTESIAN_POINT('',(0.00255287053125647,-0.0344495397386841,0.0293860252494308));
#8564=CARTESIAN_POINT('',(0.00256044883506184,-0.0344489775209666,0.0293963975940551));
#8565=CARTESIAN_POINT('',(0.0025680375784801,-0.0344484126408249,0.0294067965056367));
#8566=CARTESIAN_POINT('',(0.0025717038687412,-0.0344481391050439,0.0294118248173923));
#8567=CARTESIAN_POINT('',(0.00258231852206509,-0.0344473455785261,0.0294263963205533));
#8568=CARTESIAN_POINT('',(0.00258888266825124,-0.0344468526771842,0.029435426079853));
#8569=CARTESIAN_POINT('',(0.00260703843323635,-0.0344454849572779,0.0294604616293293));
#8570=CARTESIAN_POINT('',(0.00261709338833474,-0.0344447212599065,0.029474413691083));
#8571=CARTESIAN_POINT('',(0.00264111280070472,-0.0344428906608842,0.0295080549626528));
#8572=CARTESIAN_POINT('',(0.00266752549994361,-0.0344408621183361,0.0295468336575612));
#8573=CARTESIAN_POINT('',(0.00269464091561904,-0.0344387404870717,0.0295879230183771));
#8574=CARTESIAN_POINT('',(0.00269594249898471,-0.0344386386453742,0.0295898953734826));
#8575=CARTESIAN_POINT('',(0.00269724408235039,-0.0344385368036766,0.0295918677285881));
#8576=CARTESIAN_POINT('',(0.00269854566571606,-0.0344384349619791,0.0295938400836935));
#8577=CARTESIAN_POINT('',(0.00210746930029001,-0.0343524156668543,0.0287856051602687));
#8578=CARTESIAN_POINT('',(0.00223005017086687,-0.0343448955138598,0.0289564806650422));
#8579=CARTESIAN_POINT('',(0.0023265670045976,-0.0343383454527971,0.0290899998715261));
#8580=CARTESIAN_POINT('',(0.0023992627445728,-0.0343332700475637,0.0291891683171168));
#8581=CARTESIAN_POINT('',(0.00240827878824278,-0.0343326391522749,0.0292014678620332));
#8582=CARTESIAN_POINT('',(0.0024190007600818,-0.034331885372128,0.0292160952396745));
#8583=CARTESIAN_POINT('',(0.00242419606548991,-0.0343315188691092,0.0292231831327687));
#8584=CARTESIAN_POINT('',(0.00243928498629251,-0.0343304511979002,0.0292437694248717));
#8585=CARTESIAN_POINT('',(0.00244868160712757,-0.0343297818819442,0.029256590436701));
#8586=CARTESIAN_POINT('',(0.00247488382939812,-0.0343279062241026,0.0292923439234713));
#8587=CARTESIAN_POINT('',(0.00248970180573498,-0.0343268324023407,0.0293125668496945));
#8588=CARTESIAN_POINT('',(0.00252620741224134,-0.0343241716658948,0.0293623974334925));
#8589=CARTESIAN_POINT('',(0.00253994698934769,-0.0343231491596541,0.0293811668961961));
#8590=CARTESIAN_POINT('',(0.00254348497783274,-0.0343228870190566,0.0293860252494308));
#8591=CARTESIAN_POINT('',(0.00255103542022706,-0.0343223268683159,0.0293963975940551));
#8592=CARTESIAN_POINT('',(0.00255859626385333,-0.0343217640649395,0.0294067965056367));
#8593=CARTESIAN_POINT('',(0.00256224907510613,-0.0343214915348047,0.0294118248173923));
#8594=CARTESIAN_POINT('',(0.00257282470396927,-0.0343207009256638,0.0294263963205533));
#8595=CARTESIAN_POINT('',(0.00257936471726502,-0.0343202098364593,0.029435426079853));
#8596=CARTESIAN_POINT('',(0.00259745373311416,-0.0343188471449349,0.0294604616293293));
#8597=CARTESIAN_POINT('',(0.00260747172146586,-0.0343180862552745,0.029474413691083));
#8598=CARTESIAN_POINT('',(0.00263140282717272,-0.0343162623863957,0.0295080549626528));
#8599=CARTESIAN_POINT('',(0.00265771825450707,-0.0343142413147439,0.0295468334044876));
#8600=CARTESIAN_POINT('',(0.00268473414754691,-0.0343121274705751,0.0295879230183771));
#8601=CARTESIAN_POINT('',(0.00268603095366673,-0.0343120260026706,0.0295898953856305));
#8602=CARTESIAN_POINT('',(0.00268732775978656,-0.0343119245347661,0.0295918677528839));
#8603=CARTESIAN_POINT('',(0.00268862456590638,-0.0343118230668617,0.0295938401201373));
#8604=CARTESIAN_POINT('',(0.00210743002826061,-0.0343517755203631,0.0287856051602687));
#8605=CARTESIAN_POINT('',(0.00223000861457884,-0.0343442555075045,0.0289564806650386));
#8606=CARTESIAN_POINT('',(0.0023265236497512,-0.0343377055684999,0.0290899998715261));
#8607=CARTESIAN_POINT('',(0.0023992180350641,-0.0343326302578451,0.0291891683171168));
#8608=CARTESIAN_POINT('',(0.00240823391072293,-0.0343319993743128,0.0292014678620332));
#8609=CARTESIAN_POINT('',(0.00241895568276136,-0.0343312456082124,0.0292160952396745));
#8610=CARTESIAN_POINT('',(0.00242415089135659,-0.0343308791120232,0.0292231831327687));
#8611=CARTESIAN_POINT('',(0.00243923953098188,-0.03432981146071,0.0292437694248717));
#8612=CARTESIAN_POINT('',(0.00244863597671386,-0.0343291421572264,0.029256590436701));
#8613=CARTESIAN_POINT('',(0.00247483771071421,-0.0343272665343372,0.0292923439234713));
#8614=CARTESIAN_POINT('',(0.00248965541092273,-0.0343261927325856,0.0293125668496945));
#8615=CARTESIAN_POINT('',(0.00252616033715857,-0.0343235320457217,0.0293623974334925));
#8616=CARTESIAN_POINT('',(0.0025398996582322,-0.0343225095585351,0.0293811668961961));
#8617=CARTESIAN_POINT('',(0.00254343758078795,-0.0343222474228225,0.0293860252494308));
#8618=CARTESIAN_POINT('',(0.00255098788248215,-0.0343216872825201,0.0293963975940551));
#8619=CARTESIAN_POINT('',(0.00255854858521446,-0.0343211244896312,0.0294067965056367));
#8620=CARTESIAN_POINT('',(0.00256220132839827,-0.034320851964575,0.0294118248173923));
#8621=CARTESIAN_POINT('',(0.00257277676018788,-0.0343200613701668,0.0294263963205533));
#8622=CARTESIAN_POINT('',(0.00257931665161254,-0.0343195702901136,0.029435426079853));
#8623=CARTESIAN_POINT('',(0.00259740533037855,-0.0343182076239826,0.0294604616293293));
#8624=CARTESIAN_POINT('',(0.00260742313204817,-0.0343174467485011,0.029474413691083));
#8625=CARTESIAN_POINT('',(0.00263135379180638,-0.0343156229136095,0.0295080549626528));
#8626=CARTESIAN_POINT('',(0.00265766872791762,-0.0343136018796858,0.0295468334032096));
#8627=CARTESIAN_POINT('',(0.00268468411836815,-0.0343114880748418,0.0295879230183771));
#8628=CARTESIAN_POINT('',(0.00268598090036288,-0.034311386608825,0.0295898953856919));
#8629=CARTESIAN_POINT('',(0.00268727768235761,-0.0343112851428082,0.0295918677530066));
#8630=CARTESIAN_POINT('',(0.00268857446435234,-0.0343111836767913,0.0295938401203214));
#8631=CARTESIAN_POINT('',(0.00210746930029001,-0.0343524156668543,0.0287856051602687));
#8632=CARTESIAN_POINT('',(0.00211524593977448,-0.0344791773482818,0.0287856051602687));
#8633=CARTESIAN_POINT('',(0.00211524593977448,-0.0344791773482818,0.0287856051602687));
#8634=CARTESIAN_POINT('',(0.00230805088175152,-0.0344673490535819,0.0290533836312948));
#8635=CARTESIAN_POINT('',(0.00251285633362015,-0.0344529641253738,0.0293124556469255));
#8636=CARTESIAN_POINT('',(0.00269464100192823,-0.0344387404803185,0.0295879231491658));
#8637=CARTESIAN_POINT('',(3.30643715532042E-18,4.68711497137172E-33,0.0287856051602687));
#8638=CARTESIAN_POINT('',(-0.000371406220428352,-2.34871565687706E-5,0.0287856051602687));
#8639=CARTESIAN_POINT('',(0.00180862156338007,-0.0344966204727431,0.0287856051602687));
#8640=CARTESIAN_POINT('',(3.30643715532042E-18,4.68711497137172E-33,0.0287856051602687));
#8641=CARTESIAN_POINT('',(0.00217617071094425,-0.0344121407967084,0.0292878597769903));
#8642=CARTESIAN_POINT('',(0.00254753378837464,-0.0343880052026227,0.0297901115156036));
#8643=CARTESIAN_POINT('',(0.00255147000253119,-0.0344496434934555,0.0297901631075903));
#8644=CARTESIAN_POINT('',(3.30643715532042E-18,4.68711497137172E-33,0.0292878597769909));
#8645=CARTESIAN_POINT('',(0.00221784119796387,-0.0344090985036785,0.0302556640577991));
#8646=CARTESIAN_POINT('',(-0.000329680470757661,-2.12495811284461E-5,0.0307212137218862));
#8647=CARTESIAN_POINT('',(0.00189214353663968,-0.0344921401023009,0.0307212137218862));
#8648=CARTESIAN_POINT('',(3.30643715532042E-18,4.68711497137172E-33,0.0302556640577985));
#8649=CARTESIAN_POINT('',(3.30643715532042E-18,4.68711497137172E-33,0.0307212137218862));
#8650=CARTESIAN_POINT('',(0.00219493584933427,-0.0344741960401879,0.0307212137218862));
#8651=CARTESIAN_POINT('',(0.00219493584933428,-0.0344741960401879,0.0307212137218862));
#8652=CARTESIAN_POINT('',(3.30643715532042E-18,4.68711497137172E-33,0.0307212137218862));
#8653=CARTESIAN_POINT('',(0.00270629558178134,-0.0344391005050499,0.0299897262548213));
#8654=CARTESIAN_POINT('',(0.00267368380728608,-0.0344416632055832,0.0300446556452618));
#8655=CARTESIAN_POINT('',(0.00263296514499393,-0.0344448192315028,0.0301068788669202));
#8656=CARTESIAN_POINT('',(0.002571925269751,-0.0344493981029134,0.0301937751486601));
#8657=CARTESIAN_POINT('',(0.00257137083400467,-0.0344494383140868,0.0301945131573531));
#8658=CARTESIAN_POINT('',(0.00255483352114558,-0.0344506686988986,0.0302178500290756));
#8659=CARTESIAN_POINT('',(0.00254530648110776,-0.0344513745915893,0.0302312583705247));
#8660=CARTESIAN_POINT('',(0.00251294952496821,-0.0344537549752904,0.0302767031116359));
#8661=CARTESIAN_POINT('',(0.00248634382191587,-0.034455692999925,0.0303139592280618));
#8662=CARTESIAN_POINT('',(0.00239141613187862,-0.0344624554201952,0.0304466064443945));
#8663=CARTESIAN_POINT('',(0.00234796527983674,-0.0344654119396528,0.0305073306870919));
#8664=CARTESIAN_POINT('',(0.00226140023046416,-0.0344712000099059,0.0306283434204816));
#8665=CARTESIAN_POINT('',(0.0022248434822611,-0.0344735644238232,0.0306794688163971));
#8666=CARTESIAN_POINT('',(0.00219501690275797,-0.0344754634511199,0.0307212132218858));
#8667=CARTESIAN_POINT('',(0.00219382383957784,-0.0344755394122118,0.0307228829981054));
#8668=CARTESIAN_POINT('',(0.00219263077639772,-0.0344756153733037,0.0307245527743249));
#8669=CARTESIAN_POINT('',(0.00219143771321759,-0.0344756913343955,0.0307262225505445));
#8670=CARTESIAN_POINT('',(0.00270619608927806,-0.0344378344081967,0.0299897262548213));
#8671=CARTESIAN_POINT('',(0.00267358551370073,-0.0344403970145165,0.0300446556452623));
#8672=CARTESIAN_POINT('',(0.00263286834836348,-0.03444355292441,0.0301068788669202));
#8673=CARTESIAN_POINT('',(0.0025718307171511,-0.0344481316274859,0.0301937751486601));
#8674=CARTESIAN_POINT('',(0.00257127630178769,-0.034448171837181,0.0301945131573531));
#8675=CARTESIAN_POINT('',(0.00255473959689569,-0.0344494021767597,0.0302178500290756));
#8676=CARTESIAN_POINT('',(0.00254521290710382,-0.0344501080434994,0.0302312583705247));
#8677=CARTESIAN_POINT('',(0.00251285714051452,-0.0344524883396896,0.0302767031116359));
#8678=CARTESIAN_POINT('',(0.00248625241557707,-0.034454426293076,0.0303139592280618));
#8679=CARTESIAN_POINT('',(0.00239132821540011,-0.0344611884647369,0.0304466064443945));
#8680=CARTESIAN_POINT('',(0.0023478789607573,-0.034464144875503,0.0305073306870919));
#8681=CARTESIAN_POINT('',(0.0022613170938063,-0.0344699327329672,0.0306283434204816));
#8682=CARTESIAN_POINT('',(0.00222476168955215,-0.0344722970599607,0.0306794688163967));
#8683=CARTESIAN_POINT('',(0.0021949362065739,-0.0344741960174428,0.0307212132218858));
#8684=CARTESIAN_POINT('',(0.00219374318725477,-0.0344742719757421,0.0307228829981054));
#8685=CARTESIAN_POINT('',(0.00219255016793564,-0.0344743479340414,0.030724552774325));
#8686=CARTESIAN_POINT('',(0.00219135714861651,-0.0344744238923407,0.0307262225505445));
#8687=CARTESIAN_POINT('',(0.00269624683894983,-0.0343112247228724,0.0299897262548213));
#8688=CARTESIAN_POINT('',(0.00266375615516506,-0.0343137779078478,0.030044655645312));
#8689=CARTESIAN_POINT('',(0.00262318868531802,-0.0343169222151291,0.0301068788669202));
#8690=CARTESIAN_POINT('',(0.00256237545716158,-0.0343214840847378,0.0301937751486601));
#8691=CARTESIAN_POINT('',(0.00256182308008994,-0.0343215241466031,0.0301945131573531));
#8692=CARTESIAN_POINT('',(0.00254534717190711,-0.0343227499628746,0.0302178500290756));
#8693=CARTESIAN_POINT('',(0.00253585550671006,-0.034323453234516,0.0302312583705247));
#8694=CARTESIAN_POINT('',(0.00250361869514498,-0.0343258247796172,0.0302767031116359));
#8695=CARTESIAN_POINT('',(0.00247711178169627,-0.034327755608175,0.0303139592280618));
#8696=CARTESIAN_POINT('',(0.00238253656754937,-0.0343344929189107,0.0304466064443945));
#8697=CARTESIAN_POINT('',(0.00233924705281334,-0.0343374384605195,0.0305073306870919));
#8698=CARTESIAN_POINT('',(0.00225300342802025,-0.034343205039096,0.0306283434204816));
#8699=CARTESIAN_POINT('',(0.00221658241865735,-0.0343455606737094,0.0306794688163649));
#8700=CARTESIAN_POINT('',(0.00218686658816738,-0.0343474526497316,0.0307212132218858));
#8701=CARTESIAN_POINT('',(0.00218567795494778,-0.0343475283287725,0.0307228829981067));
#8702=CARTESIAN_POINT('',(0.00218448932172818,-0.0343476040078134,0.0307245527743275));
#8703=CARTESIAN_POINT('',(0.00218330068850858,-0.0343476796868543,0.0307262225505484));
#8704=CARTESIAN_POINT('',(0.00269614635152152,-0.0343099459650507,0.0299897262548213));
#8705=CARTESIAN_POINT('',(0.00266365687864385,-0.0343124990548705,0.0300446556453125));
#8706=CARTESIAN_POINT('',(0.00262309092072126,-0.0343156432449653,0.0301068788669202));
#8707=CARTESIAN_POINT('',(0.00256227995903568,-0.0343202049445561,0.0301937751486601));
#8708=CARTESIAN_POINT('',(0.00256172760255079,-0.0343202450049283,0.0301945131573531));
#8709=CARTESIAN_POINT('',(0.00254525230841472,-0.0343214707755144,0.0302178500290756));
#8710=CARTESIAN_POINT('',(0.00253576099696608,-0.0343221740209452,0.0302312583705247));
#8711=CARTESIAN_POINT('',(0.00250352538684675,-0.0343245454776605,0.0302767031116359));
#8712=CARTESIAN_POINT('',(0.00247701946129407,-0.0343264762342575,0.0303139592280618));
#8713=CARTESIAN_POINT('',(0.00238244777190608,-0.0343332132938978,0.0304466064443945));
#8714=CARTESIAN_POINT('',(0.00233915987054311,-0.0343361587257282,0.0305073306870919));
#8715=CARTESIAN_POINT('',(0.00225291945999581,-0.0343419250893879,0.0306283434204816));
#8716=CARTESIAN_POINT('',(0.00221649980802132,-0.0343442806362083,0.0306794688163646));
#8717=CARTESIAN_POINT('',(0.00218678508502147,-0.0343461725417178,0.0307212132218858));
#8718=CARTESIAN_POINT('',(0.00218559649610148,-0.0343462482179381,0.0307228829981067));
#8719=CARTESIAN_POINT('',(0.00218440790718149,-0.0343463238941585,0.0307245527743275));
#8720=CARTESIAN_POINT('',(0.00218321931826149,-0.0343463995703789,0.0307262225505484));
#8721=CARTESIAN_POINT('',(0.00270122162114993,-0.0343745295531943,0.0299897264906629));
#8722=CARTESIAN_POINT('',(0.00270619620727195,-0.0344378343989245,0.0299897264317025));
#8723=CARTESIAN_POINT('',(0.00270619605819146,-0.0344378344106396,0.0299897263071836));
#8724=CARTESIAN_POINT('',(0.00255418350725036,-0.034449779870428,0.0302457768674764));
#8725=CARTESIAN_POINT('',(0.0023679490971879,-0.0344631804684344,0.0304790605546081));
#8726=CARTESIAN_POINT('',(0.00219493584933429,-0.0344741960401879,0.0307212137218863));
#8727=CARTESIAN_POINT('',(0.00324128176013598,-0.0343922360400517,0.0307212137218862));
#8728=CARTESIAN_POINT('',(0.00308764450588363,-0.0344067155181905,0.0305102404725974));
#8729=CARTESIAN_POINT('',(0.00299850572342091,-0.0344142612233152,0.0303882667628719));
#8730=CARTESIAN_POINT('',(0.00296787807489122,-0.0344169078334777,0.0303470482109348));
#8731=CARTESIAN_POINT('',(0.00295962783347103,-0.0344176253604946,0.0303362651362187));
#8732=CARTESIAN_POINT('',(0.00291396429185767,-0.0344215215304872,0.030276099399702));
#8733=CARTESIAN_POINT('',(0.00288070225698848,-0.0344243414523337,0.030232303542402));
#8734=CARTESIAN_POINT('',(0.00282607754912411,-0.0344288427504379,0.0301604174844751));
#8735=CARTESIAN_POINT('',(0.00282393894613957,-0.0344290170341177,0.0301575416709826));
#8736=CARTESIAN_POINT('',(0.00281167971260885,-0.0344300203645133,0.0301411627719231));
#8737=CARTESIAN_POINT('',(0.00280581818816765,-0.0344304984435487,0.0301332646662073));
#8738=CARTESIAN_POINT('',(0.00278903799470084,-0.0344318631549251,0.0301104443805021));
#8739=CARTESIAN_POINT('',(0.0027789237088677,-0.0344326802991286,0.0300963962319544));
#8740=CARTESIAN_POINT('',(0.00275179908091068,-0.0344348622505661,0.0300577479120794));
#8741=CARTESIAN_POINT('',(0.0027368514120181,-0.0344360624071284,0.0300356053525723));
#8742=CARTESIAN_POINT('',(0.00270624599285778,-0.0344384674442601,0.0299897264906629));
#8743=CARTESIAN_POINT('',(0.00270477689563726,-0.0344385828889579,0.0299875242496755));
#8744=CARTESIAN_POINT('',(0.00270330779841673,-0.0344386983336557,0.0299853220086881));
#8745=CARTESIAN_POINT('',(0.00270183870119621,-0.0344388137783535,0.0299831197677007));
#8746=CARTESIAN_POINT('',(0.00324122217884593,-0.0343916038414517,0.0307212137218862));
#8747=CARTESIAN_POINT('',(0.00308758774875979,-0.0344060830534281,0.0305102404726028));
#8748=CARTESIAN_POINT('',(0.00299845060484361,-0.0344136286198479,0.0303882667628719));
#8749=CARTESIAN_POINT('',(0.00296782351931182,-0.0344162751813604,0.0303470482109348));
#8750=CARTESIAN_POINT('',(0.00295957342954769,-0.0344169926951877,0.0303362651362187));
#8751=CARTESIAN_POINT('',(0.00291391072732224,-0.0344208887935609,0.030276099399702));
#8752=CARTESIAN_POINT('',(0.00288064930387628,-0.0344237086635715,0.030232303542402));
#8753=CARTESIAN_POINT('',(0.00282602560012411,-0.0344282098789327,0.0301604174844751));
#8754=CARTESIAN_POINT('',(0.0028238870364514,-0.0344283841594089,0.0301575416709826));
#8755=CARTESIAN_POINT('',(0.0028116280282701,-0.0344293874713612,0.0301411627719231));
#8756=CARTESIAN_POINT('',(0.00280576661157553,-0.0344298655416086,0.0301332646662073));
#8757=CARTESIAN_POINT('',(0.00278898672656248,-0.0344312302278988,0.0301104443805021));
#8758=CARTESIAN_POINT('',(0.0027788726266503,-0.0344320473570816,0.0300963962319544));
#8759=CARTESIAN_POINT('',(0.0027517484972986,-0.0344342292684104,0.0300577479120794));
#8760=CARTESIAN_POINT('',(0.00273680110211474,-0.0344354294029947,0.0300356053509781));
#8761=CARTESIAN_POINT('',(0.00270619624660325,-0.0344378343958338,0.0299897264906629));
#8762=CARTESIAN_POINT('',(0.00270472717643855,-0.0344379498384055,0.029987524249752));
#8763=CARTESIAN_POINT('',(0.00270325810627385,-0.0344380652809772,0.0299853220088411));
#8764=CARTESIAN_POINT('',(0.00270178903610916,-0.0344381807235489,0.0299831197679302));
#8765=CARTESIAN_POINT('',(0.00322930592083547,-0.0342651641214464,0.0307212137218862));
#8766=CARTESIAN_POINT('',(0.00307623632399121,-0.0342795901009525,0.0305102404736755));
#8767=CARTESIAN_POINT('',(0.00298742688938463,-0.0342871079263925,0.0303882667628719));
#8768=CARTESIAN_POINT('',(0.002956912403432,-0.0342897447578995,0.0303470482109348));
#8769=CARTESIAN_POINT('',(0.00294869264488023,-0.0342904596338083,0.0303362651362187));
#8770=CARTESIAN_POINT('',(0.00290319782023649,-0.0342943414082904,0.030276099399702));
#8771=CARTESIAN_POINT('',(0.00287005868143556,-0.0342971509111319,0.030232303542402));
#8772=CARTESIAN_POINT('',(0.00281563580012365,-0.0343016355779072,0.0301604174844751));
#8773=CARTESIAN_POINT('',(0.00281350509881739,-0.0343018092176464,0.0301575416709826));
#8774=CARTESIAN_POINT('',(0.00280129116051911,-0.0343028088409518,0.0301411627719231));
#8775=CARTESIAN_POINT('',(0.00279545129315062,-0.034303285153588,0.0301332646662073));
#8776=CARTESIAN_POINT('',(0.00277873309889129,-0.0343046448226492,0.0301104443805021));
#8777=CARTESIAN_POINT('',(0.00276865618316997,-0.0343054589476806,0.0300963962319544));
#8778=CARTESIAN_POINT('',(0.00274163177488206,-0.0343076328372765,0.0300577479120794));
#8779=CARTESIAN_POINT('',(0.00272673912144386,-0.034308828576254,0.030035605032133));
#8780=CARTESIAN_POINT('',(0.00269624699569662,-0.034311224710555,0.0299897264906629));
#8781=CARTESIAN_POINT('',(0.00269478333669726,-0.0343113397279061,0.029987524265057));
#8782=CARTESIAN_POINT('',(0.0026933196776979,-0.0343114547452572,0.029985322039451));
#8783=CARTESIAN_POINT('',(0.00269185601869854,-0.0343115697626084,0.0299831198138451));
#8784=CARTESIAN_POINT('',(0.00322924574373252,-0.0342645256008604,0.0307212137218862));
#8785=CARTESIAN_POINT('',(0.00307617899929613,-0.0342789513115425,0.030510240473681));
#8786=CARTESIAN_POINT('',(0.00298737121962156,-0.0342864689968906,0.0303882667628719));
#8787=CARTESIAN_POINT('',(0.00295685730229681,-0.034289105779261,0.0303470482109348));
#8788=CARTESIAN_POINT('',(0.00294863769691766,-0.0342898206418484,0.0303362651362187));
#8789=CARTESIAN_POINT('',(0.00290314372005571,-0.0342937023439948,0.030276099399702));
#8790=CARTESIAN_POINT('',(0.00287000519879223,-0.0342965117944821,0.030232303542402));
#8791=CARTESIAN_POINT('',(0.00281558333163365,-0.034300996377687,0.0301604174844751));
#8792=CARTESIAN_POINT('',(0.00281345267003234,-0.0343011700141905,0.0301575416709826));
#8793=CARTESIAN_POINT('',(0.00280123895933697,-0.0343021696188682,0.0301411627719231));
#8794=CARTESIAN_POINT('',(0.00279539920079257,-0.0343026459226285,0.0301332646662073));
#8795=CARTESIAN_POINT('',(0.00277868131807155,-0.0343040055663527,0.0301104443805021));
#8796=CARTESIAN_POINT('',(0.0027686045901304,-0.0343048196762132,0.0300963962319544));
#8797=CARTESIAN_POINT('',(0.00274158068543386,-0.0343069935252993,0.0300577479120794));
#8798=CARTESIAN_POINT('',(0.00272668830844148,-0.0343081892420789,0.0300356050305228));
#8799=CARTESIAN_POINT('',(0.00269619675197954,-0.0343105853316443,0.0299897264906629));
#8800=CARTESIAN_POINT('',(0.00269473312030656,-0.0343107003468481,0.0299875242651343));
#8801=CARTESIAN_POINT('',(0.00269326948863359,-0.0343108153620518,0.0299853220396056));
#8802=CARTESIAN_POINT('',(0.00269180585696062,-0.0343109303772556,0.029983119814077));
#8803=CARTESIAN_POINT('',(0.00324122217884593,-0.0343916038414517,0.0307212137218863));
#8804=CARTESIAN_POINT('',(0.00306342024637826,-0.034408360709483,0.0304770532729521));
#8805=CARTESIAN_POINT('',(0.00287402941990281,-0.0344246457183712,0.0302413203826765));
#8806=CARTESIAN_POINT('',(0.00270619616794065,-0.0344378344020153,0.0299897263727421));
#8807=CARTESIAN_POINT('',(3.30643715532042E-18,4.68711497137172E-33,0.0329641));
#8808=CARTESIAN_POINT('',(3.30643715532042E-18,4.68711497137172E-33,0.0302556637760466));
#8809=CARTESIAN_POINT('',(8.79132130979965E-5,-0.0344168877190684,0.0307212137218862));
#8810=CARTESIAN_POINT('',(0.000747366159003176,-0.0344088845042145,0.0297901133723657));
#8811=CARTESIAN_POINT('',(3.30643715532042E-18,4.68711497137172E-33,0.0292878600261194));
#8812=CARTESIAN_POINT('',(3.22901372360824E-6,-0.0344169998485265,0.0287856051602687));
#8813=CARTESIAN_POINT('',(3.30643715532042E-18,4.68711497137172E-33,0.0287856051602687));
#8814=CARTESIAN_POINT('',(0.000311167665156552,-0.034415593321693,0.0287856051602687));
#8815=CARTESIAN_POINT('',(0.000311167665156552,-0.034415593321693,0.0287856051602687));
#8816=CARTESIAN_POINT('',(0.000506584876226242,-0.0344138264622136,0.0290512434750302));
#8817=CARTESIAN_POINT('',(0.000706259844853704,-0.0344102423225404,0.0293138753323237));
#8818=CARTESIAN_POINT('',(0.000889748667524664,-0.0344054971815353,0.0295879231071634));
#8819=CARTESIAN_POINT('',(0.000889748784345498,-0.0344054971785143,0.0295879231100994));
#8820=CARTESIAN_POINT('',(3.30643715532042E-18,4.68711497137172E-33,0.0291867644701108));
#8821=CARTESIAN_POINT('',(0.00145706688090139,-0.0343861432135763,0.0287856051602687));
#8822=CARTESIAN_POINT('',(3.30643715532042E-18,4.68711497137172E-33,0.0287856051602687));
#8823=CARTESIAN_POINT('',(0.00176927115522111,-0.0343714935459503,0.0287856051602687));
#8824=CARTESIAN_POINT('',(3.30643715532042E-18,4.68711497137172E-33,0.0292923650785466));
#8825=CARTESIAN_POINT('',(0.00104750607386872,-0.0344010555074289,0.0297991263261385));
#8826=CARTESIAN_POINT('',(3.30643715532042E-18,4.68711497137172E-33,0.0302601693593558));
#8827=CARTESIAN_POINT('',(0.00171801462085708,-0.0343740936573245,0.0307212137218862));
#8828=CARTESIAN_POINT('',(3.30643715532042E-18,4.68711497137172E-33,0.0307212137218862));
#8829=CARTESIAN_POINT('',(0.00143474757498428,-0.0343870817080496,0.0307212137218862));
#8830=CARTESIAN_POINT('',(0.00143474757498428,-0.0343870817080496,0.0307212137218862));
#8831=CARTESIAN_POINT('',(0.00125695935914298,-0.0343944996452187,0.0304770400025717));
#8832=CARTESIAN_POINT('',(0.00106754885037465,-0.034400847618546,0.0302411168268515));
#8833=CARTESIAN_POINT('',(0.000900010154476312,-0.0344052302814825,0.0299897263728158));
#8834=CARTESIAN_POINT('',(0.000900010099517037,-0.0344052302829202,0.0299897263401572));
#8835=CARTESIAN_POINT('',(0.000900010044557763,-0.0344052302843579,0.0299897263074987));
#8836=CARTESIAN_POINT('',(0.000748260800566566,-0.0344091999088225,0.0302452712530736));
#8837=CARTESIAN_POINT('',(0.000562882352476312,-0.0344128275172026,0.0304789804977186));
#8838=CARTESIAN_POINT('',(0.000390715425139739,-0.0344147821503574,0.0307212137218862));
#8839=CARTESIAN_POINT('',(0.000390715425139728,-0.0344147821503574,0.0307212137218862));
#8840=CARTESIAN_POINT('',(3.30643715532042E-18,4.68711497137172E-33,0.0307212137218862));
#8841=CARTESIAN_POINT('',(0.000376016711153612,-0.0344788306706338,0.0292878600261196));
#8842=CARTESIAN_POINT('',(0.000748773990157008,-0.0344741053811397,0.0297901115053098));
#8843=CARTESIAN_POINT('',(0.000749486411525745,-0.0345358683996644,0.0297901638454078));
#8844=CARTESIAN_POINT('',(3.30643715532042E-18,4.68711497137172E-33,0.0292878600261194));
#8845=CARTESIAN_POINT('',(3.91610208683554E-6,-0.0345439997780243,0.0287856051602687));
#8846=CARTESIAN_POINT('',(3.24972059626872E-6,-0.0344828959656304,0.0287856051602687));
#8847=CARTESIAN_POINT('',(0.000418430022090289,-0.0344779610147097,0.0302556637760464));
#8848=CARTESIAN_POINT('',(-0.000330340456085396,-4.00906434919745E-6,0.0307212137218862));
#8849=CARTESIAN_POINT('',(8.88409845414873E-5,-0.0345438857582563,0.0307212137218862));
#8850=CARTESIAN_POINT('',(3.30643715532042E-18,4.68711497137172E-33,0.0302556637760466));
#8851=CARTESIAN_POINT('',(3.30643715532042E-18,4.68711497137172E-33,0.0307212137218862));
#8852=CARTESIAN_POINT('',(0.000392157179476039,-0.0345417739664104,0.0307212137218862));
#8853=CARTESIAN_POINT('',(0.000392157179476044,-0.0345417739664104,0.0307212137218862));
#8854=CARTESIAN_POINT('',(3.30643715532042E-18,4.68711497137172E-33,0.0307212137218862));
#8855=CARTESIAN_POINT('',(0.000903364356933468,-0.0345334564185446,0.0299897262548213));
#8856=CARTESIAN_POINT('',(0.000871281537493469,-0.0345342956764284,0.0300435529529793));
#8857=CARTESIAN_POINT('',(0.000830470678429596,-0.0345353218224417,0.0301057130617089));
#8858=CARTESIAN_POINT('',(0.000774737179439415,-0.0345365820550287,0.0301850182375362));
#8859=CARTESIAN_POINT('',(0.000774965144176421,-0.0345365765588064,0.0301846821543127));
#8860=CARTESIAN_POINT('',(0.000768037489833651,-0.0345367313130701,0.0301944929285948));
#8861=CARTESIAN_POINT('',(0.000764252631036046,-0.0345368153447218,0.030199843411251));
#8862=CARTESIAN_POINT('',(0.000751934939315553,-0.03453708645335,0.0302172301457652));
#8863=CARTESIAN_POINT('',(0.000742438991879717,-0.0345372925977177,0.0302306016841689));
#8864=CARTESIAN_POINT('',(0.000710098494518887,-0.034537977713779,0.0302760574455624));
#8865=CARTESIAN_POINT('',(0.000683401295682492,-0.0345385242280467,0.0303134828147347));
#8866=CARTESIAN_POINT('',(0.000619731875931634,-0.034539725325837,0.0304025766095659));
#8867=CARTESIAN_POINT('',(0.000596487682476268,-0.0345401289379137,0.0304351065176886));
#8868=CARTESIAN_POINT('',(0.000546485321034357,-0.0345409562461282,0.0305050920485589));
#8869=CARTESIAN_POINT('',(0.000523176399446096,-0.0345413148736062,0.0305377210750994));
#8870=CARTESIAN_POINT('',(0.000458327034430887,-0.0345422565154768,0.0306285169380371));
#8871=CARTESIAN_POINT('',(0.000421864027867758,-0.0345427067822977,0.0306795925642611));
#8872=CARTESIAN_POINT('',(0.000392171953718499,-0.0345430438805212,0.0307212132218858));
#8873=CARTESIAN_POINT('',(0.000390984270752529,-0.0345430573644502,0.0307228780481908));
#8874=CARTESIAN_POINT('',(0.000389796587786558,-0.0345430708483791,0.0307245428744958));
#8875=CARTESIAN_POINT('',(0.000388608904820588,-0.0345430843323081,0.0307262077008007));
#8876=CARTESIAN_POINT('',(0.000903331146229562,-0.0345321868528515,0.0299897262548213));
#8877=CARTESIAN_POINT('',(0.000871249506261302,-0.0345330260798813,0.0300435529529798));
#8878=CARTESIAN_POINT('',(0.000830440147541818,-0.03453405218817,0.0301057130617089));
#8879=CARTESIAN_POINT('',(0.000774708697502007,-0.0345353123744267,0.0301850182375362));
#8880=CARTESIAN_POINT('',(0.000774936653858264,-0.0345353068784065,0.0301846821543127));
#8881=CARTESIAN_POINT('',(0.000768009254199306,-0.0345354616269809,0.0301944929285948));
#8882=CARTESIAN_POINT('',(0.000764224534545806,-0.0345355456555433,0.030199843411251));
#8883=CARTESIAN_POINT('',(0.000751907295664977,-0.0345358167542046,0.0302172301457652));
#8884=CARTESIAN_POINT('',(0.000742411697332021,-0.0345360228909937,0.0302306016841689));
#8885=CARTESIAN_POINT('',(0.000710072388916353,-0.0345367079818679,0.0302760574455624));
#8886=CARTESIAN_POINT('',(0.000683376171558538,-0.0345372544760439,0.0303134828147347));
#8887=CARTESIAN_POINT('',(0.000619709092509115,-0.0345384555296778,0.0304025766095659));
#8888=CARTESIAN_POINT('',(0.000596465753588268,-0.0345388591269163,0.0304351065176886));
#8889=CARTESIAN_POINT('',(0.000546465230400886,-0.0345396864047162,0.0305050920485589));
#8890=CARTESIAN_POINT('',(0.000523157165726768,-0.0345400450190099,0.0305377210750994));
#8891=CARTESIAN_POINT('',(0.000458310184791741,-0.0345409866262626,0.0306285169380371));
#8892=CARTESIAN_POINT('',(0.000421848518731266,-0.0345414368765301,0.0306795925642608));
#8893=CARTESIAN_POINT('',(0.000392157536162022,-0.0345417739623609,0.0307212132218858));
#8894=CARTESIAN_POINT('',(0.000390969896859253,-0.0345417874457941,0.0307228780481908));
#8895=CARTESIAN_POINT('',(0.000389782257556483,-0.0345418009292273,0.0307245428744958));
#8896=CARTESIAN_POINT('',(0.000388594618253713,-0.0345418144126606,0.0307262077008008));
#8897=CARTESIAN_POINT('',(0.000900010075839012,-0.0344052302835396,0.0299897262548213));
#8898=CARTESIAN_POINT('',(0.000868046383044651,-0.0344060664251767,0.0300435529530335));
#8899=CARTESIAN_POINT('',(0.000827387058764091,-0.0344070887610076,0.0301057130617089));
#8900=CARTESIAN_POINT('',(0.000771860503761191,-0.0344083443142266,0.0301850182375362));
#8901=CARTESIAN_POINT('',(0.000772087622042609,-0.0344083388384123,0.0301846821543127));
#8902=CARTESIAN_POINT('',(0.00076518569076475,-0.0344084930180581,0.0301944929285948));
#8903=CARTESIAN_POINT('',(0.00076141488552174,-0.0344085767376921,0.030199843411251));
#8904=CARTESIAN_POINT('',(0.000749142930607385,-0.0344088468396671,0.0302172301457652));
#8905=CARTESIAN_POINT('',(0.000739682242562418,-0.0344090522186004,0.0302306016841689));
#8906=CARTESIAN_POINT('',(0.000707461828662984,-0.0344097347907581,0.0302760574455624));
#8907=CARTESIAN_POINT('',(0.000680863759163102,-0.0344102792757644,0.0303134828147347));
#8908=CARTESIAN_POINT('',(0.000617430750257243,-0.0344114759137599,0.0304025766095659));
#8909=CARTESIAN_POINT('',(0.000594272864788311,-0.034411878027185,0.0304351065176886));
#8910=CARTESIAN_POINT('',(0.000544456167053824,-0.0344127022635224,0.0305050920485589));
#8911=CARTESIAN_POINT('',(0.000521233793793949,-0.0344130595593812,0.0305377210750994));
#8912=CARTESIAN_POINT('',(0.000456625220877065,-0.0344139977048425,0.0306285169380371));
#8913=CARTESIAN_POINT('',(0.000420297605082022,-0.0344144462997779,0.030679592564229));
#8914=CARTESIAN_POINT('',(0.000390715780514368,-0.0344147821463228,0.0307212132218858));
#8915=CARTESIAN_POINT('',(0.000389532507531662,-0.0344147955801846,0.0307228780481921));
#8916=CARTESIAN_POINT('',(0.000388349234548956,-0.0344148090140464,0.0307245428744983));
#8917=CARTESIAN_POINT('',(0.00038716596156625,-0.0344148224479082,0.0307262077008046));
#8918=CARTESIAN_POINT('',(0.000899976533028068,-0.0344039480221895,0.0299897262548213));
#8919=CARTESIAN_POINT('',(0.000868014031500163,-0.0344047841326642,0.030043552953034));
#8920=CARTESIAN_POINT('',(0.000827356222567436,-0.0344058064303933,0.0301057130617089));
#8921=CARTESIAN_POINT('',(0.000771831737004408,-0.0344070619368186,0.0301850182375362));
#8922=CARTESIAN_POINT('',(0.00077205884682127,-0.0344070564612084,0.0301846821543127));
#8923=CARTESIAN_POINT('',(0.000765157172774061,-0.034407210635108,0.0301944929285948));
#8924=CARTESIAN_POINT('',(0.000761386508066597,-0.0344072943516218,0.030199843411251));
#8925=CARTESIAN_POINT('',(0.000749115010520304,-0.0344075644435303,0.0302172301457652));
#8926=CARTESIAN_POINT('',(0.000739654675069245,-0.0344077698148092,0.0302306016841689));
#8927=CARTESIAN_POINT('',(0.000707435462004425,-0.0344084523615279,0.0302760574455624));
#8928=CARTESIAN_POINT('',(0.000680838383797908,-0.0344089968262415,0.0303134828147347));
#8929=CARTESIAN_POINT('',(0.0006174077390005,-0.0344101934196391,0.0304025766095659));
#8930=CARTESIAN_POINT('',(0.000594250716611432,-0.0344105955180778,0.0304351065176886));
#8931=CARTESIAN_POINT('',(0.000544435875514019,-0.0344114197236964,0.0305050920485589));
#8932=CARTESIAN_POINT('',(0.000521214367737428,-0.034411777006239,0.0305377210750994));
#8933=CARTESIAN_POINT('',(0.000456608202741527,-0.0344127151167362,0.0306285169380371));
#8934=CARTESIAN_POINT('',(0.000420281940854164,-0.0344131636949528,0.0306795925642287));
#8935=CARTESIAN_POINT('',(0.000390701218782327,-0.0344134995289808,0.0307212132218858));
#8936=CARTESIAN_POINT('',(0.000389517989899453,-0.0344135129623419,0.0307228780481921));
#8937=CARTESIAN_POINT('',(0.00038833476101658,-0.034413526395703,0.0307245428744983));
#8938=CARTESIAN_POINT('',(0.000387151532133706,-0.0344135398290642,0.0307262077008047));
#8939=CARTESIAN_POINT('',(0.000901670768599067,-0.0344687085640738,0.0299897264908105));
#8940=CARTESIAN_POINT('',(0.000903331264620775,-0.0345321868497545,0.0299897264318132));
#8941=CARTESIAN_POINT('',(0.000903331115045233,-0.0345321868536673,0.0299897263071424));
#8942=CARTESIAN_POINT('',(0.000750982647842003,-0.0345361721532759,0.0302453371282916));
#8943=CARTESIAN_POINT('',(0.000564953424209723,-0.0345398121885346,0.030478988887348));
#8944=CARTESIAN_POINT('',(0.000392157179476047,-0.0345417739664104,0.0307212137218862));
#8945=CARTESIAN_POINT('',(0.00144006831783616,-0.0345146057564503,0.0307212137218862));
#8946=CARTESIAN_POINT('',(0.00128588441197955,-0.034521038840447,0.0305102404716516));
#8947=CARTESIAN_POINT('',(0.00119647314418683,-0.0345239172767976,0.0303882667619308));
#8948=CARTESIAN_POINT('',(0.00116574905371564,-0.0345249601626023,0.0303470482111882));
#8949=CARTESIAN_POINT('',(0.00115747259253409,-0.0345252456843619,0.0303362651361571));
#8950=CARTESIAN_POINT('',(0.00111166785992431,-0.0345267508887997,0.0302760993996894));
#8951=CARTESIAN_POINT('',(0.00107830392544413,-0.0345278292188293,0.0302323035424524));
#8952=CARTESIAN_POINT('',(0.00102351865015252,-0.034529470558073,0.0301604174846524));
#8953=CARTESIAN_POINT('',(0.00102137386247073,-0.03452953287463,0.0301575416711524));
#8954=CARTESIAN_POINT('',(0.00100907895281502,-0.034529894363784,0.0301411627721362));
#8955=CARTESIAN_POINT('',(0.00100320045641751,-0.0345300655606169,0.0301332646664307));
#8956=CARTESIAN_POINT('',(0.000986371880855555,-0.0345305517443325,0.0301104443807221));
#8957=CARTESIAN_POINT('',(0.000976228716688948,-0.0345308393621473,0.0300963962321268));
#8958=CARTESIAN_POINT('',(0.000949027137422996,-0.0345316012355291,0.0300577479119726));
#8959=CARTESIAN_POINT('',(0.000934037181398978,-0.0345320188275012,0.0300356053532588));
#8960=CARTESIAN_POINT('',(0.000903347909439371,-0.0345328216315686,0.0299897264908105));
#8961=CARTESIAN_POINT('',(0.000901874787154149,-0.0345328601671378,0.0299875242497543));
#8962=CARTESIAN_POINT('',(0.000900401664868928,-0.034532898702707,0.0299853220086982));
#8963=CARTESIAN_POINT('',(0.000898928542583707,-0.0345329372382762,0.029983119767642));
#8964=CARTESIAN_POINT('',(0.00144004184647869,-0.0345139713084483,0.0307212137218862));
#8965=CARTESIAN_POINT('',(0.00128586077483686,-0.0345204042741918,0.030510240471657));
#8966=CARTESIAN_POINT('',(0.0011964511505995,-0.0345232826576311,0.0303882667619308));
#8967=CARTESIAN_POINT('',(0.001165727624899,-0.0345243255242655,0.0303470482111882));
#8968=CARTESIAN_POINT('',(0.00115745131585549,-0.0345246110407766,0.0303362651361571));
#8969=CARTESIAN_POINT('',(0.001111647425229,-0.0345261162175457,0.0302760993996894));
#8970=CARTESIAN_POINT('',(0.00107828410404515,-0.0345271945277534,0.0302323035424524));
#8971=CARTESIAN_POINT('',(0.0010234998358173,-0.034528835836826,0.0301604174846524));
#8972=CARTESIAN_POINT('',(0.00102135508756104,-0.0345288981522375,0.0301575416711524));
#8973=CARTESIAN_POINT('',(0.00100906040391054,-0.0345292596347466,0.0301411627721362));
#8974=CARTESIAN_POINT('',(0.00100318201557164,-0.0345294308284326,0.0301332646664307));
#8975=CARTESIAN_POINT('',(0.000986353749352809,-0.0345299170032112,0.0301104443807221));
#8976=CARTESIAN_POINT('',(0.000976210771637999,-0.0345302046157389,0.0300963962321268));
#8977=CARTESIAN_POINT('',(0.000949009692391886,-0.034530966475116,0.0300577479119726));
#8978=CARTESIAN_POINT('',(0.000934020010851016,-0.0345313840594397,0.0300356053516646));
#8979=CARTESIAN_POINT('',(0.000903331304084516,-0.0345321868487222,0.0299897264908105));
#8980=CARTESIAN_POINT('',(0.00090185820892925,-0.0345322253835817,0.0299875242498308));
#8981=CARTESIAN_POINT('',(0.000900385113773983,-0.0345322639184412,0.0299853220088512));
#8982=CARTESIAN_POINT('',(0.000898912018618717,-0.0345323024533006,0.0299831197678716));
#8983=CARTESIAN_POINT('',(0.00143474757498428,-0.0343870817080496,0.0307212137218862));
#8984=CARTESIAN_POINT('',(0.00128113334629871,-0.0343934910231511,0.0305102404727297));
#8985=CARTESIAN_POINT('',(0.00119205243313406,-0.034396358824331,0.0303882667619308));
#8986=CARTESIAN_POINT('',(0.00116144186157217,-0.0343973978568969,0.0303470482111882));
#8987=CARTESIAN_POINT('',(0.00115319598013543,-0.0343976823237149,0.0303362651361571));
#8988=CARTESIAN_POINT('',(0.00110756048616565,-0.0343991819667459,0.0302760993996894));
#8989=CARTESIAN_POINT('',(0.00107431982425087,-0.0344002563125779,0.0302323035424524));
#8990=CARTESIAN_POINT('',(0.00101973696877386,-0.0344018915874259,0.0301604174846524));
#8991=CARTESIAN_POINT('',(0.00101760010562148,-0.0344019536737366,0.0301575416711524));
#8992=CARTESIAN_POINT('',(0.00100535062301381,-0.0344023138272659,0.0301411627721362));
#8993=CARTESIAN_POINT('',(0.000999493846396748,-0.0344024843915634,0.0301332646664307));
#8994=CARTESIAN_POINT('',(0.000982727448803718,-0.0344029687789347,0.0301104443807221));
#8995=CARTESIAN_POINT('',(0.000972621761448154,-0.0344032553340634,0.0300963962321268));
#8996=CARTESIAN_POINT('',(0.000945520686169858,-0.0344040143924869,0.0300577479119726));
#8997=CARTESIAN_POINT('',(0.000930585901258585,-0.0344044304471327,0.0300356050328195));
#8998=CARTESIAN_POINT('',(0.000900010233113617,-0.0344052302794254,0.0299897264908105));
#8999=CARTESIAN_POINT('',(0.000898542563949319,-0.0344052686723458,0.0299875242651358));
#9000=CARTESIAN_POINT('',(0.00089707489478502,-0.0344053070652661,0.0299853220394611));
#9001=CARTESIAN_POINT('',(0.000895607225620722,-0.0344053454581865,0.0299831198137864));
#9002=CARTESIAN_POINT('',(0.00143472083891323,-0.0343864409155676,0.0307212137218862));
#9003=CARTESIAN_POINT('',(0.00128110947278459,-0.0343928501112333,0.0305102404727351));
#9004=CARTESIAN_POINT('',(0.00119203021961086,-0.0343957178589729,0.0303882667619308));
#9005=CARTESIAN_POINT('',(0.00116142021846737,-0.0343967568721767,0.0303470482111882));
#9006=CARTESIAN_POINT('',(0.00115317449069005,-0.0343970413336937,0.0303362651361571));
#9007=CARTESIAN_POINT('',(0.00110753984712338,-0.0343985409487794,0.0302760993996894));
#9008=CARTESIAN_POINT('',(0.00107429980463791,-0.0343996152745912,0.0302323035424524));
#9009=CARTESIAN_POINT('',(0.00101971796629529,-0.0344012505189664,0.0301604174846524));
#9010=CARTESIAN_POINT('',(0.00101758114296269,-0.0344013126041202,0.0301575416711524));
#9011=CARTESIAN_POINT('',(0.00100533188862028,-0.0344016727509381,0.0301411627721362));
#9012=CARTESIAN_POINT('',(0.000999475221142414,-0.0344018433120572,0.0301332646664307));
#9013=CARTESIAN_POINT('',(0.000982709135985945,-0.0344023276904021,0.0301104443807221));
#9014=CARTESIAN_POINT('',(0.000972603636946695,-0.0344026142401909,0.0300963962321268));
#9015=CARTESIAN_POINT('',(0.000945503066688437,-0.0344033732844697,0.0300577479119726));
#9016=CARTESIAN_POINT('',(0.000930568559005143,-0.0344037893313905,0.0300356050312093));
#9017=CARTESIAN_POINT('',(0.000899993461705214,-0.0344045891487504,0.0299897264908105));
#9018=CARTESIAN_POINT('',(0.00089852581994217,-0.034404627540954,0.0299875242652131));
#9019=CARTESIAN_POINT('',(0.000897058178179126,-0.0344046659331576,0.0299853220396157));
#9020=CARTESIAN_POINT('',(0.000895590536416082,-0.0344047043253612,0.0299831198140183));
#9021=CARTESIAN_POINT('',(0.00143474757498428,-0.0343870817080496,0.0307212137218862));
#9022=CARTESIAN_POINT('',(0.00144004184647869,-0.0345139713084483,0.0307212137218862));
#9023=CARTESIAN_POINT('',(0.00144004184647869,-0.0345139713084483,0.0307212137218862));
#9024=CARTESIAN_POINT('',(0.00126160728369509,-0.0345214162134397,0.0304770532729879));
#9025=CARTESIAN_POINT('',(0.00107162430503259,-0.034527784453838,0.0302413203827119));
#9026=CARTESIAN_POINT('',(0.000903331225157035,-0.0345321868507869,0.0299897263728158));
#9027=CARTESIAN_POINT('',(3.30643715532042E-18,4.68711497137172E-33,0.0307212137218862));
#9028=CARTESIAN_POINT('',(0.00172127593436264,-0.0344395319723238,0.0307212137218862));
#9029=CARTESIAN_POINT('',(0.00172374624954897,-0.0345009657091967,0.0307212137218862));
#9030=CARTESIAN_POINT('',(3.30643715532042E-18,4.68711497137172E-33,0.0307212137218862));
#9031=CARTESIAN_POINT('',(0.00138539290898703,-0.0344530381821141,0.0302601693593561));
#9032=CARTESIAN_POINT('',(0.0010495266483123,-0.0344669088174571,0.0297991278894573));
#9033=CARTESIAN_POINT('',(0.00105200531943597,-0.034527977363406,0.0297991594647732));
#9034=CARTESIAN_POINT('',(3.30643715532042E-18,4.68711497137172E-33,0.0302601693593558));
#9035=CARTESIAN_POINT('',(0.00141106433646966,-0.0344516150054947,0.0292923650785473));
#9036=CARTESIAN_POINT('',(0.00177261983313501,-0.0344368064670004,0.0287856051602687));
#9037=CARTESIAN_POINT('',(0.00177514091499468,-0.0344983595368231,0.0287856051602687));
#9038=CARTESIAN_POINT('',(3.30643715532042E-18,4.68711497137172E-33,0.0292923650785466));
#9039=CARTESIAN_POINT('',(3.30643715532042E-18,4.68711497137172E-33,0.0287856051602687));
#9040=CARTESIAN_POINT('',(0.0014592713947547,-0.0344507781111198,0.0287856051602687));
#9041=CARTESIAN_POINT('',(0.0014613961219645,-0.0345130737167049,0.0287856051602687));
#9042=CARTESIAN_POINT('',(3.30643715532042E-18,4.68711497137172E-33,0.0287856051602687));
#9043=CARTESIAN_POINT('',(0.00117534905350689,-0.034460461900502,0.0291867644701116));
#9044=CARTESIAN_POINT('',(0.000889398475158222,-0.034405509125143,0.0295876749243075));
#9045=CARTESIAN_POINT('',(0.00089072503196866,-0.0344478203920404,0.0295878394242608));
#9046=CARTESIAN_POINT('',(0.000892051588779098,-0.0344901316589379,0.029588003924214));
#9047=CARTESIAN_POINT('',(0.000893378145589537,-0.0345324429258353,0.0295881684241672));
#9048=CARTESIAN_POINT('',(0.000893031816348432,-0.0345324547381479,0.0295879230229151));
#9049=CARTESIAN_POINT('',(3.30643715532042E-18,4.68711497137172E-33,0.0291867644701108));
#9050=CARTESIAN_POINT('',(0.000312321626424015,-0.0345432231050447,0.0287856051602687));
#9051=CARTESIAN_POINT('',(0.000478953768707209,-0.0345417165049937,0.0290112778924377));
#9052=CARTESIAN_POINT('',(0.000576965949800803,-0.0345398289362367,0.0291441179772787));
#9053=CARTESIAN_POINT('',(0.000608216852083852,-0.0345392802896125,0.0291866268079955));
#9054=CARTESIAN_POINT('',(0.000621144411390818,-0.0345390509341492,0.0292042294901723));
#9055=CARTESIAN_POINT('',(0.000635637299555937,-0.0345387872548382,0.0292240155652495));
#9056=CARTESIAN_POINT('',(0.000642792722039535,-0.034538654790295,0.0292338028454637));
#9057=CARTESIAN_POINT('',(0.000663985929964655,-0.0345382560309846,0.0292628474141326));
#9058=CARTESIAN_POINT('',(0.000677750655771778,-0.0345379883748529,0.0292817874306139));
#9059=CARTESIAN_POINT('',(0.00071795264127004,-0.0345371838731348,0.0293373383921639));
#9060=CARTESIAN_POINT('',(0.000743297707932012,-0.0345366455632884,0.0293726802493386));
#9061=CARTESIAN_POINT('',(0.00081496456155972,-0.0345350535528907,0.029473629469287));
#9062=CARTESIAN_POINT('',(0.000856918006931596,-0.0345340238761546,0.0295341604876146));
#9063=CARTESIAN_POINT('',(0.000893048232349307,-0.0345330895249458,0.0295879230229151));
#9064=CARTESIAN_POINT('',(0.000893915376745119,-0.0345330671000258,0.0295892133520136));
#9065=CARTESIAN_POINT('',(0.000894782521140931,-0.0345330446751058,0.0295905036811121));
#9066=CARTESIAN_POINT('',(0.000895649665536742,-0.0345330222501858,0.0295917940102105));
#9067=CARTESIAN_POINT('',(0.000312315885323181,-0.0345425881309982,0.0287856051602687));
#9068=CARTESIAN_POINT('',(0.00047894496456673,-0.0345410815586415,0.0290112778924308));
#9069=CARTESIAN_POINT('',(0.000576955344004038,-0.0345391940245818,0.0291441179772787));
#9070=CARTESIAN_POINT('',(0.000608205671832532,-0.0345386453880428,0.0291866268079955));
#9071=CARTESIAN_POINT('',(0.000621132993504908,-0.0345384160367956,0.0292042294901723));
#9072=CARTESIAN_POINT('',(0.000635625615261539,-0.0345381523623315,0.0292240155652495));
#9073=CARTESIAN_POINT('',(0.000642780906214054,-0.0345380199002233,0.0292338028454637));
#9074=CARTESIAN_POINT('',(0.000663973724565306,-0.0345376211482429,0.0292628474141326));
#9075=CARTESIAN_POINT('',(0.000677738197349032,-0.0345373534970313,0.0292817874306139));
#9076=CARTESIAN_POINT('',(0.000717939443853793,-0.0345365490101015,0.0293373383921639));
#9077=CARTESIAN_POINT('',(0.000743284044622368,-0.0345360107101504,0.0293726802493386));
#9078=CARTESIAN_POINT('',(0.000814949580868895,-0.034534418729017,0.029473629469287));
#9079=CARTESIAN_POINT('',(0.000856902255051787,-0.0345333890712085,0.0295341604876144));
#9080=CARTESIAN_POINT('',(0.000893031816323272,-0.0345324547371749,0.0295879230229151));
#9081=CARTESIAN_POINT('',(0.000893898944779225,-0.0345324323126671,0.0295892133520136));
#9082=CARTESIAN_POINT('',(0.000894766073235178,-0.0345324098881593,0.0295905036811121));
#9083=CARTESIAN_POINT('',(0.000895633201691132,-0.0345323874636515,0.0295917940102105));
#9084=CARTESIAN_POINT('',(0.000311167665156552,-0.034415593321693,0.0287856051602687));
#9085=CARTESIAN_POINT('',(0.000477184136470829,-0.0344140922882146,0.0290112778910439));
#9086=CARTESIAN_POINT('',(0.000574834184651082,-0.0344122116936091,0.0291441179772787));
#9087=CARTESIAN_POINT('',(0.000605969621568442,-0.0344116650741162,0.0291866268079955));
#9088=CARTESIAN_POINT('',(0.000618849416322905,-0.0344114365660721,0.0292042294901723));
#9089=CARTESIAN_POINT('',(0.000633288756381901,-0.0344111738609994,0.0292240155652495));
#9090=CARTESIAN_POINT('',(0.000640417741117678,-0.0344110418858843,0.0292338028454637));
#9091=CARTESIAN_POINT('',(0.00066153264469558,-0.0344106445999038,0.0292628474141326));
#9092=CARTESIAN_POINT('',(0.000675246512799955,-0.034410377932704,0.0292817874306139));
#9093=CARTESIAN_POINT('',(0.00071529996060433,-0.0344095764034467,0.0293373383921639));
#9094=CARTESIAN_POINT('',(0.000740551382693609,-0.0344090400825395,0.0293726802493386));
#9095=CARTESIAN_POINT('',(0.000811953442703936,-0.034407453954278,0.029473629469287));
#9096=CARTESIAN_POINT('',(0.000853751879089912,-0.0344064280819768,0.0295341604875782));
#9097=CARTESIAN_POINT('',(0.000889748611116201,-0.0344054971829941,0.0295879230229151));
#9098=CARTESIAN_POINT('',(0.00089061255160047,-0.0344054748409293,0.0295892133520144));
#9099=CARTESIAN_POINT('',(0.000891476492084739,-0.0344054524988646,0.0295905036811138));
#9100=CARTESIAN_POINT('',(0.000892340432569009,-0.0344054301567998,0.0295917940102131));
#9101=CARTESIAN_POINT('',(0.00031116186664471,-0.034414951997906,0.0287856051602687));
#9102=CARTESIAN_POINT('',(0.000477175244288944,-0.034413450992399,0.0290112778910369));
#9103=CARTESIAN_POINT('',(0.00057482347279635,-0.0344115704328377,0.0291441179772787));
#9104=CARTESIAN_POINT('',(0.000605958329514608,-0.0344110238235309,0.0291866268079955));
#9105=CARTESIAN_POINT('',(0.000618837884258136,-0.0344107953197449,0.0292042294901723));
#9106=CARTESIAN_POINT('',(0.000633276955244558,-0.0344105326195677,0.0292240155652495));
#9107=CARTESIAN_POINT('',(0.000640405807133942,-0.0344104006469119,0.0292338028454637));
#9108=CARTESIAN_POINT('',(0.000661520317242238,-0.0344100033683346,0.0292628474141326));
#9109=CARTESIAN_POINT('',(0.000675233929792982,-0.0344097367061041,0.0292817874306139));
#9110=CARTESIAN_POINT('',(0.00071528663121392,-0.0344089351917831,0.0293373383921639));
#9111=CARTESIAN_POINT('',(0.000740537582750868,-0.0344083988808701,0.0293726802493386));
#9112=CARTESIAN_POINT('',(0.000811938312206203,-0.0344068127821655,0.029473629469287));
#9113=CARTESIAN_POINT('',(0.000853735969691304,-0.0344057869289811,0.0295341604875781));
#9114=CARTESIAN_POINT('',(0.000889732030929906,-0.0344048560473455,0.0295879230229151));
#9115=CARTESIAN_POINT('',(0.000890595955314918,-0.0344048337056971,0.0295892133520144));
#9116=CARTESIAN_POINT('',(0.00089145987969993,-0.0344048113640487,0.0295905036811138));
#9117=CARTESIAN_POINT('',(0.000892323804084942,-0.0344047890224002,0.0295917940102131));
#9118=CARTESIAN_POINT('',(0.000311167665156552,-0.034415593321693,0.0287856051602687));
#9119=CARTESIAN_POINT('',(0.000312315885323181,-0.0345425881309982,0.0287856051602687));
#9120=CARTESIAN_POINT('',(0.000312315885323181,-0.0345425881309982,0.0287856051602687));
#9121=CARTESIAN_POINT('',(0.000508447733756334,-0.0345408148101442,0.0290512347268536));
#9122=CARTESIAN_POINT('',(0.000708843597374408,-0.0345372179647232,0.0293138420411701));
#9123=CARTESIAN_POINT('',(0.000893031816323271,-0.034532454737175,0.0295879230229151));
#9124=CARTESIAN_POINT('',(3.30643715532042E-18,4.68711497137172E-33,0.0287856051602687));
#9125=CARTESIAN_POINT('',(3.30643715532042E-18,4.68711497137172E-33,0.0287856051602687));
#9126=CARTESIAN_POINT('',(3.30643715532042E-18,4.68711497137172E-33,0.0329641));
#9127=CARTESIAN_POINT('',(-0.000362446469393119,-0.0344150914797101,0.0307212137218862));
#9128=CARTESIAN_POINT('',(-0.000540380284500236,-0.0344132175493994,0.0304770389280201));
#9129=CARTESIAN_POINT('',(-0.000729864961161283,-0.0344096683211144,0.0302411140729979));
#9130=CARTESIAN_POINT('',(-0.000897402224055956,-0.034405298403709,0.0299897262548213));
#9131=CARTESIAN_POINT('',(-0.000362446469393119,-0.0344150914797102,0.0307212137218862));
#9132=CARTESIAN_POINT('',(-0.000897402224055955,-0.034405298403709,0.0299897262548213));
#9133=CARTESIAN_POINT('',(-0.000897402224055955,-0.034405298403709,0.0299897262548213));
#9134=CARTESIAN_POINT('',(-0.00104923285647264,-0.0344013381663754,0.0302457122588051));
#9135=CARTESIAN_POINT('',(-0.00123519541401221,-0.0343952615588052,0.0304790521600103));
#9136=CARTESIAN_POINT('',(-0.00140778304310965,-0.0343881961711214,0.0307212137218862));
#9137=CARTESIAN_POINT('',(-0.00140778304310965,-0.0343881961711215,0.0307212137218862));
#9138=CARTESIAN_POINT('',(3.30643715532042E-18,4.68711497137172E-33,0.0307212137218862));
#9139=CARTESIAN_POINT('',(-0.00171028173695627,-0.0343744792743139,0.0307212137218862));
#9140=CARTESIAN_POINT('',(3.30643715532042E-18,4.68711497137172E-33,0.0302556640577979));
#9141=CARTESIAN_POINT('',(-0.00105131125284659,-0.0344009394297545,0.0297901133731288));
#9142=CARTESIAN_POINT('',(3.30643715532042E-18,4.68711497137172E-33,0.0292878597769886));
#9143=CARTESIAN_POINT('',(-0.00179357668112153,-0.0343702338032334,0.0287856051602687));
#9144=CARTESIAN_POINT('',(3.30643715532042E-18,4.68711497137172E-33,0.0287856051602687));
#9145=CARTESIAN_POINT('',(-0.00148726454760471,-0.0343848503437988,0.0287856051602687));
#9146=CARTESIAN_POINT('',(-0.00148726454760471,-0.0343848503437988,0.0287856051602687));
#9147=CARTESIAN_POINT('',(-0.00129499202029604,-0.0343931668003337,0.0290533767442494));
#9148=CARTESIAN_POINT('',(-0.00109055752543912,-0.0344001973683433,0.0293124483831328));
#9149=CARTESIAN_POINT('',(-0.000908946191744713,-0.0344049953614372,0.0295879231491658));
#9150=CARTESIAN_POINT('',(-0.000908946162061179,-0.0344049953622214,0.0295879231705996));
#9151=CARTESIAN_POINT('',(-0.000908946073010706,-0.034404995364574,0.0295879232349008));
#9152=CARTESIAN_POINT('',(-0.000888436426964999,-0.0344055372092112,0.0295594996884466));
#9153=CARTESIAN_POINT('',(-0.000841889920107683,-0.0344067638887861,0.0294942882517024));
#9154=CARTESIAN_POINT('',(-0.000750032164111384,-0.034408839498508,0.0293646826210936));
#9155=CARTESIAN_POINT('',(-0.000696766750813498,-0.0344099642152431,0.0292894089456828));
#9156=CARTESIAN_POINT('',(-0.000633020260429397,-0.0344111808265762,0.0291992099715213));
#9157=CARTESIAN_POINT('',(-0.000640280556517739,-0.0344110623010767,0.029209474727048));
#9158=CARTESIAN_POINT('',(-0.00054838145428222,-0.0344126535039644,0.0290793632573442));
#9159=CARTESIAN_POINT('',(-0.000540747258124134,-0.0344127491981555,0.0290685628042225));
#9160=CARTESIAN_POINT('',(-0.000488973808596321,-0.0344135474742409,0.0289953106738404));
#9161=CARTESIAN_POINT('',(-0.000431117800050051,-0.0344143262381593,0.0289134994048781));
#9162=CARTESIAN_POINT('',(-0.000371833853933031,-0.0344150054779053,0.0288296978248168));
#9163=CARTESIAN_POINT('',(-0.000340635074647894,-0.0344153142764369,0.0287856052852688));
#9164=CARTESIAN_POINT('',(-0.000340635074647874,-0.0344153142764369,0.0287856052852688));
#9165=CARTESIAN_POINT('',(3.30643715532042E-18,4.68711497137172E-33,0.0287856051602687));
#9166=CARTESIAN_POINT('',(-2.88483673525265E-5,-0.0344169879096312,0.0287856051602687));
#9167=CARTESIAN_POINT('',(3.30643715532042E-18,4.68711497137172E-33,0.0292923661575813));
#9168=CARTESIAN_POINT('',(-0.00074988844826098,-0.0344088296272216,0.0297991274051824));
#9169=CARTESIAN_POINT('',(3.30643715532042E-18,4.68711497137172E-33,0.0302601705648276));
#9170=CARTESIAN_POINT('',(-8.01698617369677E-5,-0.0344169066273142,0.0307212130710902));
#9171=CARTESIAN_POINT('',(3.30643715532042E-18,4.68711497137172E-33,0.0307212137218862));
#9172=CARTESIAN_POINT('',(-0.000900746785850407,-0.0345335247925936,0.0299897262548213));
#9173=CARTESIAN_POINT('',(-0.000933447974516825,-0.034532671839101,0.0300446556452644));
#9174=CARTESIAN_POINT('',(-0.000974273716788829,-0.034531563359779,0.0301068788669228));
#9175=CARTESIAN_POINT('',(-0.00103545823469848,-0.0345297502958013,0.0301937751486594));
#9176=CARTESIAN_POINT('',(-0.00103601384034212,-0.0345297324554457,0.0301945131573195));
#9177=CARTESIAN_POINT('',(-0.00105258928173807,-0.034529231151678,0.0302178500290229));
#9178=CARTESIAN_POINT('',(-0.00106213798237655,-0.0345289394456181,0.0302312583704672));
#9179=CARTESIAN_POINT('',(-0.00109456672557825,-0.0345279317494639,0.0302767031115784));
#9180=CARTESIAN_POINT('',(-0.00112122944698661,-0.0345270840099924,0.0303139592280235));
#9181=CARTESIAN_POINT('',(-0.00121634468455641,-0.0345239078076788,0.0304466064444711));
#9182=CARTESIAN_POINT('',(-0.00125986690307034,-0.0345223159204569,0.0305073306881106));
#9183=CARTESIAN_POINT('',(-0.00134656348522766,-0.0345190429749368,0.0306283434215004));
#9184=CARTESIAN_POINT('',(-0.00138316744470745,-0.0345175813234926,0.0306794688170762));
#9185=CARTESIAN_POINT('',(-0.00141302940452369,-0.0345163588357007,0.0307212132218858));
#9186=CARTESIAN_POINT('',(-0.00141422388291634,-0.034516309936189,0.0307228829980782));
#9187=CARTESIAN_POINT('',(-0.00141541836130899,-0.0345162610366773,0.0307245527742706));
#9188=CARTESIAN_POINT('',(-0.00141661283970164,-0.0345162121371656,0.030726222550463));
#9189=CARTESIAN_POINT('',(-0.000900713671377195,-0.0345322552243869,0.0299897262548213));
#9190=CARTESIAN_POINT('',(-0.000933413657838523,-0.0345314023022517,0.030044655645265));
#9191=CARTESIAN_POINT('',(-0.000974237899219005,-0.0345302938636811,0.0301068788669228));
#9192=CARTESIAN_POINT('',(-0.00103542016778055,-0.0345284808663577,0.0301937751486594));
#9193=CARTESIAN_POINT('',(-0.00103597575299826,-0.034528463026658,0.0301945131573195));
#9194=CARTESIAN_POINT('',(-0.00105255058502539,-0.0345279617413199,0.0302178500290229));
#9195=CARTESIAN_POINT('',(-0.0010620989346216,-0.0345276700459841,0.0302312583704672));
#9196=CARTESIAN_POINT('',(-0.00109452648563392,-0.0345266623868762,0.0302767031115784));
#9197=CARTESIAN_POINT('',(-0.00112118822683121,-0.0345258146785704,0.0303139592280235));
#9198=CARTESIAN_POINT('',(-0.00121629996764584,-0.0345226385930247,0.0304466064444711));
#9199=CARTESIAN_POINT('',(-0.00125982058613702,-0.0345210467643258,0.0305073306881106));
#9200=CARTESIAN_POINT('',(-0.00134651398103718,-0.0345177739391302,0.0306283434215004));
#9201=CARTESIAN_POINT('',(-0.00138311659483241,-0.0345163123414212,0.0306794688170759));
#9202=CARTESIAN_POINT('',(-0.00141297745682307,-0.034515089898572,0.0307212132218858));
#9203=CARTESIAN_POINT('',(-0.0014141718913027,-0.0345150410008581,0.0307228829980782));
#9204=CARTESIAN_POINT('',(-0.00141536632578233,-0.0345149921031441,0.0307245527742706));
#9205=CARTESIAN_POINT('',(-0.00141656076026195,-0.0345149432054301,0.030726222550463));
#9206=CARTESIAN_POINT('',(-0.000897402224055955,-0.034405298403709,0.0299897262548213));
#9207=CARTESIAN_POINT('',(-0.000929981990008317,-0.0344044486173161,0.0300446556453147));
#9208=CARTESIAN_POINT('',(-0.000970656142236582,-0.0344033442538881,0.0301068788669228));
#9209=CARTESIAN_POINT('',(-0.00103161347598724,-0.0344015379219961,0.0301937751486594));
#9210=CARTESIAN_POINT('',(-0.00103216701861223,-0.0344015201478835,0.0301945131573195));
#9211=CARTESIAN_POINT('',(-0.00104868091375691,-0.0344010207055062,0.0302178500290229));
#9212=CARTESIAN_POINT('',(-0.00105819415912667,-0.0344007300825797,0.0302312583704672));
#9213=CARTESIAN_POINT('',(-0.00109050249120144,-0.0343997261281009,0.0302767031115784));
#9214=CARTESIAN_POINT('',(-0.00111706621129139,-0.0343988815363698,0.0303139592280235));
#9215=CARTESIAN_POINT('',(-0.00121182827658832,-0.0343957171276092,0.0304466064444711));
#9216=CARTESIAN_POINT('',(-0.00125518889280564,-0.0343941311512217,0.0305073306881106));
#9217=CARTESIAN_POINT('',(-0.00134156356198925,-0.0343908703584717,0.0306283434215004));
#9218=CARTESIAN_POINT('',(-0.00137803160732871,-0.0343894141342845,0.030679468817044));
#9219=CARTESIAN_POINT('',(-0.00140778268676122,-0.0343881961857096,0.0307212132218858));
#9220=CARTESIAN_POINT('',(-0.00140897272993853,-0.0343881474677666,0.0307228829980795));
#9221=CARTESIAN_POINT('',(-0.00141016277311583,-0.0343880987498236,0.0307245527742732));
#9222=CARTESIAN_POINT('',(-0.00141135281629313,-0.0343880500318806,0.0307262225504668));
#9223=CARTESIAN_POINT('',(-0.000897368778438011,-0.0344040161398201,0.0299897262548213));
#9224=CARTESIAN_POINT('',(-0.000929947330163232,-0.0344031663850983,0.0300446556453152));
#9225=CARTESIAN_POINT('',(-0.00097061996649106,-0.0344020620628292,0.0301068788669228));
#9226=CARTESIAN_POINT('',(-0.00103157502840013,-0.0344002557982581,0.0301937751486594));
#9227=CARTESIAN_POINT('',(-0.00103212855039494,-0.0344002380248079,0.0301945131573195));
#9228=CARTESIAN_POINT('',(-0.0010486418300771,-0.0343997386010445,0.0302178500290229));
#9229=CARTESIAN_POINT('',(-0.00105815472089417,-0.0343994479889493,0.0302312583704672));
#9230=CARTESIAN_POINT('',(-0.00109046184885768,-0.0343984440718873,0.0302767031115784));
#9231=CARTESIAN_POINT('',(-0.00111702457893444,-0.0343975995116336,0.0303139592280235));
#9232=CARTESIAN_POINT('',(-0.00121178311250863,-0.0343944352208085,0.0304466064444711));
#9233=CARTESIAN_POINT('',(-0.00125514211270299,-0.0343928493035294,0.0305073306881106));
#9234=CARTESIAN_POINT('',(-0.00134151356275686,-0.034389588632307,0.0306283434215004));
#9235=CARTESIAN_POINT('',(-0.00137798024895492,-0.0343881324623925,0.0306794688170437));
#9236=CARTESIAN_POINT('',(-0.0014077302195836,-0.0343869145592097,0.0307212132218858));
#9237=CARTESIAN_POINT('',(-0.00140892021840875,-0.0343868658430824,0.0307228829980795));
#9238=CARTESIAN_POINT('',(-0.00141011021723389,-0.0343868171269551,0.0307245527742732));
#9239=CARTESIAN_POINT('',(-0.00141130021605904,-0.0343867684108278,0.0307262225504669));
#9240=CARTESIAN_POINT('',(-0.000899057947716575,-0.0344687768140479,0.0299897262548213));
#9241=CARTESIAN_POINT('',(-0.000900713671377196,-0.0345322552243869,0.0299897262548213));
#9242=CARTESIAN_POINT('',(-0.000900713671377196,-0.034532255224387,0.0299897262548213));
#9243=CARTESIAN_POINT('',(-0.00105314301235175,-0.0345282793707845,0.030245776843569));
#9244=CARTESIAN_POINT('',(-0.00123975931960337,-0.0345221810979802,0.0304790605323265));
#9245=CARTESIAN_POINT('',(-0.00141297781448644,-0.03451508988393,0.0307212137218863));
#9246=CARTESIAN_POINT('',(-0.00141297781448644,-0.0345150898839301,0.0307212137218862));
#9247=CARTESIAN_POINT('',(-0.00141297781448644,-0.03451508988393,0.0307212137218862));
#9248=CARTESIAN_POINT('',(-0.000363797284648053,-0.0345433543667748,0.0307212137218862));
#9249=CARTESIAN_POINT('',(-0.000440953412522376,-0.0345425417881956,0.030615727148801));
#9250=CARTESIAN_POINT('',(-0.00050189169504948,-0.0345416528954805,0.0305324904303819));
#9251=CARTESIAN_POINT('',(-0.00056897627692182,-0.0345405912736353,0.0304410099744451));
#9252=CARTESIAN_POINT('',(-0.00058728400848699,-0.0345402805447653,0.0304160789349874));
#9253=CARTESIAN_POINT('',(-0.000615792476625335,-0.0345397840503302,0.0303773417477813));
#9254=CARTESIAN_POINT('',(-0.000630159355522654,-0.0345395220361602,0.030357948813224));
#9255=CARTESIAN_POINT('',(-0.000634121947036525,-0.034539449512927,0.030352634983054));
#9256=CARTESIAN_POINT('',(-0.000646568356439635,-0.0345392263063147,0.0303362650717889));
#9257=CARTESIAN_POINT('',(-0.000680934670842007,-0.0345385601700956,0.0302911407106212));
#9258=CARTESIAN_POINT('',(-0.000695006208832427,-0.0345382820118681,0.0302726710078536));
#9259=CARTESIAN_POINT('',(-0.000720037362127305,-0.0345377662163787,0.0302398240801348));
#9260=CARTESIAN_POINT('',(-0.000729035052839891,-0.0345375778024629,0.0302280180419672));
#9261=CARTESIAN_POINT('',(-0.000748338310267215,-0.0345371649436203,0.0302026918411097));
#9262=CARTESIAN_POINT('',(-0.000762916520868476,-0.034536845288631,0.0301835665894669));
#9263=CARTESIAN_POINT('',(-0.000823097887683766,-0.0345355042286612,0.03010461736548));
#9264=CARTESIAN_POINT('',(-0.000847412009980642,-0.0345349159372343,0.0300694573459451));
#9265=CARTESIAN_POINT('',(-0.000900746785850407,-0.0345335247925936,0.0299897262548213));
#9266=CARTESIAN_POINT('',(-0.000363783910239588,-0.0345420844371999,0.0307212137218862));
#9267=CARTESIAN_POINT('',(-0.000440937201594603,-0.0345412718884938,0.0306157271488027));
#9268=CARTESIAN_POINT('',(-0.000501873243827281,-0.0345403830284574,0.0305324904303819));
#9269=CARTESIAN_POINT('',(-0.00056895535944537,-0.034539321445641,0.0304410099744451));
#9270=CARTESIAN_POINT('',(-0.000587262417956918,-0.0345390107281944,0.0304160789349874));
#9271=CARTESIAN_POINT('',(-0.000615769838028349,-0.0345385142520122,0.0303773417477813));
#9272=CARTESIAN_POINT('',(-0.000630136188751009,-0.0345382522474746,0.030357948813224));
#9273=CARTESIAN_POINT('',(-0.000634098634586724,-0.0345381797269077,0.030352634983054));
#9274=CARTESIAN_POINT('',(-0.000646544586418075,-0.0345379565285011,0.0303362650717889));
#9275=CARTESIAN_POINT('',(-0.000680909637399456,-0.0345372904167714,0.0302911407106212));
#9276=CARTESIAN_POINT('',(-0.000694980658072939,-0.03453701226877,0.0302726710078536));
#9277=CARTESIAN_POINT('',(-0.00072001089113866,-0.0345364964922429,0.0302398240801348));
#9278=CARTESIAN_POINT('',(-0.000729008251065955,-0.0345363080852539,0.0302280180419672));
#9279=CARTESIAN_POINT('',(-0.000748310798840787,-0.0345358952415894,0.0302026918411097));
#9280=CARTESIAN_POINT('',(-0.000762888473498127,-0.0345355755983516,0.0301835665894669));
#9281=CARTESIAN_POINT('',(-0.000823067627844507,-0.0345342345876837,0.03010461736548));
#9282=CARTESIAN_POINT('',(-0.000847380854398233,-0.0345336463179333,0.0300694573487578));
#9283=CARTESIAN_POINT('',(-0.000900713671377195,-0.0345322552243869,0.0299897262548213));
#9284=CARTESIAN_POINT('',(-0.000362446469393119,-0.0344150914797102,0.0307212137218862));
#9285=CARTESIAN_POINT('',(-0.000439316108817246,-0.0344142819183168,0.0306157271489735));
#9286=CARTESIAN_POINT('',(-0.000500028121607328,-0.0344133963261469,0.0305324904303819));
#9287=CARTESIAN_POINT('',(-0.00056686361180035,-0.0344123386462084,0.0304410099744451));
#9288=CARTESIAN_POINT('',(-0.000585103364949723,-0.0344120290711054,0.0304160789349874));
#9289=CARTESIAN_POINT('',(-0.000613505978329715,-0.0344115344202033,0.0303773417477813));
#9290=CARTESIAN_POINT('',(-0.000627819511586483,-0.0344112733789177,0.030357948813224));
#9291=CARTESIAN_POINT('',(-0.000631767389606625,-0.0344112011249705,0.030352634983054));
#9292=CARTESIAN_POINT('',(-0.000644167584262126,-0.0344109787471463,0.0303362650717889));
#9293=CARTESIAN_POINT('',(-0.000678406293144311,-0.0344103150843568,0.0302911407106212));
#9294=CARTESIAN_POINT('',(-0.000692425582124141,-0.0344100379589583,0.0302726710078536));
#9295=CARTESIAN_POINT('',(-0.00071736379227418,-0.0344095240786685,0.0302398240801348));
#9296=CARTESIAN_POINT('',(-0.00072632807367233,-0.0344093363643523,0.0302280180419672));
#9297=CARTESIAN_POINT('',(-0.00074555965619799,-0.0344089250384953,0.0302026918411097));
#9298=CARTESIAN_POINT('',(-0.000760083736463207,-0.0344086065704165,0.0301835665894669));
#9299=CARTESIAN_POINT('',(-0.000820041643918608,-0.0344072704899349,0.03010461736548));
#9300=CARTESIAN_POINT('',(-0.000844265296157306,-0.0344066843878303,0.0300694576300285));
#9301=CARTESIAN_POINT('',(-0.000897402224055955,-0.034405298403709,0.0299897262548213));
#9302=CARTESIAN_POINT('',(-0.00036243296124057,-0.0344138088508396,0.0307212137218862));
#9303=CARTESIAN_POINT('',(-0.000439299735780195,-0.034412999319618,0.0306157271489752));
#9304=CARTESIAN_POINT('',(-0.000500009485872906,-0.0344121137604536,0.0305324904303819));
#9305=CARTESIAN_POINT('',(-0.000566842485149135,-0.0344110561199342,0.0304410099744451));
#9306=CARTESIAN_POINT('',(-0.000585081558514351,-0.0344107465563688,0.0304160789349874));
#9307=CARTESIAN_POINT('',(-0.000613483113346759,-0.034410251923902,0.0303773417477813));
#9308=CARTESIAN_POINT('',(-0.000627796113147121,-0.0344099908923453,0.030357948813224));
#9309=CARTESIAN_POINT('',(-0.000631743844032327,-0.0344099186410909,0.030352634983054));
#9310=CARTESIAN_POINT('',(-0.000644143576540351,-0.0344096962715546,0.0303362650717889));
#9311=CARTESIAN_POINT('',(-0.000678381009367334,-0.0344090326334994,0.0302911407106212));
#9312=CARTESIAN_POINT('',(-0.000692399775857058,-0.0344087555184292,0.0302726710078536));
#9313=CARTESIAN_POINT('',(-0.000717337056575649,-0.0344082416572914,0.0302398240801348));
#9314=CARTESIAN_POINT('',(-0.000726301003880654,-0.0344080539499711,0.0302280180419672));
#9315=CARTESIAN_POINT('',(-0.000745531869657298,-0.034407642639444,0.0302026918411097));
#9316=CARTESIAN_POINT('',(-0.000760055408619154,-0.0344073241832344,0.0301835665894669));
#9317=CARTESIAN_POINT('',(-0.000820011081480956,-0.0344059881525476,0.03010461736548));
#9318=CARTESIAN_POINT('',(-0.000844233829019073,-0.0344054020723362,0.0300694576328693));
#9319=CARTESIAN_POINT('',(-0.000897368778438011,-0.0344040161398201,0.0299897262548213));
#9320=CARTESIAN_POINT('',(-0.000362446469393119,-0.0344150914797102,0.0307212137218862));
#9321=CARTESIAN_POINT('',(-0.000363783910239589,-0.0345420844372,0.0307212137218862));
#9322=CARTESIAN_POINT('',(-0.000363783910239587,-0.0345420844371999,0.0307212137218862));
#9323=CARTESIAN_POINT('',(-0.000542378173220614,-0.0345402035513069,0.0304770336429372));
#9324=CARTESIAN_POINT('',(-0.000732537433804031,-0.0345366418083329,0.0302411451026412));
#9325=CARTESIAN_POINT('',(-0.000900713671377196,-0.034532255224387,0.0299897262548213));
#9326=CARTESIAN_POINT('',(3.30643715532042E-18,4.68711497137172E-33,0.0307212137218862));
#9327=CARTESIAN_POINT('',(-8.03325811143146E-5,-0.0344824196945634,0.0307212137218862));
#9328=CARTESIAN_POINT('',(-8.10741097551116E-5,-0.0345439048601736,0.0307212137218862));
#9329=CARTESIAN_POINT('',(3.30643715532042E-18,4.68711497137172E-33,0.0307212137218862));
#9330=CARTESIAN_POINT('',(-0.00041581902370679,-0.0344783736323416,0.0302601705648276));
#9331=CARTESIAN_POINT('',(-0.000751307762547069,-0.0344746925647451,0.0297991303011006));
#9332=CARTESIAN_POINT('',(-0.00075202187125343,-0.0345358132828106,0.0297991619381086));
#9333=CARTESIAN_POINT('',(3.30643715532042E-18,4.68711497137172E-33,0.0302601705648276));
#9334=CARTESIAN_POINT('',(-0.000390108205503464,-0.0344782930935539,0.0292923661575824));
#9335=CARTESIAN_POINT('',(-2.89163925010649E-5,-0.0344823798355985,0.0287856051602687));
#9336=CARTESIAN_POINT('',(-2.96134565906055E-5,-0.0345439873066673,0.0287856051602687));
#9337=CARTESIAN_POINT('',(3.30643715532042E-18,4.68711497137172E-33,0.0292923661575813));
#9338=CARTESIAN_POINT('',(3.30643715532042E-18,4.68711497137172E-33,0.0287856051602687));
#9339=CARTESIAN_POINT('',(-0.000341891941869595,-0.0345423080569334,0.0287856051602687));
#9340=CARTESIAN_POINT('',(-0.000341891941869595,-0.0345423080569334,0.0287856051602687));
#9341=CARTESIAN_POINT('',(3.30643715532042E-18,4.68711497137172E-33,0.0287856051602687));
#9342=CARTESIAN_POINT('',(-0.000912300150189899,-0.0345319510661643,0.0295879232799545));
#9343=CARTESIAN_POINT('',(-0.000871507017208715,-0.0345330287805765,0.0295315974578767));
#9344=CARTESIAN_POINT('',(-0.000783158940970842,-0.0345353888066426,0.0294076074616927));
#9345=CARTESIAN_POINT('',(-0.000630243899698181,-0.0345382544059106,0.0291919975474751));
#9346=CARTESIAN_POINT('',(-0.000612509947474868,-0.0345385742189655,0.0291669836471321));
#9347=CARTESIAN_POINT('',(-0.000575555177519817,-0.034539209802084,0.0291148413600302));
#9348=CARTESIAN_POINT('',(-0.000573385658677923,-0.0345392420855497,0.0291117797731742));
#9349=CARTESIAN_POINT('',(-0.000546731759739298,-0.0345396777086013,0.0290741859419679));
#9350=CARTESIAN_POINT('',(-0.000526640968003501,-0.0345399925842045,0.0290458611712156));
#9351=CARTESIAN_POINT('',(-0.000459403543210569,-0.0345409741334666,0.0289511002091144));
#9352=CARTESIAN_POINT('',(-0.000405291825048354,-0.0345416805385969,0.0288748773846774));
#9353=CARTESIAN_POINT('',(-0.000341892296962741,-0.0345423080534187,0.028785605660269));
#9354=CARTESIAN_POINT('',(-0.000908946105520083,-0.0344049953637151,0.0295879232799545));
#9355=CARTESIAN_POINT('',(-0.000868302946232636,-0.03440606911597,0.0295315974564079));
#9356=CARTESIAN_POINT('',(-0.000780279680158449,-0.0344084204654417,0.0294076074616927));
#9357=CARTESIAN_POINT('',(-0.000627926826537526,-0.0344112755294183,0.0291919975474751));
#9358=CARTESIAN_POINT('',(-0.000610258072667975,-0.0344115941666899,0.0291669836471321));
#9359=CARTESIAN_POINT('',(-0.000573439165837759,-0.0344122274131058,0.0291148413600302));
#9360=CARTESIAN_POINT('',(-0.000571277623168077,-0.0344122595778823,0.0291117797731742));
#9361=CARTESIAN_POINT('',(-0.000544721716504963,-0.0344126935993784,0.0290741859419679));
#9362=CARTESIAN_POINT('',(-0.000524704787974077,-0.0344130073173508,0.0290458611712156));
#9363=CARTESIAN_POINT('',(-0.000457714559595824,-0.0344139852579759,0.0289511002091144));
#9364=CARTESIAN_POINT('',(-0.000403801781515928,-0.0344146890660291,0.0288748773845955));
#9365=CARTESIAN_POINT('',(-0.000340635339988613,-0.0344153142738106,0.028785605660269));
#9366=CARTESIAN_POINT('',(-0.000910623300622419,-0.0344684732103754,0.0295879230183771));
#9367=CARTESIAN_POINT('',(-0.000912300281615683,-0.0345319511237356,0.0295879230837715));
#9368=CARTESIAN_POINT('',(-0.000912300117861531,-0.0345319510670183,0.0295879232353165));
#9369=CARTESIAN_POINT('',(-0.000891903421753005,-0.0345324899276297,0.0295597601447771));
#9370=CARTESIAN_POINT('',(-0.000844334968762748,-0.0345337385257704,0.0294933552911085));
#9371=CARTESIAN_POINT('',(-0.000741797523315641,-0.0345360613246645,0.0293492132338287));
#9372=CARTESIAN_POINT('',(-0.00067001053739214,-0.0345375437157626,0.0292480932039829));
#9373=CARTESIAN_POINT('',(-0.000587324174998717,-0.0345390170783982,0.0291314511670007));
#9374=CARTESIAN_POINT('',(-0.000558302639772428,-0.0345394899371364,0.0290904966157649));
#9375=CARTESIAN_POINT('',(-0.000485314941557252,-0.0345406444762914,0.0289875999338423));
#9376=CARTESIAN_POINT('',(-0.000405291513951965,-0.0345416805423279,0.0288748769465199));
#9377=CARTESIAN_POINT('',(-0.000341891941869595,-0.0345423080569334,0.0287856051602687));
#9378=CARTESIAN_POINT('',(-0.00149278004897129,-0.0345123661172139,0.0287856051602687));
#9379=CARTESIAN_POINT('',(-0.0013696284213763,-0.0345176928540725,0.0289564806657239));
#9380=CARTESIAN_POINT('',(-0.00127259634758809,-0.0345212591946891,0.0290899998715024));
#9381=CARTESIAN_POINT('',(-0.00119949767095457,-0.034523803636524,0.0291891683171176));
#9382=CARTESIAN_POINT('',(-0.00119043150450266,-0.034524117790512,0.0292014678620489));
#9383=CARTESIAN_POINT('',(-0.00117964955834702,-0.0345244878788889,0.0292160952397044));
#9384=CARTESIAN_POINT('',(-0.00117442506054286,-0.0345246659458604,0.0292231831328052));
#9385=CARTESIAN_POINT('',(-0.00115925101776555,-0.0345251798954396,0.0292437694249264));
#9386=CARTESIAN_POINT('',(-0.00114980092407311,-0.0345254955411639,0.0292565904367659));
#9387=CARTESIAN_POINT('',(-0.00112344862173855,-0.0345263664386558,0.0292923439235605));
#9388=CARTESIAN_POINT('',(-0.00110854440081974,-0.0345268458820183,0.0293125668497917));
#9389=CARTESIAN_POINT('',(-0.00107182472364271,-0.0345280118006965,0.0293623974335898));
#9390=CARTESIAN_POINT('',(-0.0010580023692348,-0.0345284295659153,0.029381166896261));
#9391=CARTESIAN_POINT('',(-0.00105444318662326,-0.0345285382981375,0.0293860252494226));
#9392=CARTESIAN_POINT('',(-0.00104684743874332,-0.0345287696305673,0.0293963975940612));
#9393=CARTESIAN_POINT('',(-0.00103924103029662,-0.0345289994040043,0.0294067965056478));
#9394=CARTESIAN_POINT('',(-0.00103556613998926,-0.0345291097864157,0.0294118248174054));
#9395=CARTESIAN_POINT('',(-0.00102492642245815,-0.0345294277894874,0.0294263963205714));
#9396=CARTESIAN_POINT('',(-0.00101834654893968,-0.0345296222745696,0.0294354260798727));
#9397=CARTESIAN_POINT('',(-0.00100014682430104,-0.0345301558199917,0.029460461629349));
#9398=CARTESIAN_POINT('',(-0.000990066873576772,-0.0345304451078662,0.0294744136910962));
#9399=CARTESIAN_POINT('',(-0.000965987097473896,-0.034531129928282,0.0295080549626264));
#9400=CARTESIAN_POINT('',(-0.000939506397670495,-0.0345318675253192,0.0295468336588437));
#9401=CARTESIAN_POINT('',(-0.00091231709350203,-0.0345325858401037,0.0295879230183771));
#9402=CARTESIAN_POINT('',(-0.000911011963370389,-0.0345326203203634,0.0295898953734211));
#9403=CARTESIAN_POINT('',(-0.000909706833238749,-0.0345326548006231,0.029591867728465));
#9404=CARTESIAN_POINT('',(-0.000908401703107108,-0.0345326892808828,0.0295938400835089));
#9405=CARTESIAN_POINT('',(-0.00149275260866598,-0.034511731710381,0.0287856051602687));
#9406=CARTESIAN_POINT('',(-0.00136960324484859,-0.0345170583493233,0.0289564806657204));
#9407=CARTESIAN_POINT('',(-0.00127257295470289,-0.0345206246243835,0.0290899998715024));
#9408=CARTESIAN_POINT('',(-0.00119947562177035,-0.0345231690194464,0.0291891683171176));
#9409=CARTESIAN_POINT('',(-0.00119040962197285,-0.0345234831676596,0.0292014678620489));
#9410=CARTESIAN_POINT('',(-0.0011796278740111,-0.0345238532492336,0.0292160952397044));
#9411=CARTESIAN_POINT('',(-0.00117440347224374,-0.0345240313129318,0.0292231831328052));
#9412=CARTESIAN_POINT('',(-0.00115922970839591,-0.0345245452530636,0.0292437694249264));
#9413=CARTESIAN_POINT('',(-0.00114977978841524,-0.0345248608929857,0.0292565904367659));
#9414=CARTESIAN_POINT('',(-0.00112342797048909,-0.0345257317744688,0.0292923439235605));
#9415=CARTESIAN_POINT('',(-0.0011085240235399,-0.0345262112090181,0.0293125668497917));
#9416=CARTESIAN_POINT('',(-0.00107180502134452,-0.0345273771062644,0.0293623974335898));
#9417=CARTESIAN_POINT('',(-0.00105798292101934,-0.0345277948638038,0.029381166896261));
#9418=CARTESIAN_POINT('',(-0.00105442380383275,-0.0345279035940273,0.0293860252494226));
#9419=CARTESIAN_POINT('',(-0.00104682819557796,-0.0345281349222047,0.0293963975940612));
#9420=CARTESIAN_POINT('',(-0.00103922192695237,-0.0345283646914181,0.0294067965056478));
#9421=CARTESIAN_POINT('',(-0.00103554710419691,-0.0345284750718004,0.0294118248174054));
#9422=CARTESIAN_POINT('',(-0.00102490758224524,-0.0345287930690265,0.0294263963205714));
#9423=CARTESIAN_POINT('',(-0.0010183278296781,-0.0345289875505337,0.0294354260798727));
#9424=CARTESIAN_POINT('',(-0.00100012843958708,-0.0345295210861482,0.029460461629349));
#9425=CARTESIAN_POINT('',(-0.000990048674152615,-0.034529810368705,0.0294744136910962));
#9426=CARTESIAN_POINT('',(-0.000965969340684545,-0.0345304951765324,0.0295080549626264));
#9427=CARTESIAN_POINT('',(-0.000939489128483965,-0.0345312327599891,0.0295468336575783));
#9428=CARTESIAN_POINT('',(-0.000912300323275499,-0.0345319510615915,0.0295879230183771));
#9429=CARTESIAN_POINT('',(-0.000910995217094738,-0.0345319855412185,0.0295898953734818));
#9430=CARTESIAN_POINT('',(-0.000909690110913976,-0.0345320200208454,0.0295918677285864));
#9431=CARTESIAN_POINT('',(-0.000908385004733214,-0.0345320545004724,0.0295938400836911));
#9432=CARTESIAN_POINT('',(-0.00148726454760471,-0.0343848503437988,0.0287856051602687));
#9433=CARTESIAN_POINT('',(-0.00136456793930533,-0.0343901573994878,0.0289564806650185));
#9434=CARTESIAN_POINT('',(-0.00126789437766354,-0.0343937105632644,0.0290899998715024));
#9435=CARTESIAN_POINT('',(-0.0011950657849256,-0.0343962456039337,0.0291891683171176));
#9436=CARTESIAN_POINT('',(-0.00118603311600972,-0.0343965585971903,0.0292014678620489));
#9437=CARTESIAN_POINT('',(-0.00117529100682724,-0.0343969273181703,0.0292160952397044));
#9438=CARTESIAN_POINT('',(-0.00117008581241932,-0.0343971047272225,0.0292231831328052));
#9439=CARTESIAN_POINT('',(-0.00115496783446798,-0.0343976167778685,0.0292437694249264));
#9440=CARTESIAN_POINT('',(-0.00114555265684019,-0.0343979312573497,0.0292565904367659));
#9441=CARTESIAN_POINT('',(-0.00111929772059758,-0.0343987989370627,0.0292923439235605));
#9442=CARTESIAN_POINT('',(-0.001104448567571,-0.034399276608985,0.0293125668497917));
#9443=CARTESIAN_POINT('',(-0.00106786456170722,-0.0344004382198443,0.0293623974335898));
#9444=CARTESIAN_POINT('',(-0.00105409327792736,-0.0344008544415104,0.029381166896261));
#9445=CARTESIAN_POINT('',(-0.00105054724573042,-0.0344009627719904,0.0293860252494226));
#9446=CARTESIAN_POINT('',(-0.00104297956250598,-0.0344011932496966,0.0293963975940612));
#9447=CARTESIAN_POINT('',(-0.00103540125810328,-0.0344014221741703,0.0294067965056478));
#9448=CARTESIAN_POINT('',(-0.00103173994572559,-0.0344015321487423,0.0294118248174054));
#9449=CARTESIAN_POINT('',(-0.00102113953966345,-0.034401848976861,0.0294263963205714));
#9450=CARTESIAN_POINT('',(-0.00101458397736311,-0.0344020427433626,0.0294354260798727));
#9451=CARTESIAN_POINT('',(-0.000996451496794483,-0.0344025743174492,0.029460461629349));
#9452=CARTESIAN_POINT('',(-0.000986408789321171,-0.0344028625364671,0.0294744136910962));
#9453=CARTESIAN_POINT('',(-0.000962417982814382,-0.0344035448266187,0.0295080549626264));
#9454=CARTESIAN_POINT('',(-0.000936035291178117,-0.0344042796939637,0.0295468334045048));
#9455=CARTESIAN_POINT('',(-0.000908946277969339,-0.0344049953591592,0.0295879230183771));
#9456=CARTESIAN_POINT('',(-0.000907645961964335,-0.0344050297122344,0.0295898953856297));
#9457=CARTESIAN_POINT('',(-0.000906345645959331,-0.0344050640653096,0.0295918677528823));
#9458=CARTESIAN_POINT('',(-0.000905045329954327,-0.0344050984183848,0.0295938401201349));
#9459=CARTESIAN_POINT('',(-0.00148723683289635,-0.0343842095928975,0.0287856051602687));
#9460=CARTESIAN_POINT('',(-0.00136454251101234,-0.0343895165496911,0.028956480665015));
#9461=CARTESIAN_POINT('',(-0.00126787075084949,-0.0343930696472557,0.0290899998715024));
#9462=CARTESIAN_POINT('',(-0.00119504351524954,-0.0343956046406853,0.0291891683171176));
#9463=CARTESIAN_POINT('',(-0.00118601101465461,-0.0343959176281094,0.0292014678620489));
#9464=CARTESIAN_POINT('',(-0.00117526910564796,-0.0343962863422184,0.0292160952397044));
#9465=CARTESIAN_POINT('',(-0.0011700640082372,-0.0343964637479647,0.0292231831328052));
#9466=CARTESIAN_POINT('',(-0.00115494631200465,-0.0343969757890688,0.0292437694249264));
#9467=CARTESIAN_POINT('',(-0.00114553130982573,-0.0343972902626897,0.0292565904367659));
#9468=CARTESIAN_POINT('',(-0.00111927686283563,-0.0343981579262338,0.0292923439235605));
#9469=CARTESIAN_POINT('',(-0.00110442798651836,-0.0343986355892548,0.0293125668497917));
#9470=CARTESIAN_POINT('',(-0.00106784466238605,-0.0343997971784679,0.0293623974335898));
#9471=CARTESIAN_POINT('',(-0.00105407363522975,-0.0344002133923778,0.029381166896261));
#9472=CARTESIAN_POINT('',(-0.00105052766911201,-0.0344003217208391,0.0293860252494226));
#9473=CARTESIAN_POINT('',(-0.00104296012690897,-0.0344005521942504,0.0293963975940612));
#9474=CARTESIAN_POINT('',(-0.00103538196372559,-0.0344007811144582,0.0294067965056478));
#9475=CARTESIAN_POINT('',(-0.00103172071957531,-0.0344008910869809,0.0294118248174054));
#9476=CARTESIAN_POINT('',(-0.00102112051104841,-0.0344012079091955,0.0294263963205714));
#9477=CARTESIAN_POINT('',(-0.00101456507090892,-0.0344014016720864,0.0294354260798727));
#9478=CARTESIAN_POINT('',(-0.000996432928233381,-0.0344019332362673,0.029460461629349));
#9479=CARTESIAN_POINT('',(-0.000986390407902773,-0.0344022214499143,0.0294744136910962));
#9480=CARTESIAN_POINT('',(-0.000962400048457137,-0.0344029037273516,0.0295080549626264));
#9481=CARTESIAN_POINT('',(-0.000936017849299722,-0.0344036385809803,0.0295468334032267));
#9482=CARTESIAN_POINT('',(-0.000908929340040543,-0.0344043542328619,0.0295879230183771));
#9483=CARTESIAN_POINT('',(-0.000907629048225926,-0.034404388585298,0.0295898953856911));
#9484=CARTESIAN_POINT('',(-0.000906328756411309,-0.0344044229377341,0.029591867753005));
#9485=CARTESIAN_POINT('',(-0.000905028464596693,-0.0344044572901703,0.0295938401203189));
#9486=CARTESIAN_POINT('',(-0.00148726454760471,-0.0343848503437988,0.0287856051602687));
#9487=CARTESIAN_POINT('',(-0.00149275260866598,-0.034511731710381,0.0287856051602687));
#9488=CARTESIAN_POINT('',(-0.00149275260866598,-0.034511731710381,0.0287856051602687));
#9489=CARTESIAN_POINT('',(-0.00129976562516769,-0.0345200790696348,0.0290533836312948));
#9490=CARTESIAN_POINT('',(-0.00109457691650086,-0.0345271354929941,0.0293124556469249));
#9491=CARTESIAN_POINT('',(-0.000912300236732701,-0.0345319510638779,0.0295879231491658));
#9492=CARTESIAN_POINT('',(3.30643715532042E-18,4.68711497137172E-33,0.0287856051602687));
#9493=CARTESIAN_POINT('',(-0.000371830110879233,1.53816689199398E-5,0.0287856051602687));
#9494=CARTESIAN_POINT('',(-0.00179952381696023,-0.0344970962550791,0.0287856051602687));
#9495=CARTESIAN_POINT('',(3.30643715532042E-18,4.68711497137172E-33,0.0287856051602687));
#9496=CARTESIAN_POINT('',(-0.00142516772054306,-0.0344514157930262,0.0292878597769903));
#9497=CARTESIAN_POINT('',(-0.00105331287998449,-0.034466148061473,0.0297901115156036));
#9498=CARTESIAN_POINT('',(-0.00105582751517239,-0.0345278606962292,0.0297901631075903));
#9499=CARTESIAN_POINT('',(3.30643715532042E-18,4.68711497137172E-33,0.0292878597769886));
#9500=CARTESIAN_POINT('',(-0.00138340720899407,-0.0344527366679243,0.0302556640577991));
#9501=CARTESIAN_POINT('',(-0.000330098576757895,1.32547018011031E-5,0.0307212137218862));
#9502=CARTESIAN_POINT('',(-0.00171599011478546,-0.0345013523492335,0.0307212137218862));
#9503=CARTESIAN_POINT('',(3.30643715532042E-18,4.68711497137172E-33,0.0302556640577979));
#9504=CARTESIAN_POINT('',(3.30643715532042E-18,4.68711497137172E-33,0.0307212137218862));
#9505=CARTESIAN_POINT('',(3.30643715532042E-18,4.68711497137172E-33,0.0307212137218862));
#9506=CARTESIAN_POINT('',(3.30643715532042E-18,4.68711497137172E-33,0.0329641));
#9507=CARTESIAN_POINT('',(-0.00403389629549356,-0.0343076611950917,0.0301861208371181));
#9508=CARTESIAN_POINT('',(-0.00403389629549356,-0.0343076611950917,0.0305087217640241));
#9509=CARTESIAN_POINT('',(-0.00403389629540414,-0.0343076611951022,0.0298635189101517));
#9510=CARTESIAN_POINT('',(-0.00403389629531472,-0.0343076611951127,0.0298635189101518));
#9511=CARTESIAN_POINT('',(-0.00393509730513346,-0.0343192779846748,0.0298636622056595));
#9512=CARTESIAN_POINT('',(-0.00373642118949383,-0.0343417400077362,0.0298645426336222));
#9513=CARTESIAN_POINT('',(-0.00344399583643477,-0.0343723776420908,0.0298592568785098));
#9514=CARTESIAN_POINT('',(-0.00313088187720928,-0.0344021619013503,0.0298844086961907));
#9515=CARTESIAN_POINT('',(-0.0029630790108977,-0.0344166442898178,0.0301828221643151));
#9516=CARTESIAN_POINT('',(-0.00311794233933958,-0.0344033278571161,0.0304881395734662));
#9517=CARTESIAN_POINT('',(-0.00343765391290497,-0.0343730344578474,0.0305144481191504));
#9518=CARTESIAN_POINT('',(-0.00373275393776455,-0.0343421439825128,0.0305071836014717));
#9519=CARTESIAN_POINT('',(-0.00393393451210674,-0.03431941470593,0.0305084141958439));
#9520=CARTESIAN_POINT('',(-0.00403389629549356,-0.0343076611950916,0.0305087217640241));
#9521=CARTESIAN_POINT('',(3.30643715532042E-18,4.68711497137172E-33,0.0329641));
#9522=CARTESIAN_POINT('',(-0.00328163426698314,-0.0342601921409931,0.0296626174794872));
#9523=CARTESIAN_POINT('',(-0.00317146354725259,-0.0342707449133651,0.0296814895384321));
#9524=CARTESIAN_POINT('',(-0.00294603834498347,-0.0342911367418795,0.0297336654133361));
#9525=CARTESIAN_POINT('',(-0.00265380331593684,-0.0343145944614967,0.0301103265468071));
#9526=CARTESIAN_POINT('',(-0.00282043377086589,-0.0343022258921171,0.0306493398289346));
#9527=CARTESIAN_POINT('',(-0.0032821851477966,-0.0342607690882052,0.0307268300886412));
#9528=CARTESIAN_POINT('',(-0.00371882233546529,-0.0342166793640247,0.0307193213708584));
#9529=CARTESIAN_POINT('',(-0.00405203836528384,-0.0341783594827941,0.0307208696101182));
#9530=CARTESIAN_POINT('',(-0.00427254191870161,-0.0341507726787102,0.0307212137218862));
#9531=CARTESIAN_POINT('',(-0.0032816344120623,-0.0342601921270966,0.0296626173296068));
#9532=CARTESIAN_POINT('',(-0.00427254191870161,-0.0341507726787102,0.0307212137218862));
#9533=CARTESIAN_POINT('',(-0.00427254191870161,-0.0341507726787102,0.0297534096910775));
#9534=CARTESIAN_POINT('',(-0.00427254191870161,-0.0341507726787102,0.0287856051602687));
#9535=CARTESIAN_POINT('',(3.30643715532042E-18,4.68711497137172E-33,0.0287856051602687));
#9536=CARTESIAN_POINT('',(-0.00401906579440719,-0.0341815300877568,0.0287856051602687));
#9537=CARTESIAN_POINT('',(-0.00401906579440719,-0.0341815300877568,0.0292144523160493));
#9538=CARTESIAN_POINT('',(-0.00401906579440718,-0.0341815300877568,0.0296432999720034));
#9539=CARTESIAN_POINT('',(-0.00401906579440718,-0.0341815300877568,0.0296432999720034));
#9540=CARTESIAN_POINT('',(-0.00395509971361971,-0.0341890512223179,0.0296432181270148));
#9541=CARTESIAN_POINT('',(-0.0038272735788293,-0.0342037153482191,0.0296408242403354));
#9542=CARTESIAN_POINT('',(-0.00363453126770735,-0.0342247469051197,0.0296529405053416));
#9543=CARTESIAN_POINT('',(-0.00344587175226434,-0.0342441852167681,0.0295876974393679));
#9544=CARTESIAN_POINT('',(-0.00328208808509337,-0.0342602804978068,0.0293823412959505));
#9545=CARTESIAN_POINT('',(-0.00310996807255911,-0.0342764060159385,0.0291132916041388));
#9546=CARTESIAN_POINT('',(-0.00297308146082639,-0.0342884148274064,0.0288946104379939));
#9547=CARTESIAN_POINT('',(-0.00290465514817002,-0.0342942104074465,0.0287856051602687));
#9548=CARTESIAN_POINT('',(-0.00290465514817002,-0.0342942104074465,0.0287856051602687));
#9549=CARTESIAN_POINT('',(3.30643715532042E-18,4.68711497137172E-33,0.0287856051602687));
#9550=CARTESIAN_POINT('',(-0.00258618366852457,-0.034319696138408,0.0287856051602687));
#9551=CARTESIAN_POINT('',(-0.00258618366852457,-0.034319696138408,0.0287856051602688));
#9552=CARTESIAN_POINT('',(-0.00268746020363522,-0.0343120643773326,0.0289456429861036));
#9553=CARTESIAN_POINT('',(-0.00287905276094117,-0.0342967483438651,0.0292702162874169));
#9554=CARTESIAN_POINT('',(-0.00311222139387598,-0.0342764194604522,0.0295779572016109));
#9555=CARTESIAN_POINT('',(-0.00328163422573741,-0.0342601921449438,0.0296626172364954));
#9556=CARTESIAN_POINT('',(-0.00401906579440719,-0.0341815300877568,0.0329641));
#9557=CARTESIAN_POINT('',(-0.00401906579440718,-0.0341815300877568,0.0305087217640241));
#9558=CARTESIAN_POINT('',(-0.00401906579440718,-0.0341815300877568,0.0298635189101515));
#9559=CARTESIAN_POINT('',(-0.00401906579440718,-0.0341815300877568,0.0298635189101515));
#9560=CARTESIAN_POINT('',(-0.00391941591112155,-0.0341932469253677,0.0298636639730924));
#9561=CARTESIAN_POINT('',(-0.00371894686491137,-0.0342158971828739,0.0298649126234026));
#9562=CARTESIAN_POINT('',(-0.00342436039476631,-0.0342467265593026,0.0298578821922081));
#9563=CARTESIAN_POINT('',(-0.00310717157104374,-0.0342767806954911,0.0298908681493459));
#9564=CARTESIAN_POINT('',(-0.00295322953922026,-0.0342900175228004,0.0301940912501697));
#9565=CARTESIAN_POINT('',(-0.00311374252704092,-0.0342761942498332,0.0304912651629861));
#9566=CARTESIAN_POINT('',(-0.00343033201197798,-0.0342461200083151,0.0305137824745266));
#9567=CARTESIAN_POINT('',(-0.00372157703580481,-0.0342156023110843,0.0305073466695882));
#9568=CARTESIAN_POINT('',(-0.0039203319386469,-0.0341931392188114,0.030508416853006));
#9569=CARTESIAN_POINT('',(-0.00401906579440718,-0.0341815300877568,0.0305087217640241));
#9570=CARTESIAN_POINT('',(-0.00428830775603999,-0.0342767902900707,0.0297534096910775));
#9571=CARTESIAN_POINT('',(-0.00428830775603999,-0.0342767902900707,0.0307212137218862));
#9572=CARTESIAN_POINT('',(-0.00428830775603999,-0.0342767902900707,0.0307212137218862));
#9573=CARTESIAN_POINT('',(-0.00428830775603999,-0.0342767902900707,0.0329641));
#9574=CARTESIAN_POINT('',(-0.00428830775603999,-0.0342767902900707,0.0287856051602687));
#9575=CARTESIAN_POINT('',(-0.00428830775603999,-0.0342767902900707,0.0287856051602687));
#9576=CARTESIAN_POINT('',(-0.00403404460050443,-0.0343089225061651,0.0298635189101515));
#9577=CARTESIAN_POINT('',(-0.00396921230624266,-0.0343165454901442,0.0298636129377826));
#9578=CARTESIAN_POINT('',(-0.00391193314632481,-0.0343230966118663,0.0298636530094108));
#9579=CARTESIAN_POINT('',(-0.003837364671615,-0.0343314860936564,0.0298636321830677));
#9580=CARTESIAN_POINT('',(-0.00381440015975514,-0.0343340425849236,0.029863611751977));
#9581=CARTESIAN_POINT('',(-0.00378279283852527,-0.0343375344203832,0.0298635608718762));
#9582=CARTESIAN_POINT('',(-0.00377273030185497,-0.0343386411859668,0.0298635405395986));
#9583=CARTESIAN_POINT('',(-0.00375355198542045,-0.0343407428562903,0.029863493130555));
#9584=CARTESIAN_POINT('',(-0.00375551648334059,-0.0343405324492524,0.029863505092525));
#9585=CARTESIAN_POINT('',(-0.00365690372030053,-0.034351259538243,0.0298631576537959));
#9586=CARTESIAN_POINT('',(-0.00359256389103007,-0.0343579927626641,0.0298631015360263));
#9587=CARTESIAN_POINT('',(-0.0035179202980055,-0.0343656884378032,0.0298633501091922));
#9588=CARTESIAN_POINT('',(-0.00349668322799182,-0.0343678512331526,0.0298634884252176));
#9589=CARTESIAN_POINT('',(-0.00347029697754657,-0.0343705222016274,0.0298637790867107));
#9590=CARTESIAN_POINT('',(-0.00346241310745587,-0.0343713168782943,0.029863889838451));
#9591=CARTESIAN_POINT('',(-0.00344846884427023,-0.0343727187040085,0.0298641390710832));
#9592=CARTESIAN_POINT('',(-0.00345173947197923,-0.0343723927846706,0.0298640014450888));
#9593=CARTESIAN_POINT('',(-0.00337934182335505,-0.0343796322881002,0.029866143706859));
#9594=CARTESIAN_POINT('',(-0.00332888203697995,-0.0343845326983586,0.0298713841889283));
#9595=CARTESIAN_POINT('',(-0.00324289941172544,-0.03439274847851,0.0298889184983733));
#9596=CARTESIAN_POINT('',(-0.00318720899915952,-0.0343979496699781,0.0299082903801781));
#9597=CARTESIAN_POINT('',(-0.00306908558130216,-0.03440875828022,0.029987542278964));
#9598=CARTESIAN_POINT('',(-0.00301819246286145,-0.03441316892413,0.0300811066539659));
#9599=CARTESIAN_POINT('',(-0.00301554129342603,-0.0344134013409198,0.030297121703042));
#9600=CARTESIAN_POINT('',(-0.00306399144827895,-0.0344092257115356,0.0303886404527126));
#9601=CARTESIAN_POINT('',(-0.00319054973521883,-0.0343976433252687,0.0304709321465355));
#9602=CARTESIAN_POINT('',(-0.00323492722848783,-0.0343935116928038,0.0304864065694043));
#9603=CARTESIAN_POINT('',(-0.00331282226879246,-0.0343860664852674,0.0305015949750942));
#9604=CARTESIAN_POINT('',(-0.00333000384118646,-0.0343844051367208,0.030503465317285));
#9605=CARTESIAN_POINT('',(-0.00337722720091069,-0.0343797989904231,0.0305070972905638));
#9606=CARTESIAN_POINT('',(-0.003414640857327,-0.0343761025156906,0.0305084943617455));
#9607=CARTESIAN_POINT('',(-0.00345988961973668,-0.0343715777958044,0.0305093586109622));
#9608=CARTESIAN_POINT('',(-0.00348421615246963,-0.0343691227946799,0.0305096378488628));
#9609=CARTESIAN_POINT('',(-0.00352325745087018,-0.034365135056228,0.0305098273756522));
#9610=CARTESIAN_POINT('',(-0.00353607833311476,-0.034363815746679,0.0305098440893512));
#9611=CARTESIAN_POINT('',(-0.0035396796420415,-0.0343634449769132,0.0305098265933961));
#9612=CARTESIAN_POINT('',(-0.00354375980349403,-0.0343630249934708,0.030509804344403));
#9613=CARTESIAN_POINT('',(-0.00356283805438336,-0.0343610539399851,0.0305096970943775));
#9614=CARTESIAN_POINT('',(-0.0035846742075282,-0.0343587944867876,0.0305095715902986));
#9615=CARTESIAN_POINT('',(-0.00363109620078569,-0.0343539089748193,0.0305093023280876));
#9616=CARTESIAN_POINT('',(-0.00364884808613073,-0.0343520304019939,0.0305091990730019));
#9617=CARTESIAN_POINT('',(-0.00367889102808465,-0.0343488215461163,0.03050902393885));
#9618=CARTESIAN_POINT('',(-0.00368947452274367,-0.0343476867189202,0.0305089621855455));
#9619=CARTESIAN_POINT('',(-0.00371177952545791,-0.0343452834891409,0.0305088319284288));
#9620=CARTESIAN_POINT('',(-0.00373164916360688,-0.0343431287341939,0.0305087157708525));
#9621=CARTESIAN_POINT('',(-0.0038020663813924,-0.0343354687598562,0.0305083039407186));
#9622=CARTESIAN_POINT('',(-0.00390151760868984,-0.0343245050356268,0.0305083140123233));
#9623=CARTESIAN_POINT('',(-0.00403404460050443,-0.0343089225061651,0.0305087217640241));
#9624=CARTESIAN_POINT('',(-0.00403389629549356,-0.0343076611950917,0.0298635189101515));
#9625=CARTESIAN_POINT('',(-0.0039690663846844,-0.0343152838988244,0.0298636129377826));
#9626=CARTESIAN_POINT('',(-0.0039117893305406,-0.0343218347797053,0.0298636530094108));
#9627=CARTESIAN_POINT('',(-0.00383722359721804,-0.0343302239530699,0.0298636321830677));
#9628=CARTESIAN_POINT('',(-0.00381425992961067,-0.0343327803503519,0.029863611751977));
#9629=CARTESIAN_POINT('',(-0.00378265377037195,-0.0343362720574399,0.0298635608718762));
#9630=CARTESIAN_POINT('',(-0.00377259160363425,-0.0343373787823351,0.0298635405395986));
#9631=CARTESIAN_POINT('',(-0.00375341399225897,-0.0343394803753942,0.029863493130555));
#9632=CARTESIAN_POINT('',(-0.00375537841795757,-0.0343392699760915,0.029863505092525));
#9633=CARTESIAN_POINT('',(-0.00365676928025347,-0.0343499966707184,0.0298631576537959));
#9634=CARTESIAN_POINT('',(-0.00359243181633094,-0.0343567296476035,0.0298631015360263));
#9635=CARTESIAN_POINT('',(-0.00351779096745523,-0.0343644250398238,0.0298633501091922));
#9636=CARTESIAN_POINT('',(-0.00349655467818748,-0.0343665877556616,0.0298634884252176));
#9637=CARTESIAN_POINT('',(-0.0034701693977893,-0.0343692586259426,0.0298637790867107));
#9638=CARTESIAN_POINT('',(-0.00346228581753611,-0.0343700532733945,0.029863889838451));
#9639=CARTESIAN_POINT('',(-0.00344834206698836,-0.0343714550475729,0.0298641390710832));
#9640=CARTESIAN_POINT('',(-0.00345161257445811,-0.034371129140217,0.0298640014450888));
#9641=CARTESIAN_POINT('',(-0.00337921758741434,-0.0343783683774981,0.029866143706859));
#9642=CARTESIAN_POINT('',(-0.00332875965611024,-0.034383268607601,0.0298713841889283));
#9643=CARTESIAN_POINT('',(-0.00324278019186544,-0.0343914840857127,0.0298889184983733));
#9644=CARTESIAN_POINT('',(-0.00318709182666589,-0.0343966850859675,0.0299082903801781));
#9645=CARTESIAN_POINT('',(-0.00306897275142159,-0.0344074932988487,0.029987542278964));
#9646=CARTESIAN_POINT('',(-0.00301808150398263,-0.0344119037806086,0.0300811066539659));
#9647=CARTESIAN_POINT('',(-0.00301543043201309,-0.034412136188854,0.030297121703042));
#9648=CARTESIAN_POINT('',(-0.0030638788056758,-0.03440796071298,0.0303886404527126));
#9649=CARTESIAN_POINT('',(-0.00319043243990854,-0.0343963787525204,0.0304709321465355));
#9650=CARTESIAN_POINT('',(-0.00323480830171204,-0.0343922472719482,0.0304864065694043));
#9651=CARTESIAN_POINT('',(-0.0033127004783337,-0.0343848023381226,0.0305015949750942));
#9652=CARTESIAN_POINT('',(-0.00332988141907546,-0.0343831410506528,0.030503465317285));
#9653=CARTESIAN_POINT('',(-0.00337710304271059,-0.0343785350736925,0.0305070972905638));
#9654=CARTESIAN_POINT('',(-0.00341451532367539,-0.0343748387348548,0.0305084943617455));
#9655=CARTESIAN_POINT('',(-0.00345976242258879,-0.0343703141813125,0.0305093586109622));
#9656=CARTESIAN_POINT('',(-0.0034840880609968,-0.034367859270442,0.0305096378488628));
#9657=CARTESIAN_POINT('',(-0.00352312792410826,-0.0343638716785928,0.0305098273756522));
#9658=CARTESIAN_POINT('',(-0.0035359483350142,-0.034362552417546,0.0305098440893512));
#9659=CARTESIAN_POINT('',(-0.00353954951154475,-0.0343621816614109,0.0305098265933961));
#9660=CARTESIAN_POINT('',(-0.00354362952299686,-0.0343617616934085,0.030509804344403));
#9661=CARTESIAN_POINT('',(-0.0035627070725057,-0.0343597907123854,0.0305096970943775));
#9662=CARTESIAN_POINT('',(-0.0035845424228803,-0.034357531342253,0.0305095715902986));
#9663=CARTESIAN_POINT('',(-0.0036309627095096,-0.0343526460098925,0.0305093023280876));
#9664=CARTESIAN_POINT('',(-0.0036487139422358,-0.0343507675061297,0.0305091990730019));
#9665=CARTESIAN_POINT('',(-0.0036787557797104,-0.0343475587682205,0.03050902393885));
#9666=CARTESIAN_POINT('',(-0.00368933888528465,-0.0343464239827444,0.0305089621855455));
#9667=CARTESIAN_POINT('',(-0.00371164306799218,-0.0343440208413159,0.0305088319284288));
#9668=CARTESIAN_POINT('',(-0.0037315119756666,-0.0343418661655848,0.0305087157708525));
#9669=CARTESIAN_POINT('',(-0.00380192660467899,-0.0343342064728535,0.0305083039407186));
#9670=CARTESIAN_POINT('',(-0.00390137417581573,-0.0343232431516874,0.0305083140123233));
#9671=CARTESIAN_POINT('',(-0.00403389629549356,-0.0343076611950917,0.0305087217640241));
#9672=CARTESIAN_POINT('',(-0.00401906579440719,-0.0341815300877568,0.0298635189101515));
#9673=CARTESIAN_POINT('',(-0.00395447422885836,-0.0341891247668434,0.0298636129377826));
#9674=CARTESIAN_POINT('',(-0.00389740775211949,-0.0341956515636034,0.0298636530094108));
#9675=CARTESIAN_POINT('',(-0.00382311615752239,-0.0342040098944189,0.0298636321830677));
#9676=CARTESIAN_POINT('',(-0.00380023691516357,-0.0342065568931815,0.029863611751977));
#9677=CARTESIAN_POINT('',(-0.0037687469550397,-0.034210035763111,0.0298635608718762));
#9678=CARTESIAN_POINT('',(-0.00375872178156206,-0.0342111384191647,0.0298635405395986));
#9679=CARTESIAN_POINT('',(-0.00373961467611096,-0.0342132322857788,0.029863493130555));
#9680=CARTESIAN_POINT('',(-0.00374157187965626,-0.0342130226600029,0.029863505092525));
#9681=CARTESIAN_POINT('',(-0.00364332527554665,-0.0342237099182525,0.0298631576537959));
#9682=CARTESIAN_POINT('',(-0.00357922434641796,-0.0342304181415461,0.0298631015360263));
#9683=CARTESIAN_POINT('',(-0.00350485791242782,-0.0342380852418832,0.0298633501091922));
#9684=CARTESIAN_POINT('',(-0.00348369969775296,-0.0342402400065599,0.0298634884252176));
#9685=CARTESIAN_POINT('',(-0.00345741142206213,-0.0342429010574649,0.0298637790867107));
#9686=CARTESIAN_POINT('',(-0.00344955682555987,-0.0342436927834188,0.029863889838451));
#9687=CARTESIAN_POINT('',(-0.0034356643388009,-0.0342450894040157,0.0298641390710832));
#9688=CARTESIAN_POINT('',(-0.00343892282234614,-0.0342447646948485,0.0298640014450888));
#9689=CARTESIAN_POINT('',(-0.00336679399334296,-0.0342519773172867,0.029866143706859));
#9690=CARTESIAN_POINT('',(-0.00331652156913925,-0.0342568595318378,0.0298713841889283));
#9691=CARTESIAN_POINT('',(-0.00323085820586594,-0.0342650448059859,0.0298889184983733));
#9692=CARTESIAN_POINT('',(-0.00317537457730315,-0.0342702266849162,0.0299082903801781));
#9693=CARTESIAN_POINT('',(-0.0030576897633649,-0.0342809951617206,0.029987542278964));
#9694=CARTESIAN_POINT('',(-0.00300698561610034,-0.034285389428474,0.0300811066539659));
#9695=CARTESIAN_POINT('',(-0.00300434429071892,-0.0342856209822774,0.030297121703042));
#9696=CARTESIAN_POINT('',(-0.00305261454536082,-0.0342814608574175,0.0303886404527126));
#9697=CARTESIAN_POINT('',(-0.00317870290887947,-0.034269921477695,0.0304709321465355));
#9698=CARTESIAN_POINT('',(-0.00322291562413221,-0.0342658051863896,0.0304864065694043));
#9699=CARTESIAN_POINT('',(-0.00330052143245747,-0.0342583876236442,0.0305015949750942));
#9700=CARTESIAN_POINT('',(-0.00331763920797592,-0.0342567324438489,0.030503465317285));
#9701=CARTESIAN_POINT('',(-0.00336468722270063,-0.0342521434006275,0.0305070972905638));
#9702=CARTESIAN_POINT('',(-0.00340196195851482,-0.0342484606512707,0.0305084943617455));
#9703=CARTESIAN_POINT('',(-0.00344704270779986,-0.0342439527321165,0.0305093586109622));
#9704=CARTESIAN_POINT('',(-0.00347127891371372,-0.0342415068466536,0.0305096378488628));
#9705=CARTESIAN_POINT('',(-0.00351017524791669,-0.0342375339150685,0.0305098273756522));
#9706=CARTESIAN_POINT('',(-0.003522948524959,-0.0342362195042462,0.0305098440893512));
#9707=CARTESIAN_POINT('',(-0.00352653646186996,-0.0342358501111852,0.0305098265933961));
#9708=CARTESIAN_POINT('',(-0.00353060147327996,-0.0342354316871827,0.030509804344403));
#9709=CARTESIAN_POINT('',(-0.00354960888473913,-0.0342334679524134,0.0305096970943775));
#9710=CARTESIAN_POINT('',(-0.0035713639580903,-0.0342312168887888,0.0305095715902986));
#9711=CARTESIAN_POINT('',(-0.00361761358190111,-0.0342263495172091,0.0305093023280876));
#9712=CARTESIAN_POINT('',(-0.00363529955274228,-0.0342244779197101,0.0305091990730019));
#9713=CARTESIAN_POINT('',(-0.00366523094228499,-0.0342212809786314,0.03050902393885));
#9714=CARTESIAN_POINT('',(-0.00367577513938287,-0.0342201503651608,0.0305089621855455));
#9715=CARTESIAN_POINT('',(-0.00369799732141868,-0.034217756058811,0.0305088319284288));
#9716=CARTESIAN_POINT('',(-0.00371779318163841,-0.0342156093046819,0.0305087157708525));
#9717=CARTESIAN_POINT('',(-0.00378794893333826,-0.0342079777725856,0.0305083039407186));
#9718=CARTESIAN_POINT('',(-0.00388703088840467,-0.0341970547577473,0.0305083140123233));
#9719=CARTESIAN_POINT('',(-0.00401906579440719,-0.0341815300877568,0.0305087217640241));
#9720=CARTESIAN_POINT('',(-0.00401891600634622,-0.0341802561635728,0.0298635189101515));
#9721=CARTESIAN_POINT('',(-0.00395432684808451,-0.0341878505596104,0.0298636129377826));
#9722=CARTESIAN_POINT('',(-0.00389726249817744,-0.0341943771131208,0.0298636530094108));
#9723=CARTESIAN_POINT('',(-0.00382297367238146,-0.0342027351324265,0.0298636321830677));
#9724=CARTESIAN_POINT('',(-0.00380009528271765,-0.0342052820362641,0.029863611751977));
#9725=CARTESIAN_POINT('',(-0.00376860649620484,-0.0342087607765383,0.0298635608718762));
#9726=CARTESIAN_POINT('',(-0.00375858169635914,-0.0342098633914967,0.0298635405395986));
#9727=CARTESIAN_POINT('',(-0.00373947530301786,-0.0342119571800736,0.029863493130555));
#9728=CARTESIAN_POINT('',(-0.00374143243361942,-0.0342117475621104,0.029863505092525));
#9729=CARTESIAN_POINT('',(-0.00364318949109911,-0.0342224344220526,0.0298631576537959));
#9730=CARTESIAN_POINT('',(-0.00357909095097184,-0.0342291423953349,0.0298631015360263));
#9731=CARTESIAN_POINT('',(-0.00350472728857204,-0.034236809209924,0.0298633501091922));
#9732=CARTESIAN_POINT('',(-0.00348356986245058,-0.0342389638942939,0.0298634884252176));
#9733=CARTESIAN_POINT('',(-0.00345728256650729,-0.0342416248460233,0.0298637790867107));
#9734=CARTESIAN_POINT('',(-0.00344942826274091,-0.03424241654247,0.029863889838451));
#9735=CARTESIAN_POINT('',(-0.00343553629374621,-0.0342438131110157,0.0298641390710832));
#9736=CARTESIAN_POINT('',(-0.00343879465584981,-0.0342434884139503,0.0298640014450888));
#9737=CARTESIAN_POINT('',(-0.00336666851504284,-0.0342507007675786,0.029866143706859));
#9738=CARTESIAN_POINT('',(-0.00331639796446084,-0.0342555828001726,0.0298713841889283));
#9739=CARTESIAN_POINT('',(-0.00323073779380734,-0.0342637677692606,0.0298889184983733));
#9740=CARTESIAN_POINT('',(-0.00317525623308459,-0.0342689494550656,0.0299082903801781));
#9741=CARTESIAN_POINT('',(-0.00305757580518552,-0.0342797175305356,0.029987542278964));
#9742=CARTESIAN_POINT('',(-0.00300687354763273,-0.0342841116335175,0.0300811066539659));
#9743=CARTESIAN_POINT('',(-0.00300423232069185,-0.0342843431786909,0.030297121703042));
#9744=CARTESIAN_POINT('',(-0.00305250077633164,-0.0342801832088764,0.0303886404527126));
#9745=CARTESIAN_POINT('',(-0.00317858444061607,-0.0342686442592193,0.0304709321465355));
#9746=CARTESIAN_POINT('',(-0.00322279550808866,-0.0342645281213254,0.0304864065694043));
#9747=CARTESIAN_POINT('',(-0.00330039842409412,-0.034257110835028,0.0305015949750942));
#9748=CARTESIAN_POINT('',(-0.00331751556164381,-0.0342554557169202,0.030503465317285));
#9749=CARTESIAN_POINT('',(-0.00336456182291853,-0.0342508668447295,0.0305070972905638));
#9750=CARTESIAN_POINT('',(-0.0034018351695267,-0.0342471842326265,0.0305084943617455));
#9751=CARTESIAN_POINT('',(-0.00344691423868049,-0.0342426764814796,0.0305093586109622));
#9752=CARTESIAN_POINT('',(-0.00347114954132616,-0.0342402306871734,0.0305096378488628));
#9753=CARTESIAN_POINT('',(-0.00351004442588715,-0.0342362579036569,0.0305098273756522));
#9754=CARTESIAN_POINT('',(-0.00352281722687745,-0.0342349435418218,0.0305098440893512));
#9755=CARTESIAN_POINT('',(-0.00352640503006824,-0.0342345741625279,0.0305098265933961));
#9756=CARTESIAN_POINT('',(-0.00353046988997782,-0.0342341557541199,0.030509804344403));
#9757=CARTESIAN_POINT('',(-0.00354947659304269,-0.0342321920925376,0.0305096970943775));
#9758=CARTESIAN_POINT('',(-0.00357123085559592,-0.0342299411128088,0.0305095715902986));
#9759=CARTESIAN_POINT('',(-0.00361747875571226,-0.034225073922633,0.0305093023280876));
#9760=CARTESIAN_POINT('',(-0.0036351640674084,-0.0342232023948873,0.0305091990730019));
#9761=CARTESIAN_POINT('',(-0.003665094341427,-0.0342200055729566,0.03050902393885));
#9762=CARTESIAN_POINT('',(-0.00367563814554926,-0.0342188750016232,0.0305089621855455));
#9763=CARTESIAN_POINT('',(-0.00369785949937829,-0.0342164807845077,0.0305088319284288));
#9764=CARTESIAN_POINT('',(-0.00371765462181873,-0.0342143341103868,0.0305087157708525));
#9765=CARTESIAN_POINT('',(-0.00378780775885772,-0.0342067028627129,0.0305083039407186));
#9766=CARTESIAN_POINT('',(-0.00388688602120182,-0.0341957802549685,0.0305083140123233));
#9767=CARTESIAN_POINT('',(-0.00401891600634622,-0.0341802561635728,0.0305087217640241));
#9768=CARTESIAN_POINT('',(-0.00403389629549356,-0.0343076611950917,0.0305087217640241));
#9769=CARTESIAN_POINT('',(-0.00403389629549356,-0.0343076611950917,0.0298635189101515));
#9770=CARTESIAN_POINT('',(-0.00403389629549356,-0.0343076611950917,0.0292144523160493));
#9771=CARTESIAN_POINT('',(-0.00329386504467671,-0.0343878776960771,0.0296626174227182));
#9772=CARTESIAN_POINT('',(-0.00322551589731667,-0.0343944245632409,0.0296742820442037));
#9773=CARTESIAN_POINT('',(-0.00318750090991115,-0.0343979475097215,0.0296805115420199));
#9774=CARTESIAN_POINT('',(-0.00307350686969937,-0.0344083203666519,0.0297161589409546));
#9775=CARTESIAN_POINT('',(-0.00302650001453277,-0.0344124737071778,0.0297366571792355));
#9776=CARTESIAN_POINT('',(-0.00288100766504609,-0.0344250628562379,0.029827755844764));
#9777=CARTESIAN_POINT('',(-0.00280822248366218,-0.0344309540175895,0.0299245485174811));
#9778=CARTESIAN_POINT('',(-0.00274428306943873,-0.0344361092243869,0.0301293528298216));
#9779=CARTESIAN_POINT('',(-0.00274375499006296,-0.0344361525096581,0.0302502366529644));
#9780=CARTESIAN_POINT('',(-0.00281022473908463,-0.0344307918588836,0.0304667622285718));
#9781=CARTESIAN_POINT('',(-0.00288267529129531,-0.0344248904048328,0.0305711404662988));
#9782=CARTESIAN_POINT('',(-0.0029884728548433,-0.0344157690662536,0.0306415979551826));
#9783=CARTESIAN_POINT('',(-0.00301188555491041,-0.0344137311052254,0.0306539645827075));
#9784=CARTESIAN_POINT('',(-0.00306321482353378,-0.034409200195929,0.0306752480972537));
#9785=CARTESIAN_POINT('',(-0.00309701458680936,-0.0344061734951264,0.0306855675794838));
#9786=CARTESIAN_POINT('',(-0.00314558210317944,-0.0344017672098369,0.030697146422605));
#9787=CARTESIAN_POINT('',(-0.00317150630104447,-0.0343993894346434,0.0307020835097781));
#9788=CARTESIAN_POINT('',(-0.00321285162285186,-0.0343955441213345,0.0307082106389564));
#9789=CARTESIAN_POINT('',(-0.00322704323150325,-0.0343942158864911,0.0307100399317524));
#9790=CARTESIAN_POINT('',(-0.00325624581098492,-0.0343914634420083,0.0307132723501503));
#9791=CARTESIAN_POINT('',(-0.00327982108768506,-0.0343892207012935,0.0307153364071686));
#9792=CARTESIAN_POINT('',(-0.00331410198880829,-0.0343859443140102,0.0307179819601144));
#9793=CARTESIAN_POINT('',(-0.00335567730335828,-0.0343819464755584,0.0307195512885969));
#9794=CARTESIAN_POINT('',(-0.00343924325838135,-0.0343736537007991,0.0307210846105094));
#9795=CARTESIAN_POINT('',(-0.00347063223474704,-0.0343705051363702,0.030721458939345));
#9796=CARTESIAN_POINT('',(-0.0035230116228447,-0.0343651622503736,0.0307218152648956));
#9797=CARTESIAN_POINT('',(-0.00354135406018088,-0.0343632778463831,0.030721899845462));
#9798=CARTESIAN_POINT('',(-0.00357980329729485,-0.034359293666779,0.0307220006173605));
#9799=CARTESIAN_POINT('',(-0.0036069761432313,-0.034356449153863,0.0307220107476469));
#9800=CARTESIAN_POINT('',(-0.00367658823364471,-0.0343491122756293,0.0307219510364502));
#9801=CARTESIAN_POINT('',(-0.00373226363398582,-0.0343431073627583,0.0307218451263538));
#9802=CARTESIAN_POINT('',(-0.00381575433901734,-0.0343338969845374,0.0307215990495006));
#9803=CARTESIAN_POINT('',(-0.00384358084145318,-0.0343307930236947,0.0307215024885981));
#9804=CARTESIAN_POINT('',(-0.00388531487285731,-0.0343260863440411,0.0307213358443173));
#9805=CARTESIAN_POINT('',(-0.0038992252629508,-0.0343245089944281,0.0307212766624025));
#9806=CARTESIAN_POINT('',(-0.00392704411516147,-0.0343213373847434,0.0307211510309304));
#9807=CARTESIAN_POINT('',(-0.00395082562168361,-0.0343186053442276,0.0307210348285844));
#9808=CARTESIAN_POINT('',(-0.00398713561269177,-0.0343144209411193,0.0307208518532788));
#9809=CARTESIAN_POINT('',(-0.0040984305173338,-0.0343018253913208,0.0307209182598321));
#9810=CARTESIAN_POINT('',(-0.00428846541441337,-0.0342780504661843,0.0307212137218862));
#9811=CARTESIAN_POINT('',(-0.00329374395114909,-0.0343866134823461,0.0296626174227182));
#9812=CARTESIAN_POINT('',(-0.00322539731094817,-0.0343931601093601,0.0296742820451604));
#9813=CARTESIAN_POINT('',(-0.0031873837266859,-0.0343966829257904,0.0296805115420199));
#9814=CARTESIAN_POINT('',(-0.00307339387727741,-0.0344070554013798,0.0297161589409546));
#9815=CARTESIAN_POINT('',(-0.00302638875024048,-0.034411208589215,0.0297366571792355));
#9816=CARTESIAN_POINT('',(-0.00288090174954059,-0.0344237972754557,0.029827755844764));
#9817=CARTESIAN_POINT('',(-0.00280811924398409,-0.0344296882202285,0.0299245485174811));
#9818=CARTESIAN_POINT('',(-0.00274418218038798,-0.0344348432375032,0.0301293528298216));
#9819=CARTESIAN_POINT('',(-0.00274365412042618,-0.0344348865211831,0.0302502366529644));
#9820=CARTESIAN_POINT('',(-0.00281012142579692,-0.034429526067484,0.0304667622285718));
#9821=CARTESIAN_POINT('',(-0.00288256931448228,-0.0344236248303905,0.0305711404662988));
#9822=CARTESIAN_POINT('',(-0.00298836298855696,-0.0344145038271423,0.0306415979551826));
#9823=CARTESIAN_POINT('',(-0.00301177482789468,-0.0344124659410364,0.0306539645827075));
#9824=CARTESIAN_POINT('',(-0.00306310220948196,-0.0344079351983114,0.0306752480972537));
#9825=CARTESIAN_POINT('',(-0.00309690073016486,-0.0344049086087805,0.0306855675794838));
#9826=CARTESIAN_POINT('',(-0.00314546646103014,-0.0344005024854808,0.030697146422605));
#9827=CARTESIAN_POINT('',(-0.0031713897058347,-0.0343981247977023,0.0307020835097781));
#9828=CARTESIAN_POINT('',(-0.00321273350764937,-0.03439427962576,0.0307082106389564));
#9829=CARTESIAN_POINT('',(-0.00322692459456963,-0.034392951439747,0.0307100399317524));
#9830=CARTESIAN_POINT('',(-0.00325612610046652,-0.0343901990964533,0.0307132723501503));
#9831=CARTESIAN_POINT('',(-0.00327970051046041,-0.0343879564381891,0.0307153364071686));
#9832=CARTESIAN_POINT('',(-0.00331398015130272,-0.0343846801713568,0.0307179819601144));
#9833=CARTESIAN_POINT('',(-0.0033555539374047,-0.034380682479879,0.0307195512885969));
#9834=CARTESIAN_POINT('',(-0.00343911682026295,-0.0343723900099899,0.0307210846105094));
#9835=CARTESIAN_POINT('',(-0.00347050464266459,-0.0343692415613128,0.030721458939345));
#9836=CARTESIAN_POINT('',(-0.00352288210512025,-0.0343638988717386,0.0307218152648956));
#9837=CARTESIAN_POINT('',(-0.0035412238681269,-0.0343620145370251,0.030721899845462));
#9838=CARTESIAN_POINT('',(-0.00357967169171795,-0.0343580305038928,0.0307220006173605));
#9839=CARTESIAN_POINT('',(-0.00360684353868944,-0.0343551860955507,0.0307220107476469));
#9840=CARTESIAN_POINT('',(-0.0036764530699289,-0.0343478494870453,0.0307219510364502));
#9841=CARTESIAN_POINT('',(-0.00373212642345555,-0.034341844794935,0.0307218451263538));
#9842=CARTESIAN_POINT('',(-0.00381561405908869,-0.0343326347553184,0.0307215990495006));
#9843=CARTESIAN_POINT('',(-0.00384343953852897,-0.0343295309085877,0.0307215024885981));
#9844=CARTESIAN_POINT('',(-0.00388517203565011,-0.0343248244019675,0.0307213358443173));
#9845=CARTESIAN_POINT('',(-0.00389908191435101,-0.0343232471103432,0.0307212766624025));
#9846=CARTESIAN_POINT('',(-0.00392689974384736,-0.0343200756172575,0.0307211510309304));
#9847=CARTESIAN_POINT('',(-0.00395068037608155,-0.0343173436771806,0.0307210348285844));
#9848=CARTESIAN_POINT('',(-0.00398698903221265,-0.0343131594279051,0.0307208518532788));
#9849=CARTESIAN_POINT('',(-0.00409827984528066,-0.0343005643411612,0.0307209182598321));
#9850=CARTESIAN_POINT('',(-0.00428830775603999,-0.0342767902900707,0.0307212137218862));
#9851=CARTESIAN_POINT('',(-0.00328163459838752,-0.0342601921092493,0.0296626174227182));
#9852=CARTESIAN_POINT('',(-0.00321353867409792,-0.034266714721278,0.0296742821408307));
#9853=CARTESIAN_POINT('',(-0.00317566540416132,-0.0342702245326809,0.0296805115420199));
#9854=CARTESIAN_POINT('',(-0.00306209463508154,-0.0342805588741688,0.0297161589409546));
#9855=CARTESIAN_POINT('',(-0.00301526232101165,-0.0342846967929311,0.0297366571792355));
#9856=CARTESIAN_POINT('',(-0.00287031019899081,-0.0342972391972371,0.029827755844764));
#9857=CARTESIAN_POINT('',(-0.00279779527617532,-0.0343031084841247,0.0299245485174811));
#9858=CARTESIAN_POINT('',(-0.00273409327531302,-0.03430824454913,0.0301293528298216));
#9859=CARTESIAN_POINT('',(-0.00273356715674814,-0.0343082876736787,0.0302502366529644));
#9860=CARTESIAN_POINT('',(-0.00279979009702561,-0.0343029469275301,0.0304667622285718));
#9861=CARTESIAN_POINT('',(-0.00287197163317904,-0.0342970673861611,0.0305711404662988));
#9862=CARTESIAN_POINT('',(-0.00297737635992256,-0.0342879799160131,0.0306415979551826));
#9863=CARTESIAN_POINT('',(-0.00300070212632154,-0.0342859495221356,0.0306539645827075));
#9864=CARTESIAN_POINT('',(-0.00305184080430004,-0.0342814354365529,0.0306752480972537));
#9865=CARTESIAN_POINT('',(-0.00308551506571573,-0.0342784199741894,0.0306855675794838));
#9866=CARTESIAN_POINT('',(-0.00313390224609988,-0.0342740300498724,0.030697146422605));
#9867=CARTESIAN_POINT('',(-0.00315973018485736,-0.0342716611035931,0.0307020835097781));
#9868=CARTESIAN_POINT('',(-0.00320092198740066,-0.0342678300683124,0.0307082106389564));
#9869=CARTESIAN_POINT('',(-0.00321506090120724,-0.0342665067653362,0.0307100399317524));
#9870=CARTESIAN_POINT('',(-0.00324415504862657,-0.0342637645409516,0.0307132723501503));
#9871=CARTESIAN_POINT('',(-0.00326764278799548,-0.0342615301277546,0.0307153364071686));
#9872=CARTESIAN_POINT('',(-0.00330179640074646,-0.034258265906021,0.0307179819601144));
#9873=CARTESIAN_POINT('',(-0.0033432173420466,-0.0342542829119382,0.0307195512885969));
#9874=CARTESIAN_POINT('',(-0.00342647300842375,-0.0342460209290709,0.0307210846105094));
#9875=CARTESIAN_POINT('',(-0.0034577454344195,-0.0342428840555726,0.030721458939345));
#9876=CARTESIAN_POINT('',(-0.00350993033267495,-0.0342375610082396,0.0307218152648956));
#9877=CARTESIAN_POINT('',(-0.00352820466272938,-0.0342356836012272,0.030721899845462));
#9878=CARTESIAN_POINT('',(-0.00356651113402781,-0.0342317142152755,0.0307220006173605));
#9879=CARTESIAN_POINT('',(-0.00359358308450308,-0.0342288802643171,0.0307220107476469));
#9880=CARTESIAN_POINT('',(-0.00366293669834828,-0.034221570628637,0.0307219510364502));
#9881=CARTESIAN_POINT('',(-0.00371840537042814,-0.0342155880126007,0.0307218451263538));
#9882=CARTESIAN_POINT('',(-0.0038015860662244,-0.0342064118334239,0.0307215990495006));
#9883=CARTESIAN_POINT('',(-0.0038293092461079,-0.0342033193978944,0.0307215024885981));
#9884=CARTESIAN_POINT('',(-0.00387088831493081,-0.0341986301946073,0.0307213358443173));
#9885=CARTESIAN_POINT('',(-0.00388474705437178,-0.0341970587018493,0.0307212766624025));
#9886=CARTESIAN_POINT('',(-0.00391246261243616,-0.0341938988686646,0.0307211510309304));
#9887=CARTESIAN_POINT('',(-0.00393615581587537,-0.0341911769724851,0.0307210348285844));
#9888=CARTESIAN_POINT('',(-0.0039723309843001,-0.0341870081064789,0.0307208518532788));
#9889=CARTESIAN_POINT('',(-0.00408321263996715,-0.034174459325201,0.0307209182598321));
#9890=CARTESIAN_POINT('',(-0.00427254191870161,-0.0341507726787102,0.0307212137218862));
#9891=CARTESIAN_POINT('',(-0.00328151229392462,-0.034258915253381,0.0296626174227182));
#9892=CARTESIAN_POINT('',(-0.00321341890186573,-0.0342654376228584,0.029674282141797));
#9893=CARTESIAN_POINT('',(-0.00317554704910382,-0.0342689473029105,0.0296805115420199));
#9894=CARTESIAN_POINT('',(-0.00306198051273536,-0.034279281259244,0.0297161589409546));
#9895=CARTESIAN_POINT('',(-0.00301514994407644,-0.0342834190237886,0.0297366571792355));
#9896=CARTESIAN_POINT('',(-0.00287020322433026,-0.0342959609606471,0.029827755844764));
#9897=CARTESIAN_POINT('',(-0.00279769100410045,-0.0343018300287901,0.0299245485174811));
#9898=CARTESIAN_POINT('',(-0.00273399137737176,-0.0343069659023774,0.0301293528298216));
#9899=CARTESIAN_POINT('',(-0.002733465278415,-0.0343070090253189,0.0302502366529644));
#9900=CARTESIAN_POINT('',(-0.00279968575060501,-0.0343016684782165,0.0304667622285718));
#9901=CARTESIAN_POINT('',(-0.00287186459659787,-0.0342957891559744,0.0305711404662988));
#9902=CARTESIAN_POINT('',(-0.00297726539497335,-0.0342867020245107,0.0306415979551826));
#9903=CARTESIAN_POINT('',(-0.00300059029203565,-0.0342846717063047,0.0306539645827075));
#9904=CARTESIAN_POINT('',(-0.0030517270641077,-0.0342801577889592,0.0306752480972537));
#9905=CARTESIAN_POINT('',(-0.00308540007050479,-0.03427714243898,0.0306855675794838));
#9906=CARTESIAN_POINT('',(-0.00313378544752909,-0.0342727526782727,0.030697146422605));
#9907=CARTESIAN_POINT('',(-0.00315961242369549,-0.0342703838202826,0.0307020835097781));
#9908=CARTESIAN_POINT('',(-0.00320080269104615,-0.0342665529277822,0.0307082106389564));
#9909=CARTESIAN_POINT('',(-0.00321494107790428,-0.0342652296741246,0.0307100399317524));
#9910=CARTESIAN_POINT('',(-0.00324403414100299,-0.034262487551941,0.0307132723501503));
#9911=CARTESIAN_POINT('',(-0.00326752100499858,-0.0342602532220192,0.0307153364071686));
#9912=CARTESIAN_POINT('',(-0.00330167334486584,-0.0342569891219411,0.0307179819601144));
#9913=CARTESIAN_POINT('',(-0.00334309274243348,-0.034253006276302,0.0307195512885969));
#9914=CARTESIAN_POINT('',(-0.00342634530592418,-0.0342447446013536,0.0307210846105094));
#9915=CARTESIAN_POINT('',(-0.00345761656641623,-0.0342416078447647,0.030721458939345));
#9916=CARTESIAN_POINT('',(-0.00350979951977326,-0.0342362849958182,0.0307218152648956));
#9917=CARTESIAN_POINT('',(-0.00352807316875486,-0.0342344076587756,0.030721899845462));
#9918=CARTESIAN_POINT('',(-0.00356637821239514,-0.0342304384207605,0.0307220006173605));
#9919=CARTESIAN_POINT('',(-0.0035934491539158,-0.0342276045754216,0.0307220107476469));
#9920=CARTESIAN_POINT('',(-0.00366280018299532,-0.0342202952121671,0.0307219510364502));
#9921=CARTESIAN_POINT('',(-0.00371826678779256,-0.0342143128190991,0.0307218451263538));
#9922=CARTESIAN_POINT('',(-0.00380144438349647,-0.0342051369819127,0.0307215990495006));
#9923=CARTESIAN_POINT('',(-0.00382916653015445,-0.0342020446616364,0.0307215024885981));
#9924=CARTESIAN_POINT('',(-0.00387074404935155,-0.034197355633113,0.0307213358443173));
#9925=CARTESIAN_POINT('',(-0.00388460227228599,-0.0341957841989235,0.0307212766624025));
#9926=CARTESIAN_POINT('',(-0.00391231679740891,-0.0341926244835039,0.0307211510309304));
#9927=CARTESIAN_POINT('',(-0.00393600911781729,-0.0341899026887677,0.0307210348285844));
#9928=CARTESIAN_POINT('',(-0.00397218293801619,-0.0341857339781325,0.0307208518532788));
#9929=CARTESIAN_POINT('',(-0.00408306046119348,-0.0341731856645398,0.0307209182598321));
#9930=CARTESIAN_POINT('',(-0.00427238268374449,-0.0341494999008354,0.0307212137218862));
#9931=CARTESIAN_POINT('',(-0.00328768852809309,-0.0343234028673185,0.0296626170502724));
#9932=CARTESIAN_POINT('',(-0.00329374339011134,-0.0343866135360855,0.0296626171433839));
#9933=CARTESIAN_POINT('',(-0.0032937436182265,-0.0343866135142353,0.0296626174795376));
#9934=CARTESIAN_POINT('',(-0.00318326353726799,-0.0343971959189681,0.0296814729541421));
#9935=CARTESIAN_POINT('',(-0.00295723724949211,-0.0344176447171826,0.0297334599306089));
#9936=CARTESIAN_POINT('',(-0.0026630837368003,-0.0344412587942329,0.0301105547136495));
#9937=CARTESIAN_POINT('',(-0.00283243853336918,-0.0344286717509258,0.0306507790167755));
#9938=CARTESIAN_POINT('',(-0.00329539732577652,-0.0343870852389715,0.0307266788420743));
#9939=CARTESIAN_POINT('',(-0.00373317140859276,-0.0343428697889537,0.0307194108418671));
#9940=CARTESIAN_POINT('',(-0.00406723723902156,-0.0343044480259537,0.0307208699937002));
#9941=CARTESIAN_POINT('',(-0.00428830775603999,-0.0342767902900706,0.0307212137218862));
#9942=CARTESIAN_POINT('',(-0.0025957744972584,-0.034446970288294,0.0287856051602687));
#9943=CARTESIAN_POINT('',(-0.00266350752408108,-0.0344418662207323,0.0288922418598377));
#9944=CARTESIAN_POINT('',(-0.00271420865891336,-0.0344378573757265,0.0289722729162707));
#9945=CARTESIAN_POINT('',(-0.00275210572805354,-0.0344348332243451,0.0290323765867812));
#9946=CARTESIAN_POINT('',(-0.0027678853876204,-0.0344335694364594,0.0290573969072816));
#9947=CARTESIAN_POINT('',(-0.00278641245220012,-0.0344320751524026,0.029086756919379));
#9948=CARTESIAN_POINT('',(-0.00279518819478507,-0.0344313636004442,0.0291006573825232));
#9949=CARTESIAN_POINT('',(-0.00282005231758252,-0.0344293390700064,0.0291400201432429));
#9950=CARTESIAN_POINT('',(-0.00283467760193898,-0.03442813634127,0.0291631438121048));
#9951=CARTESIAN_POINT('',(-0.00287270286206051,-0.0344249913954483,0.0292231603038377));
#9952=CARTESIAN_POINT('',(-0.00289025240645835,-0.0344235144063524,0.0292506986118556));
#9953=CARTESIAN_POINT('',(-0.00290122327335258,-0.0344225901451047,0.0292676474360958));
#9954=CARTESIAN_POINT('',(-0.00290849988691969,-0.0344219762981312,0.029278867731256));
#9955=CARTESIAN_POINT('',(-0.00291661413213325,-0.0344212897182189,0.0292913181433743));
#9956=CARTESIAN_POINT('',(-0.0029205440826162,-0.0344209564671045,0.0292973255644436));
#9957=CARTESIAN_POINT('',(-0.0029319524502246,-0.0344199872221823,0.0293146944726824));
#9958=CARTESIAN_POINT('',(-0.00293904938415988,-0.0344193817452495,0.0293254026048823));
#9959=CARTESIAN_POINT('',(-0.00295881448983235,-0.0344176902042551,0.0293549135816046));
#9960=CARTESIAN_POINT('',(-0.00296995697643474,-0.0344167291652211,0.0293711030062496));
#9961=CARTESIAN_POINT('',(-0.00298817445808691,-0.0344151522484223,0.0293965127358662));
#9962=CARTESIAN_POINT('',(-0.00300741592504482,-0.0344134781548182,0.02942221363436));
#9963=CARTESIAN_POINT('',(-0.00303709932701135,-0.0344108712028078,0.0294590681098935));
#9964=CARTESIAN_POINT('',(-0.00305238534516628,-0.0344095190375176,0.0294769782120745));
#9965=CARTESIAN_POINT('',(-0.00309957583793908,-0.0344053111383966,0.0295291571118606));
#9966=CARTESIAN_POINT('',(-0.00314073491361319,-0.0344015775324407,0.0295689954264222));
#9967=CARTESIAN_POINT('',(-0.0032019645930484,-0.0343959325395167,0.0296140046301279));
#9968=CARTESIAN_POINT('',(-0.0032389969191937,-0.0343924953672859,0.0296353298340263));
#9969=CARTESIAN_POINT('',(-0.00329380374984884,-0.0343872456608654,0.0296626170502724));
#9970=CARTESIAN_POINT('',(-0.00329643466585533,-0.0343869936569366,0.0296639269303208));
#9971=CARTESIAN_POINT('',(-0.00329906558186181,-0.0343867416530078,0.0296652368103693));
#9972=CARTESIAN_POINT('',(-0.0033016964978683,-0.034386489649079,0.0296665466904178));
#9973=CARTESIAN_POINT('',(-0.00259572678169256,-0.0344463370835682,0.0287856051602687));
#9974=CARTESIAN_POINT('',(-0.00266345856344533,-0.0344412331098295,0.028892241859837));
#9975=CARTESIAN_POINT('',(-0.00271415876628898,-0.0344372243385144,0.0289722729162707));
#9976=CARTESIAN_POINT('',(-0.00275205513880466,-0.034434200242723,0.0290323765867812));
#9977=CARTESIAN_POINT('',(-0.00276783450830959,-0.0344329364780683,0.0290573969072816));
#9978=CARTESIAN_POINT('',(-0.00278636123232453,-0.0344314422214794,0.029086756919379));
#9979=CARTESIAN_POINT('',(-0.00279513681359364,-0.0344307306826008,0.0291006573825232));
#9980=CARTESIAN_POINT('',(-0.00282000047933842,-0.0344287061893779,0.0291400201432429));
#9981=CARTESIAN_POINT('',(-0.00283462549485267,-0.0344275034827501,0.0291631438121048));
#9982=CARTESIAN_POINT('',(-0.00287265005599331,-0.0344243585947388,0.0292231603038377));
#9983=CARTESIAN_POINT('',(-0.00289019927779515,-0.034422881632793,0.0292506986118556));
#9984=CARTESIAN_POINT('',(-0.00290116994302274,-0.034421957388535,0.0292676474360958));
#9985=CARTESIAN_POINT('',(-0.00290844642283104,-0.0344213435528453,0.029278867731256));
#9986=CARTESIAN_POINT('',(-0.00291656051888842,-0.0344206569855537,0.0292913181433743));
#9987=CARTESIAN_POINT('',(-0.00292049039713096,-0.0344203237405652,0.0292973255644436));
#9988=CARTESIAN_POINT('',(-0.00293189855503058,-0.0344193545134597,0.0293146944726824));
#9989=CARTESIAN_POINT('',(-0.00293899535850991,-0.0344187490476568,0.0293254026048823));
#9990=CARTESIAN_POINT('',(-0.00295876010085991,-0.0344170575377562,0.0293549135816046));
#9991=CARTESIAN_POINT('',(-0.00296990238264094,-0.034416096516388,0.0293711030062496));
#9992=CARTESIAN_POINT('',(-0.00298811952941909,-0.0344145196285762,0.0293965127358662));
#9993=CARTESIAN_POINT('',(-0.00300736064268006,-0.0344128455657453,0.02942221363436));
#9994=CARTESIAN_POINT('',(-0.00303704349900585,-0.034410238661656,0.0294590681098935));
#9995=CARTESIAN_POINT('',(-0.00305232923617297,-0.0344088865212213,0.0294769782120745));
#9996=CARTESIAN_POINT('',(-0.00309951886148942,-0.0344046786994499,0.0295291571118606));
#9997=CARTESIAN_POINT('',(-0.00314067718057678,-0.0344009451621253,0.0295689954264222));
#9998=CARTESIAN_POINT('',(-0.00320190573448711,-0.0343953002729676,0.0296140046301279));
#9999=CARTESIAN_POINT('',(-0.0032389373755657,-0.0343918631643344,0.0296353298318584));
#10000=CARTESIAN_POINT('',(-0.00329374320309878,-0.0343866135539986,0.0296626170502724));
#10001=CARTESIAN_POINT('',(-0.00329637407095197,-0.0343863615546822,0.0296639269304249));
#10002=CARTESIAN_POINT('',(-0.00329900493880515,-0.0343861095553658,0.0296652368105774));
#10003=CARTESIAN_POINT('',(-0.00330163580665834,-0.0343858575560493,0.02966654669073));
#10004=CARTESIAN_POINT('',(-0.00258618366852457,-0.034319696138408,0.0287856051602687));
#10005=CARTESIAN_POINT('',(-0.00265366643629482,-0.0343146109292846,0.0288922418597122));
#10006=CARTESIAN_POINT('',(-0.00270418024141292,-0.0343106168960934,0.0289722729162707));
#10007=CARTESIAN_POINT('',(-0.00274193728902964,-0.0343076039183012,0.0290323765867812));
#10008=CARTESIAN_POINT('',(-0.00275765864614668,-0.0343063447998401,0.0290573969072816));
#10009=CARTESIAN_POINT('',(-0.00277611725720569,-0.0343048560368416,0.029086756919379));
#10010=CARTESIAN_POINT('',(-0.00278486057530837,-0.0343041471139148,0.0291006573825232));
#10011=CARTESIAN_POINT('',(-0.00280963283051732,-0.0343021300636817,0.0291400201432429));
#10012=CARTESIAN_POINT('',(-0.00282420407759218,-0.0343009317787694,0.0291631438121048));
#10013=CARTESIAN_POINT('',(-0.00286208884255216,-0.0342977984528464,0.0292231603038377));
#10014=CARTESIAN_POINT('',(-0.0028795735451562,-0.0342963269209077,0.0292506986118556));
#10015=CARTESIAN_POINT('',(-0.00289050387705574,-0.0342954060746065,0.0292676474360958));
#10016=CARTESIAN_POINT('',(-0.00289775360510005,-0.0342947944956657,0.029278867731256));
#10017=CARTESIAN_POINT('',(-0.00290583786992192,-0.0342941104525185,0.0292913181433743));
#10018=CARTESIAN_POINT('',(-0.00290975330008268,-0.0342937784326955,0.0292973255644436));
#10019=CARTESIAN_POINT('',(-0.00292111951622532,-0.0342928127689249,0.0293146944726824));
#10020=CARTESIAN_POINT('',(-0.00292819022851539,-0.0342922095290992,0.0293254026048823));
#10021=CARTESIAN_POINT('',(-0.00294788230637145,-0.0342905242379851,0.0293549135816046));
#10022=CARTESIAN_POINT('',(-0.00295898362388123,-0.0342895667497837,0.0293711030062496));
#10023=CARTESIAN_POINT('',(-0.00297713379585505,-0.0342879956593535,0.0293965127358662));
#10024=CARTESIAN_POINT('',(-0.00299630416972903,-0.0342863277511654,0.02942221363436));
#10025=CARTESIAN_POINT('',(-0.00302587789790657,-0.0342837304312822,0.0294590681098935));
#10026=CARTESIAN_POINT('',(-0.00304110743751057,-0.0342823832619521,0.0294769782120745));
#10027=CARTESIAN_POINT('',(-0.00308812357155747,-0.0342781909101137,0.0295291571118606));
#10028=CARTESIAN_POINT('',(-0.00312913057329525,-0.0342744710990292,0.0295689954264222));
#10029=CARTESIAN_POINT('',(-0.00319013402222797,-0.0342688469631405,0.0296140046301279));
#10030=CARTESIAN_POINT('',(-0.00322702864996537,-0.0342654225740399,0.029635329398295));
#10031=CARTESIAN_POINT('',(-0.00328163385308739,-0.0342601921806383,0.0296626170502724));
#10032=CARTESIAN_POINT('',(-0.00328425509028016,-0.0342599411038007,0.0296639269512375));
#10033=CARTESIAN_POINT('',(-0.00328687632747293,-0.0342596900269631,0.0296652368522025));
#10034=CARTESIAN_POINT('',(-0.00328949756466571,-0.0342594389501255,0.0296665467531676));
#10035=CARTESIAN_POINT('',(-0.00258613547580307,-0.034319056601635,0.0287856051602687));
#10036=CARTESIAN_POINT('',(-0.00265361698605271,-0.0343139714872729,0.0288922418597116));
#10037=CARTESIAN_POINT('',(-0.00270412984986229,-0.0343099775285091,0.0289722729162707));
#10038=CARTESIAN_POINT('',(-0.00274188619388828,-0.0343069646068628,0.0290323765867812));
#10039=CARTESIAN_POINT('',(-0.00275760725804276,-0.034305705511865,0.0290573969072816));
#10040=CARTESIAN_POINT('',(-0.00277606552513134,-0.0343042167766092,0.029086756919379));
#10041=CARTESIAN_POINT('',(-0.00278480868030503,-0.0343035078668929,0.0291006573825232));
#10042=CARTESIAN_POINT('',(-0.00280958047389078,-0.0343014908542469,0.0291400201432429));
#10043=CARTESIAN_POINT('',(-0.00282415144943501,-0.0343002925916643,0.0291631438121048));
#10044=CARTESIAN_POINT('',(-0.00286203550842428,-0.0342971593241299,0.0292231603038377));
#10045=CARTESIAN_POINT('',(-0.00287951988520637,-0.0342956878196127,0.0292506986118556));
#10046=CARTESIAN_POINT('',(-0.00289045001342261,-0.0342947669904712,0.0292676474360958));
#10047=CARTESIAN_POINT('',(-0.00289769960637051,-0.034294155422927,0.029278867731256));
#10048=CARTESIAN_POINT('',(-0.00290578372054464,-0.0342934713925267,0.0292913181433743));
#10049=CARTESIAN_POINT('',(-0.00290969907774258,-0.0342931393788908,0.0292973255644436));
#10050=CARTESIAN_POINT('',(-0.00292106508207936,-0.034292173733115,0.0293146944726824));
#10051=CARTESIAN_POINT('',(-0.00292813566260891,-0.0342915705045305,0.0293254026048823));
#10052=CARTESIAN_POINT('',(-0.00294782737350928,-0.0342898852448213,0.0293549135816046));
#10053=CARTESIAN_POINT('',(-0.00295892848414949,-0.0342889277744624,0.0293711030062496));
#10054=CARTESIAN_POINT('',(-0.00297707831790056,-0.034287356713309,0.0293965127358662));
#10055=CARTESIAN_POINT('',(-0.00299624833454063,-0.0342856888362018,0.02942221363436));
#10056=CARTESIAN_POINT('',(-0.00302582151162102,-0.0342830915647188,0.0294590681098935));
#10057=CARTESIAN_POINT('',(-0.00304105076742732,-0.0342817444204928,0.0294769782120745));
#10058=CARTESIAN_POINT('',(-0.00308806602534331,-0.0342775521467776,0.0295291571118606));
#10059=CARTESIAN_POINT('',(-0.00312907226292848,-0.0342738324050106,0.0295689954264222));
#10060=CARTESIAN_POINT('',(-0.00319007457508106,-0.0342682083739259,0.0296140046301279));
#10061=CARTESIAN_POINT('',(-0.00322696851090108,-0.034264784049059,0.0296353293961055));
#10062=CARTESIAN_POINT('',(-0.00328157270086983,-0.0342595537527029,0.0296626170502724));
#10063=CARTESIAN_POINT('',(-0.00328419388942777,-0.0342593026805238,0.0296639269513426));
#10064=CARTESIAN_POINT('',(-0.00328681507798571,-0.0342590516083447,0.0296652368524127));
#10065=CARTESIAN_POINT('',(-0.00328943626654364,-0.0342588005361656,0.0296665467534829));
#10066=CARTESIAN_POINT('',(-0.00258618366852457,-0.034319696138408,0.0287856051602687));
#10067=CARTESIAN_POINT('',(-0.00259572678169256,-0.0344463370835682,0.0287856051602687));
#10068=CARTESIAN_POINT('',(-0.00259572678169256,-0.0344463370835682,0.0287856051602687));
#10069=CARTESIAN_POINT('',(-0.00269748257880371,-0.0344386692073841,0.0289458091602976));
#10070=CARTESIAN_POINT('',(-0.00288977994138076,-0.0344233010765561,0.0292708861673738));
#10071=CARTESIAN_POINT('',(-0.00312468483681944,-0.0344028069167965,0.0295784447500302));
#10072=CARTESIAN_POINT('',(-0.00329374357712389,-0.0343866135181724,0.0296626172364954));
#10073=CARTESIAN_POINT('',(3.30643715532042E-18,4.68711497137172E-33,0.0287856051602687));
#10074=CARTESIAN_POINT('',(-0.00291537343284961,-0.034420757309319,0.0287856051602687));
#10075=CARTESIAN_POINT('',(-0.00291537343284962,-0.0344207573093189,0.0287856051602687));
#10076=CARTESIAN_POINT('',(3.30643715532042E-18,4.68711497137172E-33,0.0287856051602687));
#10077=CARTESIAN_POINT('',(-0.00403404460050443,-0.0343089225061651,0.0296432999720034));
#10078=CARTESIAN_POINT('',(-0.00396481685323116,-0.0343170623077005,0.029643211723577));
#10079=CARTESIAN_POINT('',(-0.00390065689637871,-0.0343243949614478,0.0296432588859871));
#10080=CARTESIAN_POINT('',(-0.00382680513191028,-0.0343326588360161,0.029643487102407));
#10081=CARTESIAN_POINT('',(-0.00379530604772083,-0.03433615791208,0.0296435018113586));
#10082=CARTESIAN_POINT('',(-0.00375511131069172,-0.0343405769783135,0.029643295509929));
#10083=CARTESIAN_POINT('',(-0.00373703930363932,-0.0343425461650503,0.0296431034746148));
#10084=CARTESIAN_POINT('',(-0.00368890257848094,-0.0343477614855756,0.0296422607148742));
#10085=CARTESIAN_POINT('',(-0.00366491739751584,-0.0343503175336059,0.0296413433366497));
#10086=CARTESIAN_POINT('',(-0.00364110686172519,-0.0343528468092342,0.0296394339617168));
#10087=CARTESIAN_POINT('',(-0.0036144211380119,-0.0343556667303478,0.0296363502969167));
#10088=CARTESIAN_POINT('',(-0.00358648307953226,-0.0343585944964264,0.029630334848386));
#10089=CARTESIAN_POINT('',(-0.00357115919783065,-0.0343601912102018,0.029625673832612));
#10090=CARTESIAN_POINT('',(-0.00352506094326863,-0.0343649615058573,0.0296075893795793));
#10091=CARTESIAN_POINT('',(-0.00349619786324357,-0.0343679056829939,0.0295917486025356));
#10092=CARTESIAN_POINT('',(-0.00344503194193501,-0.034373072243446,0.0295553250734924));
#10093=CARTESIAN_POINT('',(-0.00342408364623473,-0.034375164719747,0.0295356711691065));
#10094=CARTESIAN_POINT('',(-0.00338694660427614,-0.0343788369031152,0.0294950107169555));
#10095=CARTESIAN_POINT('',(-0.00338156012443098,-0.0343793664166392,0.029488447383771));
#10096=CARTESIAN_POINT('',(-0.00336119206470947,-0.034381363730789,0.0294634841154873));
#10097=CARTESIAN_POINT('',(-0.00335014042336209,-0.0343824429313879,0.0294493869746548));
#10098=CARTESIAN_POINT('',(-0.00332630143838176,-0.034384757401026,0.0294179616796087));
#10099=CARTESIAN_POINT('',(-0.00332455498781693,-0.0343849249935926,0.0294154726767346));
#10100=CARTESIAN_POINT('',(-0.00331001985315753,-0.0343863272428696,0.0293955650365571));
#10101=CARTESIAN_POINT('',(-0.00330246250668569,-0.0343870540015903,0.0293850425110658));
#10102=CARTESIAN_POINT('',(-0.00327892096957661,-0.0343893094612552,0.0293517688183847));
#10103=CARTESIAN_POINT('',(-0.00326206728445061,-0.0343909133896881,0.0293273115349873));
#10104=CARTESIAN_POINT('',(-0.00320802684540831,-0.034396010707954,0.0292471152199653));
#10105=CARTESIAN_POINT('',(-0.0031673607499317,-0.0343997903353079,0.0291845517235108));
#10106=CARTESIAN_POINT('',(-0.00309939644134099,-0.0344059578930367,0.0290770575491696));
#10107=CARTESIAN_POINT('',(-0.00308763058635393,-0.0344070125896767,0.0290584365974568));
#10108=CARTESIAN_POINT('',(-0.00305320663635671,-0.0344100843826293,0.0290039436718195));
#10109=CARTESIAN_POINT('',(-0.00303599353437232,-0.0344116073620725,0.0289766836420377));
#10110=CARTESIAN_POINT('',(-0.00298435090563831,-0.0344161375445022,0.0288948628518025));
#10111=CARTESIAN_POINT('',(-0.00294991805610565,-0.0344191059915596,0.0288402613904594));
#10112=CARTESIAN_POINT('',(-0.00291548093135999,-0.0344220227516016,0.0287856056612636));
#10113=CARTESIAN_POINT('',(-0.00291272596138033,-0.0344222560924049,0.0287812332029279));
#10114=CARTESIAN_POINT('',(-0.00290997099140068,-0.0344224894332083,0.0287768607445923));
#10115=CARTESIAN_POINT('',(-0.00290721602142103,-0.0344227227740117,0.0287724882862566));
#10116=CARTESIAN_POINT('',(-0.00403389629549356,-0.0343076611950917,0.0296432999720034));
#10117=CARTESIAN_POINT('',(-0.00396467109326449,-0.0343158006973807,0.029643211723577));
#10118=CARTESIAN_POINT('',(-0.00390051349514727,-0.0343231330815551,0.0296432588859871));
#10119=CARTESIAN_POINT('',(-0.00382666444571742,-0.0343313966523156,0.029643487102407));
#10120=CARTESIAN_POINT('',(-0.00379516651953997,-0.0343348955997417,0.0296435018113586));
#10121=CARTESIAN_POINT('',(-0.00375497326020421,-0.0343393145035155,0.029643295509929));
#10122=CARTESIAN_POINT('',(-0.00373690191753941,-0.0343412836178584,0.0296431034746148));
#10123=CARTESIAN_POINT('',(-0.00368876696204851,-0.0343464987466511,0.0296422607148742));
#10124=CARTESIAN_POINT('',(-0.00366478266285912,-0.0343490547007125,0.0296413433366497));
#10125=CARTESIAN_POINT('',(-0.00364097300242363,-0.0343515838833562,0.0296394339617168));
#10126=CARTESIAN_POINT('',(-0.00361428825976705,-0.0343544037007999,0.0296363502969167));
#10127=CARTESIAN_POINT('',(-0.00358635122838416,-0.034357331359244,0.029630334848386));
#10128=CARTESIAN_POINT('',(-0.00357102791003984,-0.0343589280143189,0.029625673832612));
#10129=CARTESIAN_POINT('',(-0.00352493135020429,-0.0343636981346023,0.0296075893795793));
#10130=CARTESIAN_POINT('',(-0.00349606933128286,-0.0343666422035011,0.0295917486025356));
#10131=CARTESIAN_POINT('',(-0.0034449052910052,-0.0343718085740132,0.0295553250734924));
#10132=CARTESIAN_POINT('',(-0.00342395776543453,-0.0343739009733877,0.0295356711691065));
#10133=CARTESIAN_POINT('',(-0.00338682208875817,-0.0343775730217541,0.0294950107169555));
#10134=CARTESIAN_POINT('',(-0.00338143580693807,-0.0343781025158114,0.029488447383771));
#10135=CARTESIAN_POINT('',(-0.00336106849601477,-0.0343800997565333,0.0294634841154873));
#10136=CARTESIAN_POINT('',(-0.00335001726096279,-0.0343811789174572,0.0294493869746548));
#10137=CARTESIAN_POINT('',(-0.00332617915238351,-0.0343834933020076,0.0294179616796087));
#10138=CARTESIAN_POINT('',(-0.00332443276602406,-0.0343836608884129,0.0294154726767346));
#10139=CARTESIAN_POINT('',(-0.00330989816572496,-0.0343850630861385,0.0293955650365571));
#10140=CARTESIAN_POINT('',(-0.00330234109708653,-0.0343857898181411,0.0293850425110658));
#10141=CARTESIAN_POINT('',(-0.00327880042544332,-0.0343880451948878,0.0293517688183847));
#10142=CARTESIAN_POINT('',(-0.00326194735991532,-0.0343896490643549,0.0293273115349873));
#10143=CARTESIAN_POINT('',(-0.00320790890758082,-0.0343947461952262,0.0292471152199653));
#10144=CARTESIAN_POINT('',(-0.00316724430712629,-0.0343985256836283,0.0291845517235108));
#10145=CARTESIAN_POINT('',(-0.00309928249713153,-0.0344046930146171,0.0290770575491696));
#10146=CARTESIAN_POINT('',(-0.00308751707469677,-0.0344057476724829,0.0290584365974568));
#10147=CARTESIAN_POINT('',(-0.00305309439023942,-0.034408819352506,0.0290039436718195));
#10148=CARTESIAN_POINT('',(-0.0030358819210664,-0.0344103422759594,0.0289766836420377));
#10149=CARTESIAN_POINT('',(-0.00298424119088864,-0.0344148722918444,0.0288948628518025));
#10150=CARTESIAN_POINT('',(-0.00294980960722303,-0.0344178406297717,0.0288402613904594));
#10151=CARTESIAN_POINT('',(-0.00291537374850159,-0.0344207572825838,0.0287856056612636));
#10152=CARTESIAN_POINT('',(-0.00291261887980387,-0.0344209906148088,0.0287812332029279));
#10153=CARTESIAN_POINT('',(-0.00290986401110616,-0.0344212239470338,0.0287768607445923));
#10154=CARTESIAN_POINT('',(-0.00290710914240844,-0.0344214572792587,0.0287724882862566));
#10155=CARTESIAN_POINT('',(-0.00401906579440719,-0.0341815300877568,0.0296432999720034));
#10156=CARTESIAN_POINT('',(-0.00395009509659808,-0.034189639665405,0.029643211723577));
#10157=CARTESIAN_POINT('',(-0.00388617337200335,-0.0341969450922847,0.0296432588859871));
#10158=CARTESIAN_POINT('',(-0.0038125958264317,-0.0342051782822704,0.029643487102407));
#10159=CARTESIAN_POINT('',(-0.00378121370145342,-0.0342086643659192,0.0296435018113586));
#10160=CARTESIAN_POINT('',(-0.00374116821145346,-0.0342130670237232,0.029643295509929));
#10161=CARTESIAN_POINT('',(-0.00372316330754846,-0.0342150288986751,0.0296431034746148));
#10162=CARTESIAN_POINT('',(-0.00367520531880569,-0.0342202248542001,0.0296422607148742));
#10163=CARTESIAN_POINT('',(-0.00365130919718684,-0.0342227714113716,0.0296413433366497));
#10164=CARTESIAN_POINT('',(-0.00362758707226766,-0.0342252912955497,0.0296394339617168));
#10165=CARTESIAN_POINT('',(-0.00360100043528262,-0.0342281007460176,0.0296363502969167));
#10166=CARTESIAN_POINT('',(-0.00357316611357392,-0.0342310176410115,0.029630334848386));
#10167=CARTESIAN_POINT('',(-0.00355789913095881,-0.0342326084260309,0.029625673832612));
#10168=CARTESIAN_POINT('',(-0.00351197204376971,-0.0342373610091074,0.0296075893795793));
#10169=CARTESIAN_POINT('',(-0.00348321613521197,-0.0342402942542235,0.0295917486025356));
#10170=CARTESIAN_POINT('',(-0.00343224019802356,-0.0342454416307263,0.0295553250734924));
#10171=CARTESIAN_POINT('',(-0.00341136968541455,-0.0342475263374561,0.0295356711691065));
#10172=CARTESIAN_POINT('',(-0.00337437053696127,-0.0342511848856447,0.0294950107169555));
#10173=CARTESIAN_POINT('',(-0.00336900405764786,-0.0342517124330327,0.029488447383771));
#10174=CARTESIAN_POINT('',(-0.00334871162654412,-0.0342537023309578,0.0294634841154873));
#10175=CARTESIAN_POINT('',(-0.00333770102103278,-0.0342547775243783,0.0294493869746548));
#10176=CARTESIAN_POINT('',(-0.00331395055255857,-0.0342570834001619,0.0294179616796087));
#10177=CARTESIAN_POINT('',(-0.00331221058673721,-0.0342572503704408,0.0294154726767346));
#10178=CARTESIAN_POINT('',(-0.00329772942246862,-0.0342586474130277,0.0293955650365571));
#10179=CARTESIAN_POINT('',(-0.00329020013717077,-0.0342593714732215,0.0293850425110658));
#10180=CARTESIAN_POINT('',(-0.00326674601211448,-0.0342616185581419,0.0293517688183847));
#10181=CARTESIAN_POINT('',(-0.00324995490638622,-0.03426321653103,0.0293273115349873));
#10182=CARTESIAN_POINT('',(-0.00319611512483236,-0.0342682949224497,0.0292471152199653));
#10183=CARTESIAN_POINT('',(-0.00315560002658539,-0.0342720605156738,0.0291845517235108));
#10184=CARTESIAN_POINT('',(-0.0030878880761862,-0.0342782051726516,0.0290770575491696));
#10185=CARTESIAN_POINT('',(-0.00307616590898097,-0.0342792559530988,0.0290584365974568));
#10186=CARTESIAN_POINT('',(-0.0030418697785106,-0.0342823163401806,0.0290039436718195));
#10187=CARTESIAN_POINT('',(-0.00302472059047424,-0.0342838336646508,0.0289766836420377));
#10188=CARTESIAN_POINT('',(-0.00297326971592214,-0.0342883470260656,0.0288948628518025));
#10189=CARTESIAN_POINT('',(-0.00293896471896118,-0.0342913044509858,0.0288402613904594));
#10190=CARTESIAN_POINT('',(-0.00290465546266151,-0.0342942103808096,0.0287856056612636));
#10191=CARTESIAN_POINT('',(-0.00290191072215753,-0.0342944428551955,0.0287812332029279));
#10192=CARTESIAN_POINT('',(-0.00289916598165356,-0.0342946753295814,0.0287768607445923));
#10193=CARTESIAN_POINT('',(-0.00289642124114959,-0.0342949078039673,0.0287724882862566));
#10194=CARTESIAN_POINT('',(-0.00401891600634622,-0.0341802561635728,0.0296432999720034));
#10195=CARTESIAN_POINT('',(-0.00394994787903174,-0.0341883654389821,0.029643211723577));
#10196=CARTESIAN_POINT('',(-0.00388602853675959,-0.0341956705935931,0.0296432588859871));
#10197=CARTESIAN_POINT('',(-0.00381245373337691,-0.0342039034767329,0.029643487102407));
#10198=CARTESIAN_POINT('',(-0.00378107277799075,-0.0342073894304575,0.0296435018113586));
#10199=CARTESIAN_POINT('',(-0.00374102878046108,-0.0342117919241773,0.029643295509929));
#10200=CARTESIAN_POINT('',(-0.00372302454758755,-0.0342137537260114,0.0296431034746148));
#10201=CARTESIAN_POINT('',(-0.00367506834620893,-0.0342189494878864,0.0296422607148742));
#10202=CARTESIAN_POINT('',(-0.00365117311518355,-0.0342214959501493,0.0296413433366497));
#10203=CARTESIAN_POINT('',(-0.00362745187437308,-0.0342240157404129,0.0296394339617168));
#10204=CARTESIAN_POINT('',(-0.00360086622825532,-0.0342268250861743,0.0296363502969167));
#10205=CARTESIAN_POINT('',(-0.00357303294391434,-0.0342297418724574,0.029630334848386));
#10206=CARTESIAN_POINT('',(-0.00355776653029009,-0.0342313325981892,0.029625673832612));
#10207=CARTESIAN_POINT('',(-0.00351184115477472,-0.0342360850041399,0.0296075893795793));
#10208=CARTESIAN_POINT('',(-0.00348308631793165,-0.0342390181399358,0.0295917486025356));
#10209=CARTESIAN_POINT('',(-0.00343211228058445,-0.0342441653245992,0.0295553250734924));
#10210=CARTESIAN_POINT('',(-0.00341124254580635,-0.0342462499536332,0.0295356711691065));
#10211=CARTESIAN_POINT('',(-0.00337424477628812,-0.03424990836547,0.0294950107169555));
#10212=CARTESIAN_POINT('',(-0.00336887849698003,-0.0342504358931966,0.029488447383771));
#10213=CARTESIAN_POINT('',(-0.00334858682216247,-0.0342524257169595,0.0294634841154873));
#10214=CARTESIAN_POINT('',(-0.00333757662700949,-0.0342535008703082,0.0294493869746548));
#10215=CARTESIAN_POINT('',(-0.00331382704370034,-0.0342558066601533,0.0294179616796087));
#10216=CARTESIAN_POINT('',(-0.00331208714272641,-0.0342559736242093,0.0294154726767346));
#10217=CARTESIAN_POINT('',(-0.00329760651816173,-0.0342573706147292,0.0293955650365571));
#10218=CARTESIAN_POINT('',(-0.00329007751347562,-0.0342580946479378,0.0293850425110658));
#10219=CARTESIAN_POINT('',(-0.00326662426253986,-0.0342603416491107,0.0293517688183847));
#10220=CARTESIAN_POINT('',(-0.00324983378260557,-0.0342619395624434,0.0293273115349873));
#10221=CARTESIAN_POINT('',(-0.0031959960076266,-0.0342670177645946,0.0292471152199653));
#10222=CARTESIAN_POINT('',(-0.00315548241935192,-0.0342707832174775,0.0291845517235108));
#10223=CARTESIAN_POINT('',(-0.00308777299253465,-0.0342769276454477,0.0290770575491696));
#10224=CARTESIAN_POINT('',(-0.00307605126220724,-0.034277978386733,0.0290584365974568));
#10225=CARTESIAN_POINT('',(-0.00304175640993214,-0.0342810386597562,0.0290039436718195));
#10226=CARTESIAN_POINT('',(-0.00302460786103526,-0.0342825559276766,0.0289766836420377));
#10227=CARTESIAN_POINT('',(-0.00297315890402498,-0.0342870691208812,0.0288948628518025));
#10228=CARTESIAN_POINT('',(-0.00293885518558974,-0.03429002643558,0.0288402613904594));
#10229=CARTESIAN_POINT('',(-0.00290454720797452,-0.0342929322571017,0.0287856056612636));
#10230=CARTESIAN_POINT('',(-0.00290180256976531,-0.0342931647228234,0.0287812332029279));
#10231=CARTESIAN_POINT('',(-0.00289905793155609,-0.0342933971885452,0.0287768607445923));
#10232=CARTESIAN_POINT('',(-0.00289631329334687,-0.0342936296542669,0.0287724882862566));
#10233=CARTESIAN_POINT('',(-0.00403389629549356,-0.0343076611950917,0.0296432999720034));
#10234=CARTESIAN_POINT('',(-0.00403389629549356,-0.0343076611950917,0.0296432999720034));
#10235=CARTESIAN_POINT('',(-0.00403389629549356,-0.0343076611950917,0.0296432999720035));
#10236=CARTESIAN_POINT('',(-0.00396986440529515,-0.0343151900675262,0.0296432183440215));
#10237=CARTESIAN_POINT('',(-0.00384188656423356,-0.0343298723514276,0.0296408577165632));
#10238=CARTESIAN_POINT('',(-0.00364903780755934,-0.0343509203081028,0.0296528135777988));
#10239=CARTESIAN_POINT('',(-0.00345983437985487,-0.0343704223366584,0.0295886602764513));
#10240=CARTESIAN_POINT('',(-0.00329490057158285,-0.0343866359876464,0.0293836386308191));
#10241=CARTESIAN_POINT('',(-0.00312191304527106,-0.0344028451868754,0.0291139648581935));
#10242=CARTESIAN_POINT('',(-0.00298419599305896,-0.0344149281678561,0.0288948385974498));
#10243=CARTESIAN_POINT('',(-0.00291537343284962,-0.034420757309319,0.0287856051602687));
#10244=CARTESIAN_POINT('',(-0.00403389629549356,-0.0343076611950917,0.0292144523160493));
#10245=CARTESIAN_POINT('',(-0.00401906579440719,-0.0341815300877568,0.0287856051602687));
#10246=CARTESIAN_POINT('',(-0.00403389629549356,-0.0343076611950917,0.0287856051602687));
#10247=CARTESIAN_POINT('',(-0.00403389629549356,-0.0343076611950917,0.0329641));
#10248=CARTESIAN_POINT('',(3.30643715532042E-18,4.68711497137172E-33,0.0287856051602687));
#10249=CARTESIAN_POINT('',(3.30643715532042E-18,4.68711497137172E-33,0.0287856051602687));
#10250=CARTESIAN_POINT('',(3.30643715532042E-18,4.68711497137172E-33,0.0329641));
#10251=CARTESIAN_POINT('',(-0.0061455885757222,-0.0338638690946257,0.0294102027384274));
#10252=CARTESIAN_POINT('',(-0.00613186730575097,-0.0338663592200082,0.029195416091631));
#10253=CARTESIAN_POINT('',(-0.00597074440797087,-0.0338960834015587,0.0288782268821308));
#10254=CARTESIAN_POINT('',(-0.00555277179115441,-0.0339666371317963,0.0287562707460421));
#10255=CARTESIAN_POINT('',(-0.00524113025181152,-0.0340160879218448,0.0287427903403939));
#10256=CARTESIAN_POINT('',(-0.00492577796954071,-0.0340631299218656,0.0288218456598565));
#10257=CARTESIAN_POINT('',(-0.00467781276860259,-0.0340977542695151,0.0290450276879598));
#10258=CARTESIAN_POINT('',(-0.00460450111272684,-0.0341075600187864,0.0293751951472242));
#10259=CARTESIAN_POINT('',(-0.00473021633307892,-0.0340906457171142,0.0296899392380198));
#10260=CARTESIAN_POINT('',(-0.00502565217691606,-0.0340485979157664,0.0298444461602794));
#10261=CARTESIAN_POINT('',(-0.00533253684820019,-0.034001836760351,0.0299132499610536));
#10262=CARTESIAN_POINT('',(-0.00558654967955665,-0.0339608629571898,0.0299739367573254));
#10263=CARTESIAN_POINT('',(-0.00578552048681597,-0.0339273064413676,0.0300617624627457));
#10264=CARTESIAN_POINT('',(-0.00586954091062356,-0.0339127987879155,0.0302772925884526));
#10265=CARTESIAN_POINT('',(-0.00568846693400983,-0.0339440457638208,0.0305209032875619));
#10266=CARTESIAN_POINT('',(-0.00536684651313502,-0.0339966119794263,0.0305355672594214));
#10267=CARTESIAN_POINT('',(-0.00503453052520127,-0.0340470913943014,0.0304788580732553));
#10268=CARTESIAN_POINT('',(-0.00494970613849374,-0.0340592213388331,0.0302609692591682));
#10269=CARTESIAN_POINT('',(-0.00493374616409577,-0.0340615331097745,0.0301558565777693));
#10270=CARTESIAN_POINT('',(-0.00614558855792976,-0.0338638690978547,0.0294102027421363));
#10271=CARTESIAN_POINT('',(-0.00493374614535906,-0.0340615331124886,0.0301558564543686));
#10272=CARTESIAN_POINT('',(3.30643715532042E-18,4.68711497137172E-33,0.0301661589647343));
#10273=CARTESIAN_POINT('',(-0.0046923541715447,-0.0340956258386437,0.0301764616026461));
#10274=CARTESIAN_POINT('',(-0.00469235415062195,-0.0340956258415232,0.0301764616067915));
#10275=CARTESIAN_POINT('',(-0.00470058665627357,-0.0340944928565402,0.0302821452278316));
#10276=CARTESIAN_POINT('',(-0.00475305299476403,-0.0340873679700666,0.0304935077411727));
#10277=CARTESIAN_POINT('',(-0.00501194586014229,-0.0340505692699201,0.0307014642165802));
#10278=CARTESIAN_POINT('',(-0.0053246717227436,-0.0340031099911935,0.0307653301473109));
#10279=CARTESIAN_POINT('',(-0.00563746547696357,-0.0339526642406763,0.0307438630766906));
#10280=CARTESIAN_POINT('',(-0.00593725203237211,-0.0339013261400626,0.0306140821145076));
#10281=CARTESIAN_POINT('',(-0.00610032211985187,-0.0338720273478211,0.0303198449972408));
#10282=CARTESIAN_POINT('',(-0.00605799304311474,-0.0338797661426585,0.0299811589085997));
#10283=CARTESIAN_POINT('',(-0.00580044132631442,-0.0339251676888732,0.0297696490980325));
#10284=CARTESIAN_POINT('',(-0.00549174963213919,-0.0339764561246112,0.0296888431030137));
#10285=CARTESIAN_POINT('',(-0.005193041343273,-0.0340235703890117,0.029619925664953));
#10286=CARTESIAN_POINT('',(-0.00486122488512197,-0.0340721085589442,0.0294979203991043));
#10287=CARTESIAN_POINT('',(-0.00487902784801428,-0.0340695614737404,0.0291076372079054));
#10288=CARTESIAN_POINT('',(-0.00519973305883029,-0.0340225228402518,0.0289742668006376));
#10289=CARTESIAN_POINT('',(-0.00550927554956498,-0.0339737161610582,0.028975779489322));
#10290=CARTESIAN_POINT('',(-0.00582481651571273,-0.0339207914370654,0.0291066032035794));
#10291=CARTESIAN_POINT('',(-0.00589211525036004,-0.0339088951933765,0.029324830731672));
#10292=CARTESIAN_POINT('',(-0.00590935843190583,-0.0339058899296754,0.0294308077676359));
#10293=CARTESIAN_POINT('',(-0.00590935845195985,-0.0339058899261803,0.0294308078908886));
#10294=CARTESIAN_POINT('',(3.30643715532042E-18,4.68711497137172E-33,0.0294205053799932));
#10295=CARTESIAN_POINT('',(-0.00482196056797177,-0.0341416692110292,0.0301661589647344));
#10296=CARTESIAN_POINT('',(-0.00493374773566268,-0.0340615328876806,0.0301558751889117));
#10297=CARTESIAN_POINT('',(-0.0049398152549895,-0.0341034291405408,0.0301558626292954));
#10298=CARTESIAN_POINT('',(-0.00494588277431633,-0.0341453253934009,0.0301558500696792));
#10299=CARTESIAN_POINT('',(-0.00495195029364315,-0.034187221646261,0.0301558375100629));
#10300=CARTESIAN_POINT('',(-0.00495195186949835,-0.0341872214238328,0.0301558565777693));
#10301=CARTESIAN_POINT('',(3.30643715532042E-18,4.68711497137172E-33,0.0301661589647343));
#10302=CARTESIAN_POINT('',(-0.00470966914199561,-0.034221439954697,0.0301764615994011));
#10303=CARTESIAN_POINT('',(-0.00470967072457992,-0.0342214397312208,0.0301764804165272));
#10304=CARTESIAN_POINT('',(-0.00470389802202051,-0.034179501840243,0.0301764678569187));
#10305=CARTESIAN_POINT('',(-0.00469812531946111,-0.0341375639492653,0.0301764552973102));
#10306=CARTESIAN_POINT('',(-0.0046923526169017,-0.0340956260582875,0.0301764427377017));
#10307=CARTESIAN_POINT('',(-0.00616837941126049,-0.0339894528158658,0.0294102027333788));
#10308=CARTESIAN_POINT('',(-0.00615455405777149,-0.0339919618302437,0.0291945864199742));
#10309=CARTESIAN_POINT('',(-0.0060554029967147,-0.0340102674140413,0.0289868637725578));
#10310=CARTESIAN_POINT('',(-0.00578129297536394,-0.0340575550466007,0.0288173200160615));
#10311=CARTESIAN_POINT('',(-0.00569122904024464,-0.0340727955593404,0.02878806092404));
#10312=CARTESIAN_POINT('',(-0.00551810028273448,-0.0341011113607224,0.0287603828020257));
#10313=CARTESIAN_POINT('',(-0.00547344384081675,-0.034108302860365,0.0287565601245992));
#10314=CARTESIAN_POINT('',(-0.00536339226001108,-0.0341257810893496,0.0287522340118023));
#10315=CARTESIAN_POINT('',(-0.00530997737219092,-0.0341341251167728,0.0287534773170726));
#10316=CARTESIAN_POINT('',(-0.00516025434538753,-0.0341571922435664,0.0287676491417511));
#10317=CARTESIAN_POINT('',(-0.00504841246223726,-0.0341738774835906,0.0287976259721196));
#10318=CARTESIAN_POINT('',(-0.00486525075126408,-0.0342004342922669,0.02889253322762));
#10319=CARTESIAN_POINT('',(-0.00477932039617942,-0.0342124648254228,0.0289686410110779));
#10320=CARTESIAN_POINT('',(-0.00462079299520167,-0.0342343608347857,0.0292403851748087));
#10321=CARTESIAN_POINT('',(-0.00462556754651132,-0.0342338610387744,0.0294966256908238));
#10322=CARTESIAN_POINT('',(-0.00484243632033702,-0.0342036247367624,0.0297367097209223));
#10323=CARTESIAN_POINT('',(-0.00492455603807337,-0.0341920044809574,0.0297861787982087));
#10324=CARTESIAN_POINT('',(-0.00504956395196337,-0.0341735849493809,0.0298314231207902));
#10325=CARTESIAN_POINT('',(-0.00505108089737078,-0.0341733590178969,0.0298318381589123));
#10326=CARTESIAN_POINT('',(-0.00506849946861317,-0.0341707798847865,0.0298376066793177));
#10327=CARTESIAN_POINT('',(-0.0050778793370852,-0.0341693876440231,0.0298405997303424));
#10328=CARTESIAN_POINT('',(-0.00510802994301512,-0.034164897927107,0.0298499052558825));
#10329=CARTESIAN_POINT('',(-0.00513081172076502,-0.0341614876928388,0.029856544102864));
#10330=CARTESIAN_POINT('',(-0.00520719379447165,-0.034149957425227,0.0298777661336726));
#10331=CARTESIAN_POINT('',(-0.00526883153935242,-0.0341405415997118,0.0298936548073638));
#10332=CARTESIAN_POINT('',(-0.00541348436495726,-0.0341179037096668,0.0299289134610505));
#10333=CARTESIAN_POINT('',(-0.0054754596574886,-0.0341079395390264,0.0299442033208861));
#10334=CARTESIAN_POINT('',(-0.00549985508747071,-0.0341040089391777,0.0299505879822649));
#10335=CARTESIAN_POINT('',(-0.0055236478062464,-0.0341001658649724,0.0299569472093845));
#10336=CARTESIAN_POINT('',(-0.00555084674784362,-0.0340957489650549,0.0299645946625375));
#10337=CARTESIAN_POINT('',(-0.00556395529950995,-0.0340936118969484,0.0299684221381637));
#10338=CARTESIAN_POINT('',(-0.00560180899923736,-0.0340874199244401,0.0299799158121922));
#10339=CARTESIAN_POINT('',(-0.00562508220991604,-0.0340835843788223,0.0299875932577438));
#10340=CARTESIAN_POINT('',(-0.00565705103981891,-0.0340782877722672,0.0299991319203703));
#10341=CARTESIAN_POINT('',(-0.00567796374427351,-0.0340748108686488,0.0300071932371742));
#10342=CARTESIAN_POINT('',(-0.0057059124468253,-0.0340701419305031,0.0300193331211368));
#10343=CARTESIAN_POINT('',(-0.00571868026563253,-0.034068000246037,0.0300254804986187));
#10344=CARTESIAN_POINT('',(-0.00575336614436876,-0.0340621657434934,0.0300441549375665));
#10345=CARTESIAN_POINT('',(-0.00577166675242697,-0.0340590642438904,0.0300569143055341));
#10346=CARTESIAN_POINT('',(-0.0057986291771627,-0.0340544841971843,0.0300830525254744));
#10347=CARTESIAN_POINT('',(-0.00581986150378786,-0.0340508610964866,0.0301102118715445));
#10348=CARTESIAN_POINT('',(-0.00584163993720524,-0.034047131629251,0.0301576230936247));
#10349=CARTESIAN_POINT('',(-0.00584821841497821,-0.0340460005573993,0.0301837229404179));
#10350=CARTESIAN_POINT('',(-0.00585956353219742,-0.0340440509825636,0.0303261933531494));
#10351=CARTESIAN_POINT('',(-0.00579759376027663,-0.0340548069997858,0.0304201587163772));
#10352=CARTESIAN_POINT('',(-0.00564842618411301,-0.0340797539663289,0.0304972607000039));
#10353=CARTESIAN_POINT('',(-0.00560708999099056,-0.0340865968400667,0.0305072946622891));
#10354=CARTESIAN_POINT('',(-0.00551660723218247,-0.034101316480223,0.0305200513042377));
#10355=CARTESIAN_POINT('',(-0.00549707741625039,-0.0341044668263968,0.0305216155029697));
#10356=CARTESIAN_POINT('',(-0.00544444533575107,-0.0341129085921894,0.0305242787442192));
#10357=CARTESIAN_POINT('',(-0.00541714849363983,-0.0341172555917219,0.0305245593109081));
#10358=CARTESIAN_POINT('',(-0.00533231244129664,-0.0341306538148744,0.0305222478491673));
#10359=CARTESIAN_POINT('',(-0.00526707789077762,-0.0341407710081204,0.0305137899672613));
#10360=CARTESIAN_POINT('',(-0.00516729508244609,-0.0341560158107963,0.0304843482868776));
#10361=CARTESIAN_POINT('',(-0.00512474601185947,-0.0341624069950774,0.0304631465058023));
#10362=CARTESIAN_POINT('',(-0.00505435802868955,-0.034172891863306,0.0304077810618849));
#10363=CARTESIAN_POINT('',(-0.00501642318530847,-0.0341784710096594,0.0303615815551328));
#10364=CARTESIAN_POINT('',(-0.00496897463613198,-0.0341854014631641,0.0302587989487603));
#10365=CARTESIAN_POINT('',(-0.0049618620309918,-0.0341864275832695,0.0302202866279154));
#10366=CARTESIAN_POINT('',(-0.00495204293563783,-0.034187849859955,0.0301558568245704));
#10367=CARTESIAN_POINT('',(-0.00495015765671531,-0.0341881229389058,0.0301434862195554));
#10368=CARTESIAN_POINT('',(-0.00494827237779278,-0.0341883960178566,0.0301311156145404));
#10369=CARTESIAN_POINT('',(-0.00494638709887026,-0.0341886690968074,0.0301187450095253));
#10370=CARTESIAN_POINT('',(-0.0061682660240174,-0.033988828021233,0.0294102027333788));
#10371=CARTESIAN_POINT('',(-0.00615444092308132,-0.0339913369897779,0.0291945863951639));
#10372=CARTESIAN_POINT('',(-0.00605529168620576,-0.0340096422367943,0.0289868637725578));
#10373=CARTESIAN_POINT('',(-0.00578118670354954,-0.0340569290001117,0.0288173200160615));
#10374=CARTESIAN_POINT('',(-0.00569112442398685,-0.0340721692327001,0.02878806092404));
#10375=CARTESIAN_POINT('',(-0.00551799884893211,-0.0341004845135806,0.0287603828020257));
#10376=CARTESIAN_POINT('',(-0.00547334322788977,-0.0341076758810289,0.0287565601245992));
#10377=CARTESIAN_POINT('',(-0.00536329367005391,-0.0341251537887285,0.0287522340118023));
#10378=CARTESIAN_POINT('',(-0.00530987976410702,-0.0341334976627716,0.0287534773170726));
#10379=CARTESIAN_POINT('',(-0.00516015948951456,-0.034156564365545,0.0287676491417511));
#10380=CARTESIAN_POINT('',(-0.00504831966224347,-0.0341732492988609,0.0287976259721196));
#10381=CARTESIAN_POINT('',(-0.00486516131815161,-0.0341998056193694,0.02889253322762));
#10382=CARTESIAN_POINT('',(-0.00477923254264003,-0.0342118359313799,0.0289686410110779));
#10383=CARTESIAN_POINT('',(-0.00462070805571535,-0.0342337315382501,0.0292403851748087));
#10384=CARTESIAN_POINT('',(-0.00462548251925913,-0.034233231751426,0.0294966256908238));
#10385=CARTESIAN_POINT('',(-0.00484234730659977,-0.0342029960052182,0.0297367097209223));
#10386=CARTESIAN_POINT('',(-0.00492446551481023,-0.0341913759630169,0.0297861787982087));
#10387=CARTESIAN_POINT('',(-0.00504947113080288,-0.0341729567700285,0.0298314231207902));
#10388=CARTESIAN_POINT('',(-0.00505098804832578,-0.0341727308426976,0.0298318381589123));
#10389=CARTESIAN_POINT('',(-0.00506840629937973,-0.0341701517569969,0.0298376066793177));
#10390=CARTESIAN_POINT('',(-0.00507778599543087,-0.0341687595418256,0.0298405997303424));
#10391=CARTESIAN_POINT('',(-0.0051079360471319,-0.0341642699074396,0.0298499052558825));
#10392=CARTESIAN_POINT('',(-0.00513071740610682,-0.0341608597358584,0.029856544102864));
#10393=CARTESIAN_POINT('',(-0.00520709807575702,-0.0341493296801962,0.0298777661336726));
#10394=CARTESIAN_POINT('',(-0.00526873468761184,-0.0341399140277628,0.0298936548073638));
#10395=CARTESIAN_POINT('',(-0.00541338485420626,-0.0341172765538478,0.0299289134610505));
#10396=CARTESIAN_POINT('',(-0.00547535900750684,-0.0341073125663689,0.0299442033208861));
#10397=CARTESIAN_POINT('',(-0.00549975398905179,-0.0341033820387726,0.0299505879822649));
#10398=CARTESIAN_POINT('',(-0.00552354627046937,-0.0340995390352108,0.0299569472093845));
#10399=CARTESIAN_POINT('',(-0.00555074471209524,-0.0340951222164847,0.0299645946625375));
#10400=CARTESIAN_POINT('',(-0.00556385302279997,-0.0340929851876618,0.0299684221381637));
#10401=CARTESIAN_POINT('',(-0.00560170602670011,-0.0340867933289745,0.0299799158121922));
#10402=CARTESIAN_POINT('',(-0.00562497880957027,-0.0340829578538618,0.0299875932577438));
#10403=CARTESIAN_POINT('',(-0.00565694705182163,-0.0340776613446689,0.0299991319203703));
#10404=CARTESIAN_POINT('',(-0.00567785937185859,-0.034074184504963,0.0300071932371742));
#10405=CARTESIAN_POINT('',(-0.0057058075606569,-0.0340695156526419,0.0300193331211368));
#10406=CARTESIAN_POINT('',(-0.0057185751447659,-0.0340673740075442,0.0300254804986187));
#10407=CARTESIAN_POINT('',(-0.00575326038590578,-0.0340615396122505,0.0300441549375665));
#10408=CARTESIAN_POINT('',(-0.00577156065756194,-0.0340584381696593,0.0300569143055341));
#10409=CARTESIAN_POINT('',(-0.00579852258667397,-0.0340538582071437,0.0300830525254744));
#10410=CARTESIAN_POINT('',(-0.00581975452300619,-0.0340502351730459,0.0301102118715445));
#10411=CARTESIAN_POINT('',(-0.00584153255609208,-0.0340465057743655,0.0301576230936247));
#10412=CARTESIAN_POINT('',(-0.00584811091293937,-0.0340453747233052,0.0301837229404179));
#10413=CARTESIAN_POINT('',(-0.00585945582161247,-0.0340434251843065,0.0303261933531494));
#10414=CARTESIAN_POINT('',(-0.00579748718882095,-0.0340541810038114,0.0304201587163772));
#10415=CARTESIAN_POINT('',(-0.00564832235465796,-0.034079127511779,0.0304972607000039));
#10416=CARTESIAN_POINT('',(-0.00560698692137804,-0.0340859702597311,0.0305072946622891));
#10417=CARTESIAN_POINT('',(-0.00551650582582538,-0.0341006896293107,0.0305200513042377));
#10418=CARTESIAN_POINT('',(-0.00549697636889067,-0.0341038399175748,0.0305216155029697));
#10419=CARTESIAN_POINT('',(-0.00544434525587504,-0.0341122815281907,0.0305242787442192));
#10420=CARTESIAN_POINT('',(-0.00541704891553476,-0.0341166284478166,0.0305245593109081));
#10421=CARTESIAN_POINT('',(-0.00533221442264916,-0.0341300264246828,0.0305222478491673));
#10422=CARTESIAN_POINT('',(-0.00526698107127263,-0.0341401434319544,0.0305137899672613));
#10423=CARTESIAN_POINT('',(-0.00516720009715018,-0.0341553879544001,0.0304843482868776));
#10424=CARTESIAN_POINT('',(-0.00512465180870123,-0.0341617790211983,0.0304631465058023));
#10425=CARTESIAN_POINT('',(-0.00505426511940427,-0.0341722636966939,0.0304077810618849));
#10426=CARTESIAN_POINT('',(-0.00501633097334205,-0.0341778427404913,0.0303615815551328));
#10427=CARTESIAN_POINT('',(-0.00496888329636551,-0.0341847730666004,0.0302587989487603));
#10428=CARTESIAN_POINT('',(-0.00496177082192415,-0.0341857991678502,0.0302202866276178));
#10429=CARTESIAN_POINT('',(-0.00495195190711013,-0.0341872214183848,0.0301558568245704));
#10430=CARTESIAN_POINT('',(-0.00495006666285151,-0.0341874944923146,0.0301434862196125));
#10431=CARTESIAN_POINT('',(-0.00494818141859288,-0.0341877675662444,0.0301311156146546));
#10432=CARTESIAN_POINT('',(-0.00494629617433425,-0.0341880406401742,0.0301187450096967));
#10433=CARTESIAN_POINT('',(-0.00614558857539969,-0.0338638690946843,0.0294102027333788));
#10434=CARTESIAN_POINT('',(-0.00613181398504818,-0.0338663688966077,0.0291945814331061));
#10435=CARTESIAN_POINT('',(-0.00603302958441824,-0.0338846067873944,0.0289868637725578));
#10436=CARTESIAN_POINT('',(-0.00575993234066884,-0.0339317197023171,0.0288173200160615));
#10437=CARTESIAN_POINT('',(-0.00567020117242807,-0.0339469039046387,0.02878806092404));
#10438=CARTESIAN_POINT('',(-0.00549771208845809,-0.0339751150852218,0.0287603828020257));
#10439=CARTESIAN_POINT('',(-0.00545322064249312,-0.0339822800138193,0.0287565601245992));
#10440=CARTESIAN_POINT('',(-0.00534357567861988,-0.0339996936645052,0.0287522340118023));
#10441=CARTESIAN_POINT('',(-0.00529035814732721,-0.0340080068625409,0.0287534773170726));
#10442=CARTESIAN_POINT('',(-0.00514118831492076,-0.0340309887612599,0.0287676491417511));
#10443=CARTESIAN_POINT('',(-0.00502975966348522,-0.0340476123529092,0.0287976259721196));
#10444=CARTESIAN_POINT('',(-0.0048472746956584,-0.0340740710398865,0.02889253322762));
#10445=CARTESIAN_POINT('',(-0.00476166183476268,-0.0340860571228086,0.0289686410110779));
#10446=CARTESIAN_POINT('',(-0.00460372015845169,-0.0341078722311242,0.0292403851748087));
#10447=CARTESIAN_POINT('',(-0.00460847706882067,-0.0341073742817517,0.0294966256908238));
#10448=CARTESIAN_POINT('',(-0.00482454455914903,-0.0340772496963755,0.0297367097209223));
#10449=CARTESIAN_POINT('',(-0.00490636086218225,-0.0340656723749175,0.0297861787982087));
#10450=CARTESIAN_POINT('',(-0.00503090689870434,-0.0340473208995504,0.0298314231207902));
#10451=CARTESIAN_POINT('',(-0.00503241823932458,-0.0340470958028348,0.0298318381589123));
#10452=CARTESIAN_POINT('',(-0.00504977245269083,-0.0340445261990667,0.0298376066793177));
#10453=CARTESIAN_POINT('',(-0.00505911766456532,-0.0340431391023336,0.0298405997303424));
#10454=CARTESIAN_POINT('',(-0.00508915687048803,-0.0340386659739563,0.0298499052558825));
#10455=CARTESIAN_POINT('',(-0.00511185447446673,-0.0340352683397707,0.029856544102864));
#10456=CARTESIAN_POINT('',(-0.00518795433283144,-0.034023780674019,0.0298777661336726));
#10457=CARTESIAN_POINT('',(-0.00524936433949562,-0.0340143996379549,0.0298936548073638));
#10458=CARTESIAN_POINT('',(-0.00539348270400697,-0.0339918453900469,0.0299289134610505));
#10459=CARTESIAN_POINT('',(-0.00545522901115571,-0.0339819180348749,0.0299442033208861));
#10460=CARTESIAN_POINT('',(-0.00547953430526851,-0.0339780019577477,0.0299505879822649));
#10461=CARTESIAN_POINT('',(-0.00550323911506323,-0.0339741730828754,0.0299569472093845));
#10462=CARTESIAN_POINT('',(-0.00553033756241841,-0.0339697725024535,0.0299645946625375));
#10463=CARTESIAN_POINT('',(-0.00554339768080438,-0.0339676433303542,0.0299684221381637));
#10464=CARTESIAN_POINT('',(-0.005581111519249,-0.0339614742358532,0.0299799158121922));
#10465=CARTESIAN_POINT('',(-0.00560429874041744,-0.033957652861752,0.0299875932577438));
#10466=CARTESIAN_POINT('',(-0.00563614945236641,-0.0339523758250194,0.0299991319203703));
#10467=CARTESIAN_POINT('',(-0.00565698488887382,-0.0339489117678124,0.0300071932371742));
#10468=CARTESIAN_POINT('',(-0.00568483032697802,-0.0339442600803895,0.0300193331211368));
#10469=CARTESIAN_POINT('',(-0.00569755097143955,-0.0339421263089871,0.0300254804986187));
#10470=CARTESIAN_POINT('',(-0.00573210869331053,-0.033936313363676,0.0300441549375665));
#10471=CARTESIAN_POINT('',(-0.0057503416845562,-0.0339332233234473,0.0300569143055341));
#10472=CARTESIAN_POINT('',(-0.00577720448892885,-0.0339286601990292,0.0300830525254744));
#10473=CARTESIAN_POINT('',(-0.00579835836667161,-0.0339250504849097,0.0301102118715445));
#10474=CARTESIAN_POINT('',(-0.00582005633345939,-0.0339213347972538,0.0301576230936247));
#10475=CARTESIAN_POINT('',(-0.00582661050517121,-0.0339202079044695,0.0301837229404179));
#10476=CARTESIAN_POINT('',(-0.00583791370462125,-0.0339182655328936,0.0303261933531494));
#10477=CARTESIAN_POINT('',(-0.00577617289768558,-0.0339289818089445,0.0304201587163772));
#10478=CARTESIAN_POINT('',(-0.00562755646364818,-0.0339538366018093,0.0304972607000039));
#10479=CARTESIAN_POINT('',(-0.00558637299887298,-0.0339606541925997,0.0305072946622891));
#10480=CARTESIAN_POINT('',(-0.0054962245544069,-0.03397531944685,0.0305200513042377));
#10481=CARTESIAN_POINT('',(-0.00547676689694622,-0.033978458153172,0.0305216155029697));
#10482=CARTESIAN_POINT('',(-0.00542432928066962,-0.0339868687284547,0.0305242787442192));
#10483=CARTESIAN_POINT('',(-0.00539713329452176,-0.0339911996667584,0.0305245593109081));
#10484=CARTESIAN_POINT('',(-0.00531261069315412,-0.0340045483863567,0.0305222478491673));
#10485=CARTESIAN_POINT('',(-0.0052476171702753,-0.0340146281987487,0.0305137899672613));
#10486=CARTESIAN_POINT('',(-0.00514820303796948,-0.0340298166751559,0.0304843482868776));
#10487=CARTESIAN_POINT('',(-0.00510581117705159,-0.0340361842453851,0.0304631465058023));
#10488=CARTESIAN_POINT('',(-0.00503568326234763,-0.0340466303742796,0.0304077810618849));
#10489=CARTESIAN_POINT('',(-0.00499788858005771,-0.0340521889068866,0.0303615815551328));
#10490=CARTESIAN_POINT('',(-0.00495061534307005,-0.0340590937538555,0.0302587989487603));
#10491=CARTESIAN_POINT('',(-0.00494352900839542,-0.0340601160839832,0.0302202865681041));
#10492=CARTESIAN_POINT('',(-0.00493374620156928,-0.0340615331043466,0.0301558568245704));
#10493=CARTESIAN_POINT('',(-0.00493186789009072,-0.0340618051740768,0.0301434862310392));
#10494=CARTESIAN_POINT('',(-0.00492998957861215,-0.034062077243807,0.030131115637508));
#10495=CARTESIAN_POINT('',(-0.00492811126713358,-0.0340623493135372,0.0301187450439768));
#10496=CARTESIAN_POINT('',(-0.00614547405428417,-0.0338632380521053,0.0294102027333788));
#10497=CARTESIAN_POINT('',(-0.00613169971901112,-0.0338657378077372,0.0291945814080477));
#10498=CARTESIAN_POINT('',(-0.00603291716080422,-0.0338839753583749,0.0289868637725578));
#10499=CARTESIAN_POINT('',(-0.0057598250061363,-0.0339310873953632,0.0288173200160615));
#10500=CARTESIAN_POINT('',(-0.0056700955100077,-0.033946271314732,0.02878806092404));
#10501=CARTESIAN_POINT('',(-0.0054976096403177,-0.0339744819696086,0.0287603828020257));
#10502=CARTESIAN_POINT('',(-0.00545311902343686,-0.0339816467646898,0.0287565601245992));
#10503=CARTESIAN_POINT('',(-0.00534347610276314,-0.0339990600908779,0.0287522340118023));
#10504=CARTESIAN_POINT('',(-0.00529025956316248,-0.0340073731339997,0.0287534773170726));
#10505=CARTESIAN_POINT('',(-0.00514109251048906,-0.0340303546044582,0.0287676491417511));
#10506=CARTESIAN_POINT('',(-0.00502966593549149,-0.0340469778863322,0.0287976259721196));
#10507=CARTESIAN_POINT('',(-0.00484718436821481,-0.0340734360802601,0.02889253322762));
#10508=CARTESIAN_POINT('',(-0.0047615731026879,-0.0340854219398253,0.0289686410110779));
#10509=CARTESIAN_POINT('',(-0.0046036343695705,-0.0341072366416233,0.0292403851748087));
#10510=CARTESIAN_POINT('',(-0.00460839119129595,-0.0341067387015298,0.0294966256908238));
#10511=CARTESIAN_POINT('',(-0.0048244546552744,-0.0340766146775158,0.0297367097209223));
#10512=CARTESIAN_POINT('',(-0.00490626943368648,-0.0340650375717976,0.0297861787982087));
#10513=CARTESIAN_POINT('',(-0.00503081314933224,-0.0340466864384045,0.0298314231207902));
#10514=CARTESIAN_POINT('',(-0.00503232446178913,-0.0340464613458835,0.0298318381589123));
#10515=CARTESIAN_POINT('',(-0.00504967835176505,-0.0340438917899991,0.0298376066793177));
#10516=CARTESIAN_POINT('',(-0.00505902338949445,-0.0340425047191141,0.0298405997303424));
#10517=CARTESIAN_POINT('',(-0.00508906203564598,-0.0340380316740923,0.0298499052558825));
#10518=CARTESIAN_POINT('',(-0.00511175921666194,-0.0340346341032204,0.029856544102864));
#10519=CARTESIAN_POINT('',(-0.00518785765692966,-0.0340231466515378,0.0298777661336726));
#10520=CARTESIAN_POINT('',(-0.00524926651923763,-0.0340137657902864,0.0298936548073638));
#10521=CARTESIAN_POINT('',(-0.00539338219814847,-0.0339912119626697,0.0299289134610505));
#10522=CARTESIAN_POINT('',(-0.00545512735467414,-0.0339812847924909,0.0299442033208861));
#10523=CARTESIAN_POINT('',(-0.0054794321958654,-0.0339773687883385,0.0299505879822649));
#10524=CARTESIAN_POINT('',(-0.00550313656392843,-0.0339735399848161,0.0299569472093845));
#10525=CARTESIAN_POINT('',(-0.00553023450631255,-0.0339691394863976,0.0299645946625375));
#10526=CARTESIAN_POINT('',(-0.00554329438132731,-0.0339670103539748,0.0299684221381637));
#10527=CARTESIAN_POINT('',(-0.00558100751698637,-0.0339608413744329,0.0299799158121922));
#10528=CARTESIAN_POINT('',(-0.00560419430606822,-0.0339570200715418,0.0299875932577438));
#10529=CARTESIAN_POINT('',(-0.00563604442448916,-0.0339517431331452,0.0299991319203703));
#10530=CARTESIAN_POINT('',(-0.00565687947273475,-0.0339482791404897,0.0300071932371742));
#10531=CARTESIAN_POINT('',(-0.00568472439194794,-0.0339436275397497,0.0300193331211368));
#10532=CARTESIAN_POINT('',(-0.00569744479936425,-0.0339414938081094,0.0300254804986187));
#10533=CARTESIAN_POINT('',(-0.00573200187726293,-0.0339356809711207,0.0300441549375665));
#10534=CARTESIAN_POINT('',(-0.00575023452874252,-0.0339325909884739,0.0300569143055341));
#10535=CARTESIAN_POINT('',(-0.00577709683253523,-0.0339280279490883,0.0300830525254744));
#10536=CARTESIAN_POINT('',(-0.00579825031608212,-0.0339244183022346,0.0301102118715445));
#10537=CARTESIAN_POINT('',(-0.0058199478785351,-0.0339207026838194,0.0301576230936247));
#10538=CARTESIAN_POINT('',(-0.00582650192811198,-0.0339195758120343,0.0301837229404179));
#10539=CARTESIAN_POINT('',(-0.00583780491693045,-0.033917633476654,0.0303261933531494));
#10540=CARTESIAN_POINT('',(-0.00577606526051534,-0.0339283495530104,0.0304201587163772));
#10541=CARTESIAN_POINT('',(-0.00562745159589858,-0.033953203882714,0.0304972607000039));
#10542=CARTESIAN_POINT('',(-0.00558626889856433,-0.0339600213464607,0.0305072946622891));
#10543=CARTESIAN_POINT('',(-0.00549612213398624,-0.0339746863274286,0.0305200513042377));
#10544=CARTESIAN_POINT('',(-0.0054766648391129,-0.0339778249752618,0.0305216155029697));
#10545=CARTESIAN_POINT('',(-0.00542422819999483,-0.033986235393816,0.0305242787442192));
#10546=CARTESIAN_POINT('',(-0.00539703272063564,-0.033990566251414,0.0305245593109081));
#10547=CARTESIAN_POINT('',(-0.00531251169432017,-0.0340039147222631,0.0305222478491673));
#10548=CARTESIAN_POINT('',(-0.00524751938257526,-0.034013994346821,0.0305137899672613));
#10549=CARTESIAN_POINT('',(-0.00514810710282062,-0.0340291825401957,0.0304843482868776));
#10550=CARTESIAN_POINT('',(-0.00510571603186176,-0.0340355499917672,0.0304631465058023));
#10551=CARTESIAN_POINT('',(-0.00503558942396949,-0.0340459959260014,0.0304077810618849));
#10552=CARTESIAN_POINT('',(-0.00499779544597162,-0.0340515543550269,0.0303615815551328));
#10553=CARTESIAN_POINT('',(-0.0049505230899059,-0.0340584590733261,0.0302587989487603));
#10554=CARTESIAN_POINT('',(-0.0049434368872371,-0.0340594813844097,0.0302202865678035));
#10555=CARTESIAN_POINT('',(-0.0049336542627563,-0.0340608983783607,0.0301558568245704));
#10556=CARTESIAN_POINT('',(-0.00493177598628827,-0.0340611704430197,0.0301434862310969));
#10557=CARTESIAN_POINT('',(-0.00492989770982025,-0.0340614425076787,0.0301311156376235));
#10558=CARTESIAN_POINT('',(-0.00492801943335222,-0.0340617145723377,0.03011874504415));
#10559=CARTESIAN_POINT('',(-0.00616826440079804,-0.0339888283101001,0.0294101839314474));
#10560=CARTESIAN_POINT('',(-0.00616070631101871,-0.0339471751460727,0.029410196488187));
#10561=CARTESIAN_POINT('',(-0.00615314822123938,-0.0339055219820452,0.0294102090449266));
#10562=CARTESIAN_POINT('',(-0.00614559013146004,-0.0338638688180178,0.0294102216016662));
#10563=CARTESIAN_POINT('',(-0.0061682659976692,-0.0339888280260146,0.0294102027450588));
#10564=CARTESIAN_POINT('',(-0.00616826602434055,-0.0339888280211743,0.0294102027384186));
#10565=CARTESIAN_POINT('',(-0.00615446414629791,-0.0339913327752468,0.0291949485845571));
#10566=CARTESIAN_POINT('',(-0.00599191324904816,-0.0340213132206398,0.0288776317214051));
#10567=CARTESIAN_POINT('',(-0.0055728643762286,-0.0340920385117536,0.0287562840936015));
#10568=CARTESIAN_POINT('',(-0.00526058332500911,-0.0341415892294298,0.0287428280175316));
#10569=CARTESIAN_POINT('',(-0.00494454986655937,-0.0341887378944534,0.0288216199545618));
#10570=CARTESIAN_POINT('',(-0.00469528218943058,-0.0342235485933923,0.0290444831498994));
#10571=CARTESIAN_POINT('',(-0.00462129816400495,-0.0342334445823504,0.0293754434543151));
#10572=CARTESIAN_POINT('',(-0.00474831906965404,-0.0342163524191502,0.029690661589491));
#10573=CARTESIAN_POINT('',(-0.00504478586147064,-0.0341741511824856,0.0298445181202782));
#10574=CARTESIAN_POINT('',(-0.00535250519883757,-0.0341272565925449,0.0299133922022352));
#10575=CARTESIAN_POINT('',(-0.00560676505067341,-0.0340862462814781,0.0299736736145276));
#10576=CARTESIAN_POINT('',(-0.00580708141552127,-0.0340524638163749,0.0300620376776568));
#10577=CARTESIAN_POINT('',(-0.00586858447808822,-0.0340418384143443,0.0302214043264431));
#10578=CARTESIAN_POINT('',(-0.00582442846358675,-0.0340494781799086,0.0303826421184309));
#10579=CARTESIAN_POINT('',(-0.00565170316967533,-0.0340787632347654,0.0305190602595993));
#10580=CARTESIAN_POINT('',(-0.00538795900709064,-0.0341218373245298,0.030536934146669));
#10581=CARTESIAN_POINT('',(-0.0050532798413125,-0.0341727089472341,0.0304788213868158));
#10582=CARTESIAN_POINT('',(-0.00496800490152016,-0.0341848961736953,0.0302611934414393));
#10583=CARTESIAN_POINT('',(-0.00495195183188656,-0.0341872214292808,0.030155856330968));
#10584=CARTESIAN_POINT('',(-0.0060386309920885,-0.0339476039799094,0.0294205053799933));
#10585=CARTESIAN_POINT('',(-0.00590935684236352,-0.0339058902122805,0.029430789161653));
#10586=CARTESIAN_POINT('',(-0.00591662648558852,-0.0339475946854457,0.0294308017184011));
#10587=CARTESIAN_POINT('',(-0.00592389612881351,-0.033989299158611,0.0294308142751492));
#10588=CARTESIAN_POINT('',(-0.0059311657720385,-0.0340310036317762,0.0294308268318974));
#10589=CARTESIAN_POINT('',(-0.00593116418257704,-0.0340310039146557,0.0294308077676359));
#10590=CARTESIAN_POINT('',(3.30643715532042E-18,4.68711497137172E-33,0.0294205053799932));
#10591=CARTESIAN_POINT('',(-0.00470975568577332,-0.0342220690295539,0.0301764616117304));
#10592=CARTESIAN_POINT('',(-0.00471495914248046,-0.0342213529124251,0.0302430134409277));
#10593=CARTESIAN_POINT('',(-0.00471997329190996,-0.0342206649392033,0.0302815288739034));
#10594=CARTESIAN_POINT('',(-0.00475126456904714,-0.0342163344289314,0.0303848750158201));
#10595=CARTESIAN_POINT('',(-0.00477383213556752,-0.0342132018980474,0.0304341073504115));
#10596=CARTESIAN_POINT('',(-0.00486045167108583,-0.0342010411713432,0.0305664551203377));
#10597=CARTESIAN_POINT('',(-0.0049400294304653,-0.0341897460464084,0.0306325680062047));
#10598=CARTESIAN_POINT('',(-0.00509437397581059,-0.0341669703899826,0.0307021986635275));
#10599=CARTESIAN_POINT('',(-0.0051371692949198,-0.0341605615724541,0.0307160209278264));
#10600=CARTESIAN_POINT('',(-0.00523930341476139,-0.0341450461273398,0.0307401651657688));
#10601=CARTESIAN_POINT('',(-0.00529299885653958,-0.0341367722546423,0.0307479412036624));
#10602=CARTESIAN_POINT('',(-0.00546195120286733,-0.0341102901578161,0.0307583810741103));
#10603=CARTESIAN_POINT('',(-0.00556402645022113,-0.0340937448252296,0.0307491498267978));
#10604=CARTESIAN_POINT('',(-0.00571213979510606,-0.034069132232275,0.030711684108471));
#10605=CARTESIAN_POINT('',(-0.0057733021884641,-0.0340588169018229,0.030690237486402));
#10606=CARTESIAN_POINT('',(-0.00586618125069782,-0.0340429426525556,0.030642848436094));
#10607=CARTESIAN_POINT('',(-0.00590674035743615,-0.0340359143503077,0.030614669293759));
#10608=CARTESIAN_POINT('',(-0.00601080821155965,-0.0340177446642299,0.030516678015211));
#10609=CARTESIAN_POINT('',(-0.00607132829762199,-0.0340069276974107,0.030409366467263));
#10610=CARTESIAN_POINT('',(-0.00610823410717252,-0.034000318157429,0.0302026990412761));
#10611=CARTESIAN_POINT('',(-0.00609329598587562,-0.0340030347460437,0.0300885384657383));
#10612=CARTESIAN_POINT('',(-0.00598871357471165,-0.0340216098624419,0.0299037121427492));
#10613=CARTESIAN_POINT('',(-0.00590593344971747,-0.0340361838711371,0.0298362752984503));
#10614=CARTESIAN_POINT('',(-0.00578237303938219,-0.0340572547009128,0.0297763489714766));
#10615=CARTESIAN_POINT('',(-0.00576643531462487,-0.0340599562643839,0.0297698220038396));
#10616=CARTESIAN_POINT('',(-0.00571854414406043,-0.0340680297323155,0.0297514082524651));
#10617=CARTESIAN_POINT('',(-0.00569218399355306,-0.0340724478087812,0.0297422341976575));
#10618=CARTESIAN_POINT('',(-0.0056058516293508,-0.0340867956671543,0.0297148104958735));
#10619=CARTESIAN_POINT('',(-0.00556763500649454,-0.0340930626500721,0.0297047002926764));
#10620=CARTESIAN_POINT('',(-0.0054479726749378,-0.0341123888662229,0.0296738636782909));
#10621=CARTESIAN_POINT('',(-0.00540584705492683,-0.0341190751710558,0.0296632071855724));
#10622=CARTESIAN_POINT('',(-0.00530383579266711,-0.0341350816432867,0.0296377155212177));
#10623=CARTESIAN_POINT('',(-0.00524602414432334,-0.0341440039388951,0.0296224192470531));
#10624=CARTESIAN_POINT('',(-0.0051802561939394,-0.0341540223810183,0.029603429712466));
#10625=CARTESIAN_POINT('',(-0.00514460864260877,-0.0341594119845918,0.0295919627623232));
#10626=CARTESIAN_POINT('',(-0.00509544113765403,-0.0341667807209193,0.0295730675616975));
#10627=CARTESIAN_POINT('',(-0.00507365935111023,-0.0341700183800463,0.0295632538331461));
#10628=CARTESIAN_POINT('',(-0.00503570458396198,-0.034175632468864,0.0295428941195666));
#10629=CARTESIAN_POINT('',(-0.00500429598575382,-0.0341802462170415,0.0295227721459374));
#10630=CARTESIAN_POINT('',(-0.00496459169052283,-0.0341860357326936,0.0294883753763553));
#10631=CARTESIAN_POINT('',(-0.0049483012177641,-0.0341883940494735,0.0294698120249973));
#10632=CARTESIAN_POINT('',(-0.00491012152736971,-0.0341939055276226,0.0294100270712222));
#10633=CARTESIAN_POINT('',(-0.00489450819141557,-0.0341961343891686,0.0293543316099597));
#10634=CARTESIAN_POINT('',(-0.00490086660509659,-0.0341952237032742,0.0292392772807395));
#10635=CARTESIAN_POINT('',(-0.0049180468087687,-0.0341927718896711,0.0291928011787197));
#10636=CARTESIAN_POINT('',(-0.00498146767441936,-0.0341835898308098,0.0291024558295316));
#10637=CARTESIAN_POINT('',(-0.00501311486709912,-0.0341789783010482,0.0290768321089345));
#10638=CARTESIAN_POINT('',(-0.00510315235675392,-0.0341656510899178,0.029026369981396));
#10639=CARTESIAN_POINT('',(-0.00515706025883201,-0.0341575843680875,0.0290079169956525));
#10640=CARTESIAN_POINT('',(-0.00525122642585727,-0.0341431901933732,0.028990404634076));
#10641=CARTESIAN_POINT('',(-0.00526993519926063,-0.0341403030618359,0.0289882270595853));
#10642=CARTESIAN_POINT('',(-0.00532233192607475,-0.0341321738690506,0.0289836893555005));
#10643=CARTESIAN_POINT('',(-0.00534929643912485,-0.0341279595481501,0.0289825796067978));
#10644=CARTESIAN_POINT('',(-0.00543248562949326,-0.0341148510078953,0.0289827276707096));
#10645=CARTESIAN_POINT('',(-0.00548573643484522,-0.0341063174465626,0.0289878550878952));
#10646=CARTESIAN_POINT('',(-0.00563040564018952,-0.0340828385917372,0.029018308377039));
#10647=CARTESIAN_POINT('',(-0.00574280255406091,-0.0340640122198407,0.029068674388989));
#10648=CARTESIAN_POINT('',(-0.0058463312731737,-0.0340463425866689,0.0291767235499723));
#10649=CARTESIAN_POINT('',(-0.00587591990327514,-0.0340412361564584,0.0292234818240474));
#10650=CARTESIAN_POINT('',(-0.00591466162610528,-0.0340345261700256,0.0293274038367645));
#10651=CARTESIAN_POINT('',(-0.0059207337367933,-0.0340334663787727,0.0293662712198118));
#10652=CARTESIAN_POINT('',(-0.0059312731710736,-0.0340316294915969,0.0294308075211306));
#10653=CARTESIAN_POINT('',(-0.00593329675595658,-0.0340312768069061,0.0294431985736558));
#10654=CARTESIAN_POINT('',(-0.00593532034083956,-0.0340309241222152,0.0294555896261809));
#10655=CARTESIAN_POINT('',(-0.00593734392572254,-0.0340305714375244,0.029467980678706));
#10656=CARTESIAN_POINT('',(-0.00470966911097349,-0.0342214399589664,0.0301764616117304));
#10657=CARTESIAN_POINT('',(-0.00471487247208322,-0.0342207238549941,0.0302430134416032));
#10658=CARTESIAN_POINT('',(-0.00471988652928993,-0.0342200358944258,0.0302815288739034));
#10659=CARTESIAN_POINT('',(-0.00475117723123039,-0.0342157054637575,0.0303848750158201));
#10660=CARTESIAN_POINT('',(-0.00477374438291342,-0.0342125729904557,0.0304341073504115));
#10661=CARTESIAN_POINT('',(-0.00486036232619013,-0.0342004124872901,0.0305664551203377));
#10662=CARTESIAN_POINT('',(-0.00493993862277003,-0.0341891175699825,0.0306325680062047));
#10663=CARTESIAN_POINT('',(-0.00509428033095156,-0.0341663423322191,0.0307021986635275));
#10664=CARTESIAN_POINT('',(-0.00513707486339657,-0.0341599336324976,0.0307160209278264));
#10665=CARTESIAN_POINT('',(-0.00523920710580724,-0.0341444184725885,0.0307401651657688));
#10666=CARTESIAN_POINT('',(-0.00529290156055501,-0.0341361447519814,0.0307479412036624));
#10667=CARTESIAN_POINT('',(-0.00546185080119819,-0.0341096631419495,0.0307583810741103));
#10668=CARTESIAN_POINT('',(-0.00556392417220326,-0.0340931181134996,0.0307491498267978));
#10669=CARTESIAN_POINT('',(-0.00571203479446645,-0.0340685059729741,0.030711684108471));
#10670=CARTESIAN_POINT('',(-0.00577319606353646,-0.0340581908321385,0.030690237486402));
#10671=CARTESIAN_POINT('',(-0.00586607341846586,-0.0340423168746718,0.030642848436094));
#10672=CARTESIAN_POINT('',(-0.00590663177964608,-0.0340352887016183,0.030614669293759));
#10673=CARTESIAN_POINT('',(-0.00601069772079273,-0.034017119349536,0.030516678015211));
#10674=CARTESIAN_POINT('',(-0.00607121669437393,-0.0340063025815544,0.030409366467263));
#10675=CARTESIAN_POINT('',(-0.00610812182552132,-0.0339996931630694,0.0302026990412761));
#10676=CARTESIAN_POINT('',(-0.00609318397881719,-0.0340024097017477,0.0300885384657383));
#10677=CARTESIAN_POINT('',(-0.00598860349008867,-0.0340209844766979,0.0299037121427492));
#10678=CARTESIAN_POINT('',(-0.00590582488675999,-0.0340355582174934,0.0298362752984503));
#10679=CARTESIAN_POINT('',(-0.00578226674771404,-0.0340566286599448,0.0297763489714766));
#10680=CARTESIAN_POINT('',(-0.00576632931592421,-0.0340593301737558,0.0297698220038396));
#10681=CARTESIAN_POINT('',(-0.00571843902569598,-0.0340674034932807,0.0297514082524651));
#10682=CARTESIAN_POINT('',(-0.0056920793597413,-0.0340718214885332,0.0297422341976575));
#10683=CARTESIAN_POINT('',(-0.00560574858250186,-0.0340861690831638,0.0297148104958735));
#10684=CARTESIAN_POINT('',(-0.00556753266214413,-0.0340924359508818,0.0297047002926764));
#10685=CARTESIAN_POINT('',(-0.00544787253022217,-0.0341117618117779,0.0296738636782909));
#10686=CARTESIAN_POINT('',(-0.00540574768456499,-0.034118447993703,0.0296632071855724));
#10687=CARTESIAN_POINT('',(-0.00530373829747781,-0.0341344541717026,0.0296377155212177));
#10688=CARTESIAN_POINT('',(-0.00524592771182864,-0.0341433763033013,0.0296224192470531));
#10689=CARTESIAN_POINT('',(-0.00518016097039215,-0.0341533945612653,0.029603429712466));
#10690=CARTESIAN_POINT('',(-0.00514451407433535,-0.0341587840657671,0.0295919627623232));
#10691=CARTESIAN_POINT('',(-0.00509534747317842,-0.0341661526666423,0.0295730675616975));
#10692=CARTESIAN_POINT('',(-0.00507356608702775,-0.0341693902662546,0.0295632538331461));
#10693=CARTESIAN_POINT('',(-0.0050356120175646,-0.0341750042518741,0.0295428941195666));
#10694=CARTESIAN_POINT('',(-0.00500420399670977,-0.0341796179152416,0.0295227721459374));
#10695=CARTESIAN_POINT('',(-0.00496450043132372,-0.0341854073244707,0.0294883753763553));
#10696=CARTESIAN_POINT('',(-0.00494821025801671,-0.0341877655979,0.0294698120249973));
#10697=CARTESIAN_POINT('',(-0.00491003126944196,-0.034193276974737,0.0294100270712222));
#10698=CARTESIAN_POINT('',(-0.00489441822049239,-0.0341955057953121,0.0293543316099597));
#10699=CARTESIAN_POINT('',(-0.00490077651729296,-0.0341945951261579,0.0292392772807395));
#10700=CARTESIAN_POINT('',(-0.00491795640515831,-0.0341921433576241,0.0291928011787197));
#10701=CARTESIAN_POINT('',(-0.00498137610500566,-0.0341829614675475,0.0291024558295316));
#10702=CARTESIAN_POINT('',(-0.00501302271594625,-0.0341783500225551,0.0290768321089345));
#10703=CARTESIAN_POINT('',(-0.00510305855053057,-0.0341650230564058,0.029026369981396));
#10704=CARTESIAN_POINT('',(-0.00515696546167278,-0.034156956482858,0.0290079169956525));
#10705=CARTESIAN_POINT('',(-0.00525112989773415,-0.0341425625727377,0.028990404634076));
#10706=CARTESIAN_POINT('',(-0.00526983832723256,-0.0341396754942717,0.0289882270595853));
#10707=CARTESIAN_POINT('',(-0.00532223409088926,-0.0341315464509173,0.0289836893555005));
#10708=CARTESIAN_POINT('',(-0.00534919810827728,-0.0341273322074845,0.0289825796067978));
#10709=CARTESIAN_POINT('',(-0.00543238576946073,-0.0341142239081911,0.0289827276707096));
#10710=CARTESIAN_POINT('',(-0.00548563559595559,-0.0341056905037225,0.0289878550878952));
#10711=CARTESIAN_POINT('',(-0.00563030214198838,-0.0340822120804858,0.029018308377039));
#10712=CARTESIAN_POINT('',(-0.00574269698977801,-0.0340633860546559,0.029068674388989));
#10713=CARTESIAN_POINT('',(-0.00584622380582433,-0.0340457167462876,0.0291767235499723));
#10714=CARTESIAN_POINT('',(-0.00587581189202713,-0.0340406104099435,0.0292234818240474));
#10715=CARTESIAN_POINT('',(-0.00591455290270633,-0.0340339005468537,0.0293274038367645));
#10716=CARTESIAN_POINT('',(-0.00592062490233312,-0.034032840774985,0.0293662712232315));
#10717=CARTESIAN_POINT('',(-0.00593116414232098,-0.0340310039216719,0.0294308075211306));
#10718=CARTESIAN_POINT('',(-0.00593318768989957,-0.0340306512434827,0.0294431985729992));
#10719=CARTESIAN_POINT('',(-0.00593521123747815,-0.0340302985652936,0.0294555896248677));
#10720=CARTESIAN_POINT('',(-0.00593723478505673,-0.0340299458871044,0.0294679806767363));
#10721=CARTESIAN_POINT('',(-0.00469235415100668,-0.0340956258414702,0.0301764616117304));
#10722=CARTESIAN_POINT('',(-0.00469753839263634,-0.0340949123687848,0.0302430135767037));
#10723=CARTESIAN_POINT('',(-0.00470253400528519,-0.0340942269389316,0.0302815288739034));
#10724=CARTESIAN_POINT('',(-0.00473370966788027,-0.0340899124289642,0.0303848750158201));
#10725=CARTESIAN_POINT('',(-0.00475619385209389,-0.0340867914721085,0.0304341073504115));
#10726=CARTESIAN_POINT('',(-0.00484249334704973,-0.0340746756766751,0.0305664551203377));
#10727=CARTESIAN_POINT('',(-0.00492177708371573,-0.0340634222847987,0.0306325680062047));
#10728=CARTESIAN_POINT('',(-0.00507555135914659,-0.0340407307795271,0.0307021986635275));
#10729=CARTESIAN_POINT('',(-0.00511818855875173,-0.0340343456412016,0.0307160209278264));
#10730=CARTESIAN_POINT('',(-0.00521994531497706,-0.0340188875223216,0.0307401651657688));
#10731=CARTESIAN_POINT('',(-0.0052734423636412,-0.034010644219805,0.0307479412036624));
#10732=CARTESIAN_POINT('',(-0.00544177046737025,-0.0339842599686335,0.0307583810741103));
#10733=CARTESIAN_POINT('',(-0.00554346856862898,-0.0339677757674941,0.0307491498267978));
#10734=CARTESIAN_POINT('',(-0.00569103466654562,-0.0339432541127793,0.030711684108471));
#10735=CARTESIAN_POINT('',(-0.00575197107800875,-0.0339329768952556,0.030690237486402));
#10736=CARTESIAN_POINT('',(-0.00584450697207444,-0.0339171612979267,0.030642848436094));
#10737=CARTESIAN_POINT('',(-0.00588491622163268,-0.0339101589637447,0.030614669293759));
#10738=CARTESIAN_POINT('',(-0.00598859956740746,-0.0338920564107509,0.030516678015211));
#10739=CARTESIAN_POINT('',(-0.00604889604476226,-0.0338812794102987,0.030409366467263));
#10740=CARTESIAN_POINT('',(-0.00608566549528043,-0.0338746942911464,0.0302026990412761));
#10741=CARTESIAN_POINT('',(-0.00607078256713036,-0.0338774008425501,0.0300885384657383));
#10742=CARTESIAN_POINT('',(-0.00596658656549275,-0.0338959073278865,0.0299037121427492));
#10743=CARTESIAN_POINT('',(-0.00588411229526455,-0.0339104274887526,0.0298362752984503));
#10744=CARTESIAN_POINT('',(-0.00576100841408274,-0.033931420466342,0.0297763489714766));
#10745=CARTESIAN_POINT('',(-0.00574512957579213,-0.033934112048117,0.0297698220038396));
#10746=CARTESIAN_POINT('',(-0.0056974153528074,-0.0339421556863201,0.0297514082524651));
#10747=CARTESIAN_POINT('',(-0.00567115259738931,-0.033946557438943,0.0297422341976575));
#10748=CARTESIAN_POINT('',(-0.00558513921271325,-0.0339608522850639,0.0297148104958735));
#10749=CARTESIAN_POINT('',(-0.00554706379206272,-0.0339670961128271,0.0297047002926764));
#10750=CARTESIAN_POINT('',(-0.00542784358709635,-0.033986350922764,0.0296738636782909));
#10751=CARTESIAN_POINT('',(-0.00538587361219526,-0.0339930125231379,0.0296632071855724));
#10752=CARTESIAN_POINT('',(-0.00528423925961944,-0.0340089598548949,0.0296377155212177));
#10753=CARTESIAN_POINT('',(-0.00522664121288809,-0.0340178491845391,0.0296224192470531));
#10754=CARTESIAN_POINT('',(-0.00516111626094218,-0.0340278306106724,0.029603429712466));
#10755=CARTESIAN_POINT('',(-0.0051256004196503,-0.0340332003008194,0.0295919627623232));
#10756=CARTESIAN_POINT('',(-0.00507661457805644,-0.0340405418112503,0.0295730675616975));
#10757=CARTESIAN_POINT('',(-0.00505491327053133,-0.0340437675079228,0.0295632538331461));
#10758=CARTESIAN_POINT('',(-0.00501709873808826,-0.0340493608538893,0.0295428941195666));
#10759=CARTESIAN_POINT('',(-0.00498580618789834,-0.0340539575552591,0.0295227721459374));
#10760=CARTESIAN_POINT('',(-0.00494624859150268,-0.0340597256798955,0.0294883753763553));
#10761=CARTESIAN_POINT('',(-0.00493001830853871,-0.0340620752832018,0.0294698120249973));
#10762=CARTESIAN_POINT('',(-0.00489197968389254,-0.034067566397624,0.0294100270712222));
#10763=CARTESIAN_POINT('',(-0.00487642403585823,-0.0340697870240058,0.0293543316099597));
#10764=CARTESIAN_POINT('',(-0.00488275895656762,-0.0340688797029,0.0292392772807395));
#10765=CARTESIAN_POINT('',(-0.00489987568308053,-0.0340664369482211,0.0291928011787197));
#10766=CARTESIAN_POINT('',(-0.00496306222226667,-0.0340572888150933,0.0291024558295316));
#10767=CARTESIAN_POINT('',(-0.00499459248537291,-0.0340526943239428,0.0290768321089345));
#10768=CARTESIAN_POINT('',(-0.0050842973058595,-0.0340394163539926,0.029026369981396));
#10769=CARTESIAN_POINT('',(-0.0051380060298284,-0.0340313794369651,0.0290079169956525));
#10770=CARTESIAN_POINT('',(-0.00523182427311013,-0.034017038445632,0.028990404634076));
#10771=CARTESIAN_POINT('',(-0.00525046392161774,-0.0340141619814252,0.0289882270595853));
#10772=CARTESIAN_POINT('',(-0.0053026670537904,-0.0340060628242595,0.0289836893555005));
#10773=CARTESIAN_POINT('',(-0.00532953193876155,-0.0340018640743688,0.0289825796067978));
#10774=CARTESIAN_POINT('',(-0.00541241376295536,-0.0339888039673522,0.0289827276707096));
#10775=CARTESIAN_POINT('',(-0.00546546781802928,-0.0339803019356941,0.0289878550878952));
#10776=CARTESIAN_POINT('',(-0.00560960250176048,-0.0339569098301899,0.029018308377039));
#10777=CARTESIAN_POINT('',(-0.00572158413319794,-0.0339381530176903,0.029068674388989));
#10778=CARTESIAN_POINT('',(-0.00582473033594998,-0.0339205486700145,0.0291767235499723));
#10779=CARTESIAN_POINT('',(-0.00585420964242409,-0.0339154611069658,0.0292234818240474));
#10780=CARTESIAN_POINT('',(-0.00589280822291697,-0.0339087759124903,0.0293274038367645));
#10781=CARTESIAN_POINT('',(-0.00589885801029711,-0.0339077200174468,0.0293662719071697));
#10782=CARTESIAN_POINT('',(-0.00590935839179775,-0.0339058899366657,0.0294308075211306));
#10783=CARTESIAN_POINT('',(-0.005911374478497,-0.0339055385588114,0.0294431984416822));
#10784=CARTESIAN_POINT('',(-0.00591339056519626,-0.033905187180957,0.0294555893622337));
#10785=CARTESIAN_POINT('',(-0.00591540665189552,-0.0339048358031027,0.0294679802827852));
#10786=CARTESIAN_POINT('',(-0.00469226671045885,-0.0340949904801768,0.0301764616117304));
#10787=CARTESIAN_POINT('',(-0.00469745085553513,-0.0340942770207794,0.030243013577386));
#10788=CARTESIAN_POINT('',(-0.00470244637503897,-0.0340935916037064,0.0302815288739034));
#10789=CARTESIAN_POINT('',(-0.00473362145668535,-0.0340892771741385,0.0303848750158201));
#10790=CARTESIAN_POINT('',(-0.00475610522191325,-0.0340861562754409,0.0304341073504115));
#10791=CARTESIAN_POINT('',(-0.00484240310870507,-0.0340740407057815,0.0305664551203377));
#10792=CARTESIAN_POINT('',(-0.0049216853679435,-0.0340627875236085,0.0306325680062047));
#10793=CARTESIAN_POINT('',(-0.00507545677783897,-0.034040096441186,0.0307021986635275));
#10794=CARTESIAN_POINT('',(-0.00511809318291328,-0.0340337114218456,0.0307160209278264));
#10795=CARTESIAN_POINT('',(-0.00521984804293337,-0.0340182535910227,0.0307401651657688));
#10796=CARTESIAN_POINT('',(-0.00527334409469679,-0.0340100104421175,0.0307479412036624));
#10797=CARTESIAN_POINT('',(-0.00544166906168442,-0.0339836266826083,0.0307583810741103));
#10798=CARTESIAN_POINT('',(-0.00554336526783093,-0.0339671427886468,0.0307491498267978));
#10799=CARTESIAN_POINT('',(-0.00569092861589962,-0.0339426215908853,0.030711684108471));
#10800=CARTESIAN_POINT('',(-0.00575186389183184,-0.0339323445648744,0.030690237486402));
#10801=CARTESIAN_POINT('',(-0.00584439806152016,-0.0339165292622642,0.030642848436094));
#10802=CARTESIAN_POINT('',(-0.00588480655806471,-0.0339095270585684,0.030614669293759));
#10803=CARTESIAN_POINT('',(-0.00598848797173286,-0.0338914248429101,0.030516678015211));
#10804=CARTESIAN_POINT('',(-0.00604878332548172,-0.0338806480432838,0.030409366467263));
#10805=CARTESIAN_POINT('',(-0.00608555209081272,-0.0338740630468432,0.0302026990412761));
#10806=CARTESIAN_POINT('',(-0.00607066944000134,-0.0338767695478112,0.0300885384657383));
#10807=CARTESIAN_POINT('',(-0.00596647538002354,-0.033895275688285,0.0299037121427492));
#10808=CARTESIAN_POINT('',(-0.0058840026466775,-0.0339097955785724,0.0298362752984503));
#10809=CARTESIAN_POINT('',(-0.0057609010594979,-0.0339307881649643,0.0297763489714766));
#10810=CARTESIAN_POINT('',(-0.00574502251710446,-0.0339334796965825,0.0297698220038396));
#10811=CARTESIAN_POINT('',(-0.00569730918325931,-0.0339415231848949,0.0297514082524651));
#10812=CARTESIAN_POINT('',(-0.00567104691723943,-0.0339459248554926,0.0297422341976575));
#10813=CARTESIAN_POINT('',(-0.00558503513539582,-0.0339602194352335,0.0297148104958735));
#10814=CARTESIAN_POINT('',(-0.00554696042426881,-0.0339664631466449,0.0297047002926764));
#10815=CARTESIAN_POINT('',(-0.00542774244093356,-0.0339857175977745,0.0296738636782909));
#10816=CARTESIAN_POINT('',(-0.00538577324812979,-0.0339923790740116,0.0296632071855724));
#10817=CARTESIAN_POINT('',(-0.00528414078947826,-0.034008326108595,0.0296377155212177));
#10818=CARTESIAN_POINT('',(-0.00522654381606844,-0.0340172152725893,0.0296224192470531));
#10819=CARTESIAN_POINT('',(-0.00516102008515946,-0.0340271965127219,0.029603429712466));
#10820=CARTESIAN_POINT('',(-0.00512550490569414,-0.0340325661028064,0.0295919627623232));
#10821=CARTESIAN_POINT('',(-0.00507651997693608,-0.0340399074764305,0.0295730675616975));
#10822=CARTESIAN_POINT('',(-0.00505481907380802,-0.0340431331129933,0.0295632538331461));
#10823=CARTESIAN_POINT('',(-0.00501700524602691,-0.0340487263547294,0.0295428941195666));
#10824=CARTESIAN_POINT('',(-0.00498571327896384,-0.0340533229704412,0.0295227721459374));
#10825=CARTESIAN_POINT('',(-0.00494615641971158,-0.0340590909875904,0.0294883753763553));
#10826=CARTESIAN_POINT('',(-0.00492992643919384,-0.0340614405471125,0.0294698120249973));
#10827=CARTESIAN_POINT('',(-0.00489188852338552,-0.0340669315592095,0.0294100270712222));
#10828=CARTESIAN_POINT('',(-0.00487633316522582,-0.0340691521442107,0.0293543316099597));
#10829=CARTESIAN_POINT('',(-0.00488266796788596,-0.0340682448400125,0.0292392772807395));
#10830=CARTESIAN_POINT('',(-0.00489978437543403,-0.0340658021308536,0.0291928011787197));
#10831=CARTESIAN_POINT('',(-0.00496296973715884,-0.0340566541681984,0.0291024558295316));
#10832=CARTESIAN_POINT('',(-0.00499449941270851,-0.0340520597626648,0.0290768321089345));
#10833=CARTESIAN_POINT('',(-0.00508420256157391,-0.0340387820401454,0.029026369981396));
#10834=CARTESIAN_POINT('',(-0.00513791028469758,-0.0340307452728833,0.0290079169956525));
#10835=CARTESIAN_POINT('',(-0.00523172677970578,-0.0340164045487902,0.028990404634076));
#10836=CARTESIAN_POINT('',(-0.00525036608086939,-0.0340135281381853,0.0289882270595853));
#10837=CARTESIAN_POINT('',(-0.00530256824025305,-0.0340054291319449,0.0289836893555005));
#10838=CARTESIAN_POINT('',(-0.00532943262460549,-0.0340012304602966,0.0289825796067978));
#10839=CARTESIAN_POINT('',(-0.00541231290432251,-0.0339881705966509,0.0289827276707096));
#10840=CARTESIAN_POINT('',(-0.00546536597075075,-0.0339796687234255,0.0289878550878952));
#10841=CARTESIAN_POINT('',(-0.00560949796857733,-0.0339562770538259,0.029018308377039));
#10842=CARTESIAN_POINT('',(-0.00572147751327221,-0.0339375205908536,0.029068674388989));
#10843=CARTESIAN_POINT('',(-0.00582462179392712,-0.0339199165712293,0.0291767235499723));
#10844=CARTESIAN_POINT('',(-0.0058541005510636,-0.0339148291029858,0.0292234818240474));
#10845=CARTESIAN_POINT('',(-0.00589269841228404,-0.0339081440330867,0.0293274038367645));
#10846=CARTESIAN_POINT('',(-0.00589874808749232,-0.0339070881576212,0.0293662719106236));
#10847=CARTESIAN_POINT('',(-0.00590924827275761,-0.0339052581110414,0.0294308075211306));
#10848=CARTESIAN_POINT('',(-0.00591126432177942,-0.0339049067397538,0.029443198441019));
#10849=CARTESIAN_POINT('',(-0.00591328037080124,-0.0339045553684662,0.0294555893609074));
#10850=CARTESIAN_POINT('',(-0.00591529641982306,-0.0339042039971786,0.0294679802807958));
#10851=CARTESIAN_POINT('',(-0.00470966911021191,-0.0342214399590712,0.0301764616019897));
#10852=CARTESIAN_POINT('',(-0.00471795217983796,-0.0342203000153049,0.030282403401713));
#10853=CARTESIAN_POINT('',(-0.00477096217273243,-0.0342131012658289,0.0304942763246253));
#10854=CARTESIAN_POINT('',(-0.00503128892567176,-0.0341760922882165,0.0307017542177434));
#10855=CARTESIAN_POINT('',(-0.00534473617556681,-0.034128515746036,0.0307653124443403));
#10856=CARTESIAN_POINT('',(-0.00565823587410069,-0.0340779549396469,0.0307438081590385));
#10857=CARTESIAN_POINT('',(-0.00595892496628762,-0.0340264651296765,0.0306143066628721));
#10858=CARTESIAN_POINT('',(-0.006123090871608,-0.0339969699045244,0.0303196568413163));
#10859=CARTESIAN_POINT('',(-0.00607987213029658,-0.0340048700396029,0.0299800300207767));
#10860=CARTESIAN_POINT('',(-0.00582071621219762,-0.0340505465040374,0.029769256473437));
#10861=CARTESIAN_POINT('',(-0.00551121095270598,-0.0341019585560621,0.0296886683876085));
#10862=CARTESIAN_POINT('',(-0.00521182144710209,-0.0341491766372229,0.029619797900882));
#10863=CARTESIAN_POINT('',(-0.00487877483309213,-0.0341978906508696,0.0294978259584056));
#10864=CARTESIAN_POINT('',(-0.00489777099181874,-0.0341951750538369,0.0291063379407784));
#10865=CARTESIAN_POINT('',(-0.00521997530205432,-0.0341479053427582,0.0289743048655016));
#10866=CARTESIAN_POINT('',(-0.00552992350185517,-0.034099025796598,0.0289759279001553));
#10867=CARTESIAN_POINT('',(-0.00584600770926032,-0.0340460120896672,0.0291063872916675));
#10868=CARTESIAN_POINT('',(-0.00591383691209875,-0.0340340238339711,0.029324705440439));
#10869=CARTESIAN_POINT('',(-0.00593116418257705,-0.0340310039146558,0.0294308077676359));
#10870=CARTESIAN_POINT('',(3.30643715532042E-18,4.68711497137172E-33,0.0329641));
#10871=CARTESIAN_POINT('',(3.30643715532042E-18,4.68711497137172E-33,0.0298995781514858));
#10872=CARTESIAN_POINT('',(-0.00756630994255067,-0.0335750032442777,0.0298995781514858));
#10873=CARTESIAN_POINT('',(-0.00652267873220917,-0.0337932619194476,0.0298995781514858));
#10874=CARTESIAN_POINT('',(-0.00756630994255066,-0.0335750032442777,0.0301957788124452));
#10875=CARTESIAN_POINT('',(-0.00756630994255067,-0.0335750032442777,0.0304919799734046));
#10876=CARTESIAN_POINT('',(3.30643715532042E-18,4.68711497137172E-33,0.0304919799734046));
#10877=CARTESIAN_POINT('',(-0.00645211342294928,-0.0338068058440515,0.0304919799734046));
#10878=CARTESIAN_POINT('',(-0.00645211342294928,-0.0338068058440515,0.0306065965976455));
#10879=CARTESIAN_POINT('',(-0.00645211342294928,-0.0338068058440515,0.0307212137218862));
#10880=CARTESIAN_POINT('',(3.30643715532042E-18,4.68711497137172E-33,0.0307212137218862));
#10881=CARTESIAN_POINT('',(-0.00781643830425605,-0.0335176547693265,0.0307212137218862));
#10882=CARTESIAN_POINT('',(-0.00781643830425605,-0.0335176547693265,0.0297534096910775));
#10883=CARTESIAN_POINT('',(-0.00781643830425605,-0.0335176547693265,0.0287856051602687));
#10884=CARTESIAN_POINT('',(3.30643715532042E-18,4.68711497137172E-33,0.0287856051602687));
#10885=CARTESIAN_POINT('',(-0.00640799580431384,-0.0338151959741755,0.0287856051602687));
#10886=CARTESIAN_POINT('',(-0.00640799580431384,-0.0338151959741755,0.0288995778694857));
#10887=CARTESIAN_POINT('',(-0.00640799580431384,-0.0338151959741755,0.0290135510787027));
#10888=CARTESIAN_POINT('',(3.30643715532042E-18,4.68711497137172E-33,0.0290135510787027));
#10889=CARTESIAN_POINT('',(-0.00756630994255066,-0.0335750032442777,0.0290135510787027));
#10890=CARTESIAN_POINT('',(-0.00756630994255066,-0.0335750032442777,0.0293425914058772));
#10891=CARTESIAN_POINT('',(-0.00756630994255066,-0.0335750032442777,0.0296716322330517));
#10892=CARTESIAN_POINT('',(3.30643715532042E-18,4.68711497137172E-33,0.0296716322330517));
#10893=CARTESIAN_POINT('',(-0.00652267873220917,-0.0337932619194476,0.0296716322330517));
#10894=CARTESIAN_POINT('',(-0.00652267873220917,-0.0337932619194476,0.0297856049422687));
#10895=CARTESIAN_POINT('',(-0.0075942299054383,-0.0336988962451791,0.0293425914058772));
#10896=CARTESIAN_POINT('',(-0.00756630994255066,-0.0335750032442777,0.0298995781514858));
#10897=CARTESIAN_POINT('',(-0.00759422990543829,-0.0336988962451791,0.0298995781514858));
#10898=CARTESIAN_POINT('',(-0.0075942299054383,-0.0336988962451791,0.0329641));
#10899=CARTESIAN_POINT('',(-0.00759422990543829,-0.0336988962451791,0.0304919799734046));
#10900=CARTESIAN_POINT('',(-0.0075942299054383,-0.0336988962451791,0.0304919799734046));
#10901=CARTESIAN_POINT('',(3.30643715532042E-18,4.68711497137172E-33,0.0298995781514858));
#10902=CARTESIAN_POINT('',(-0.00654674765742027,-0.0339179603029142,0.0298995781514858));
#10903=CARTESIAN_POINT('',(-0.00654674765742027,-0.0339179603029142,0.0298995781514858));
#10904=CARTESIAN_POINT('',(3.30643715532042E-18,4.68711497137172E-33,0.0298995781514858));
#10905=CARTESIAN_POINT('',(-0.00654674765742027,-0.0339179603029142,0.0297856049422687));
#10906=CARTESIAN_POINT('',(-0.00652267873220917,-0.0337932619194476,0.0296716322330517));
#10907=CARTESIAN_POINT('',(-0.00654674765742027,-0.0339179603029142,0.0296716322330517));
#10908=CARTESIAN_POINT('',(-0.00654674765742027,-0.0339179603029142,0.0329641));
#10909=CARTESIAN_POINT('',(3.30643715532042E-18,4.68711497137172E-33,0.0296716322330517));
#10910=CARTESIAN_POINT('',(-0.0075942299054383,-0.0336988962451791,0.0296716322330517));
#10911=CARTESIAN_POINT('',(-0.0075942299054383,-0.0336988962451791,0.0296716322330517));
#10912=CARTESIAN_POINT('',(3.30643715532042E-18,4.68711497137172E-33,0.0296716322330517));
#10913=CARTESIAN_POINT('',(-0.0075942299054383,-0.0336988962451791,0.0293425914058772));
#10914=CARTESIAN_POINT('',(-0.00756630994255066,-0.0335750032442777,0.0290135510787027));
#10915=CARTESIAN_POINT('',(-0.0075942299054383,-0.0336988962451791,0.0290135510787027));
#10916=CARTESIAN_POINT('',(-0.0075942299054383,-0.0336988962451791,0.0329641));
#10917=CARTESIAN_POINT('',(3.30643715532042E-18,4.68711497137172E-33,0.0290135510787027));
#10918=CARTESIAN_POINT('',(-0.00643164154528917,-0.0339399752951134,0.0290135510787027));
#10919=CARTESIAN_POINT('',(-0.00643164154528917,-0.0339399752951134,0.0290135510787027));
#10920=CARTESIAN_POINT('',(3.30643715532042E-18,4.68711497137172E-33,0.0290135510787027));
#10921=CARTESIAN_POINT('',(-0.00643164154528917,-0.0339399752951134,0.0288995778694857));
#10922=CARTESIAN_POINT('',(-0.00640799580431384,-0.0338151959741755,0.0287856051602687));
#10923=CARTESIAN_POINT('',(-0.00643164154528917,-0.0339399752951134,0.0287856051602687));
#10924=CARTESIAN_POINT('',(-0.00643164154528917,-0.0339399752951134,0.0329641));
#10925=CARTESIAN_POINT('',(3.30643715532042E-18,4.68711497137172E-33,0.0287856051602687));
#10926=CARTESIAN_POINT('',(-0.00784528125002821,-0.0336413361522392,0.0287856051602687));
#10927=CARTESIAN_POINT('',(-0.00784528125002821,-0.0336413361522392,0.0287856051602687));
#10928=CARTESIAN_POINT('',(3.30643715532042E-18,4.68711497137172E-33,0.0287856051602687));
#10929=CARTESIAN_POINT('',(-0.00784528125002821,-0.0336413361522392,0.0297534096910775));
#10930=CARTESIAN_POINT('',(-0.00781643830425605,-0.0335176547693265,0.0307212137218862));
#10931=CARTESIAN_POINT('',(-0.00784528125002821,-0.0336413361522392,0.0307212137218862));
#10932=CARTESIAN_POINT('',(-0.00784528125002821,-0.0336413361522392,0.0329641));
#10933=CARTESIAN_POINT('',(3.30643715532042E-18,4.68711497137172E-33,0.0307212137218862));
#10934=CARTESIAN_POINT('',(-0.00647592195956532,-0.0339315542050997,0.0307212137218862));
#10935=CARTESIAN_POINT('',(-0.00647592195956532,-0.0339315542050997,0.0307212137218862));
#10936=CARTESIAN_POINT('',(3.30643715532042E-18,4.68711497137172E-33,0.0307212137218862));
#10937=CARTESIAN_POINT('',(-0.00647592195956532,-0.0339315542050997,0.0306065965976455));
#10938=CARTESIAN_POINT('',(-0.00645211342294928,-0.0338068058440515,0.0304919799734046));
#10939=CARTESIAN_POINT('',(-0.00647592195956532,-0.0339315542050997,0.0304919799734046));
#10940=CARTESIAN_POINT('',(-0.00647592195956532,-0.0339315542050997,0.0329641));
#10941=CARTESIAN_POINT('',(3.30643715532042E-18,4.68711497137172E-33,0.0304919799734046));
#10942=CARTESIAN_POINT('',(3.30643715532042E-18,4.68711497137172E-33,0.0304919799734046));
#10943=CARTESIAN_POINT('',(3.30643715532042E-18,4.68711497137172E-33,0.0329641));
#10944=CARTESIAN_POINT('',(-0.00896369513089112,-0.0332292349987242,0.0297534094410775));
#10945=CARTESIAN_POINT('',(-0.00896369513089112,-0.0332292349987242,0.0307212137218862));
#10946=CARTESIAN_POINT('',(-0.00896369513089112,-0.0332292349987242,0.0287856051602687));
#10947=CARTESIAN_POINT('',(3.30643715532042E-18,4.68711497137172E-33,0.0307212137218862));
#10948=CARTESIAN_POINT('',(-0.0091976066190473,-0.0331652517174415,0.0307212137218862));
#10949=CARTESIAN_POINT('',(-0.0091976066190473,-0.0331652517174415,0.0299601064140531));
#10950=CARTESIAN_POINT('',(-0.00919729705197053,-0.033165342932679,0.0291992339403826));
#10951=CARTESIAN_POINT('',(3.30643715532042E-18,4.68711497137172E-33,0.0299601061637196));
#10952=CARTESIAN_POINT('',(-0.0101788358697019,-0.0328773659123974,0.0307212137218862));
#10953=CARTESIAN_POINT('',(3.30643715532042E-18,4.68711497137172E-33,0.0307212137218862));
#10954=CARTESIAN_POINT('',(-0.0104273583887202,-0.0327993915497405,0.0307212137218862));
#10955=CARTESIAN_POINT('',(-0.0104273583887202,-0.0327993915497405,0.0297534096910775));
#10956=CARTESIAN_POINT('',(-0.0104273583887202,-0.0327993915497405,0.0287856051602687));
#10957=CARTESIAN_POINT('',(3.30643715532042E-18,4.68711497137172E-33,0.0287856051602687));
#10958=CARTESIAN_POINT('',(-0.010194768728071,-0.0328724288664702,0.0287856051602687));
#10959=CARTESIAN_POINT('',(-0.010194768728071,-0.0328724288664702,0.0295467124681011));
#10960=CARTESIAN_POINT('',(-0.0101950783125412,-0.0328723382573255,0.0303075853500115));
#10961=CARTESIAN_POINT('',(3.30643715532042E-18,4.68711497137172E-33,0.0295467127184254));
#10962=CARTESIAN_POINT('',(-0.00921490670282607,-0.0331604490840844,0.0287856076395616));
#10963=CARTESIAN_POINT('',(3.30643715532042E-18,4.68711497137172E-33,0.0287856051602687));
#10964=CARTESIAN_POINT('',(3.30643715532042E-18,4.68711497137172E-33,0.0307212137218862));
#10965=CARTESIAN_POINT('',(-0.00899677149668777,-0.0333518521020405,0.0307212137218862));
#10966=CARTESIAN_POINT('',(-0.00899677149668777,-0.0333518521020405,0.0307212137218862));
#10967=CARTESIAN_POINT('',(3.30643715532042E-18,4.68711497137172E-33,0.0307212137218862));
#10968=CARTESIAN_POINT('',(-0.00923154612686666,-0.0332876327200889,0.0307212137218862));
#10969=CARTESIAN_POINT('',(-0.0091976066190473,-0.0331652517174415,0.0307212137218862));
#10970=CARTESIAN_POINT('',(-0.00899677149668777,-0.0333518521020405,0.0297534094410775));
#10971=CARTESIAN_POINT('',(-0.00896369513089112,-0.0332292349987242,0.0287856051602687));
#10972=CARTESIAN_POINT('',(-0.00899677149668777,-0.0333518521020405,0.0287856051602687));
#10973=CARTESIAN_POINT('',(-0.00899677149668777,-0.0333518521020405,0.0329641));
#10974=CARTESIAN_POINT('',(3.30643715532042E-18,4.68711497137172E-33,0.0287856051602687));
#10975=CARTESIAN_POINT('',(0.000490853758211102,-0.000144281327360206,0.0287856051602687));
#10976=CARTESIAN_POINT('',(-0.00924891004859295,-0.0332828123648374,0.0287856076395616));
#10977=CARTESIAN_POINT('',(3.30643715532042E-18,4.68711497137172E-33,0.0287856051602687));
#10978=CARTESIAN_POINT('',(-0.00972381289560105,-0.0330809966284124,0.0295467127184297));
#10979=CARTESIAN_POINT('',(-0.0101954038095994,-0.0328722424512896,0.0303073753637996));
#10980=CARTESIAN_POINT('',(-0.0102075284070925,-0.0329127978687075,0.0303076661783162));
#10981=CARTESIAN_POINT('',(-0.0102196530045855,-0.0329533532861253,0.0303079569928328));
#10982=CARTESIAN_POINT('',(-0.0102317776020786,-0.0329939087035432,0.0303082478073494));
#10983=CARTESIAN_POINT('',(-0.0102320825681148,-0.0329938190641267,0.0303080338345732));
#10984=CARTESIAN_POINT('',(3.30643715532042E-18,4.68711497137172E-33,0.0295467127184254));
#10985=CARTESIAN_POINT('',(-0.0102323878008683,-0.0329937293419923,0.0295467124681011));
#10986=CARTESIAN_POINT('',(-0.010194768728071,-0.0328724288664702,0.0287856051602687));
#10987=CARTESIAN_POINT('',(-0.0102323878008683,-0.0329937293419923,0.0287856051602687));
#10988=CARTESIAN_POINT('',(-0.0102323878008683,-0.0329937293419923,0.0329641));
#10989=CARTESIAN_POINT('',(3.30643715532042E-18,4.68711497137172E-33,0.0287856051602687));
#10990=CARTESIAN_POINT('',(-0.0104658357259479,-0.0329204225148687,0.0287856051602687));
#10991=CARTESIAN_POINT('',(-0.0104658357259479,-0.0329204225148687,0.0287856051602687));
#10992=CARTESIAN_POINT('',(3.30643715532042E-18,4.68711497137172E-33,0.0287856051602687));
#10993=CARTESIAN_POINT('',(-0.0104658357259479,-0.0329204225148687,0.0297534096910775));
#10994=CARTESIAN_POINT('',(-0.0104273583887202,-0.0327993915497405,0.0307212137218862));
#10995=CARTESIAN_POINT('',(-0.0104658357259479,-0.0329204225148687,0.0307212137218862));
#10996=CARTESIAN_POINT('',(-0.0104658357259479,-0.0329204225148687,0.0329641));
#10997=CARTESIAN_POINT('',(3.30643715532042E-18,4.68711497137172E-33,0.0307212137218862));
#10998=CARTESIAN_POINT('',(-0.0101987155667678,-0.0329416679683157,0.0307212137218862));
#10999=CARTESIAN_POINT('',(-0.0102164048075712,-0.0329986819253099,0.0307212112320643));
#11000=CARTESIAN_POINT('',(3.30643715532042E-18,4.68711497137172E-33,0.0307212137218862));
#11001=CARTESIAN_POINT('',(-0.00970717254540555,-0.0330858833387501,0.0299601061637253));
#11002=CARTESIAN_POINT('',(-0.00919697125265339,-0.0331654383899607,0.0291994443100621));
#11003=CARTESIAN_POINT('',(-0.00920869972625893,-0.0332061101232668,0.0291991529923605));
#11004=CARTESIAN_POINT('',(-0.00922042819986447,-0.0332467818565729,0.0291988616746588));
#11005=CARTESIAN_POINT('',(-0.00923215667347001,-0.033287453589879,0.0291985703569571));
#11006=CARTESIAN_POINT('',(-0.00923185153483126,-0.0332875431176386,0.0291987846885765));
#11007=CARTESIAN_POINT('',(3.30643715532042E-18,4.68711497137172E-33,0.0299601061637196));
#11008=CARTESIAN_POINT('',(-0.00923154612686666,-0.0332876327200889,0.0299601064140531));
#11009=CARTESIAN_POINT('',(-0.00923154612686666,-0.0332876327200889,0.0329641));
#11010=CARTESIAN_POINT('',(3.30643715532042E-18,4.68711497137172E-33,0.0329641));
#11011=CARTESIAN_POINT('',(3.30643715532042E-18,4.68711497137172E-33,0.0290135510787027));
#11012=CARTESIAN_POINT('',(-0.0116124279231861,-0.0323987871181748,0.0290135510787027));
#11013=CARTESIAN_POINT('',(-0.01071309073683,-0.0327071792709865,0.0290135510787027));
#11014=CARTESIAN_POINT('',(-0.0116124279231861,-0.0323987871181748,0.0298673821502945));
#11015=CARTESIAN_POINT('',(-0.0116124279231861,-0.0323987871181748,0.0307212137218862));
#11016=CARTESIAN_POINT('',(3.30643715532042E-18,4.68711497137172E-33,0.0307212137218862));
#11017=CARTESIAN_POINT('',(-0.0118524692244132,-0.0323117449588279,0.0307212137218862));
#11018=CARTESIAN_POINT('',(-0.0118524692244132,-0.0323117449588279,0.0297534096910775));
#11019=CARTESIAN_POINT('',(-0.0118524692244132,-0.0323117449588279,0.0287856051602687));
#11020=CARTESIAN_POINT('',(3.30643715532042E-18,4.68711497137172E-33,0.0287856051602687));
#11021=CARTESIAN_POINT('',(-0.0107130907368301,-0.0327071792709865,0.0287856051602687));
#11022=CARTESIAN_POINT('',(-0.01071309073683,-0.0327071792709865,0.0288995778694857));
#11023=CARTESIAN_POINT('',(-0.0116552782107255,-0.032518339838168,0.0298673821502945));
#11024=CARTESIAN_POINT('',(-0.0116124279231861,-0.0323987871181748,0.0290135510787027));
#11025=CARTESIAN_POINT('',(-0.0116552782107255,-0.032518339838168,0.0290135510787027));
#11026=CARTESIAN_POINT('',(-0.0116552782107255,-0.032518339838168,0.0329641));
#11027=CARTESIAN_POINT('',(-0.0116552782107255,-0.032518339838168,0.0307212137218862));
#11028=CARTESIAN_POINT('',(-0.0116552782107255,-0.032518339838168,0.0307212137218862));
#11029=CARTESIAN_POINT('',(3.30643715532042E-18,4.68711497137172E-33,0.0290135510787027));
#11030=CARTESIAN_POINT('',(-0.010752622436966,-0.0328278699694034,0.0290135510787027));
#11031=CARTESIAN_POINT('',(-0.010752622436966,-0.0328278699694034,0.0290135510787027));
#11032=CARTESIAN_POINT('',(3.30643715532042E-18,4.68711497137172E-33,0.0290135510787027));
#11033=CARTESIAN_POINT('',(-0.010752622436966,-0.0328278699694034,0.0288995778694857));
#11034=CARTESIAN_POINT('',(-0.0107130907368301,-0.0327071792709864,0.0287856051602687));
#11035=CARTESIAN_POINT('',(-0.010752622436966,-0.0328278699694034,0.0287856051602687));
#11036=CARTESIAN_POINT('',(-0.010752622436966,-0.0328278699694034,0.0329641));
#11037=CARTESIAN_POINT('',(3.30643715532042E-18,4.68711497137172E-33,0.0287856051602687));
#11038=CARTESIAN_POINT('',(-0.0118962052732118,-0.0324309764900412,0.0287856051602687));
#11039=CARTESIAN_POINT('',(-0.0118962052732118,-0.0324309764900412,0.0287856051602687));
#11040=CARTESIAN_POINT('',(3.30643715532042E-18,4.68711497137172E-33,0.0287856051602687));
#11041=CARTESIAN_POINT('',(-0.0118962052732118,-0.0324309764900412,0.0297534096910775));
#11042=CARTESIAN_POINT('',(-0.0118524692244132,-0.0323117449588279,0.0307212137218862));
#11043=CARTESIAN_POINT('',(-0.0118962052732118,-0.0324309764900412,0.0307212137218862));
#11044=CARTESIAN_POINT('',(-0.0118962052732118,-0.0324309764900412,0.0329641));
#11045=CARTESIAN_POINT('',(3.30643715532042E-18,4.68711497137172E-33,0.0307212137218862));
#11046=CARTESIAN_POINT('',(3.30643715532042E-18,4.68711497137172E-33,0.0307212137218862));
#11047=CARTESIAN_POINT('',(3.30643715532042E-18,4.68711497137172E-33,0.0329641));
#11048=CARTESIAN_POINT('',(-0.0121831081852267,-0.0321885346660431,0.0302485800888624));
#11049=CARTESIAN_POINT('',(-0.0122024972522553,-0.0321811960560793,0.0303723271947439));
#11050=CARTESIAN_POINT('',(-0.0122910785400088,-0.0321478585660326,0.0306228055346532));
#11051=CARTESIAN_POINT('',(-0.0126442839193768,-0.0320110842546095,0.0307616836633968));
#11052=CARTESIAN_POINT('',(-0.0130031986216815,-0.0318666618467451,0.0306934051119416));
#11053=CARTESIAN_POINT('',(-0.0132456317843846,-0.0317662061681532,0.0303961188245397));
#11054=CARTESIAN_POINT('',(-0.0133271982513067,-0.0317319239423782,0.0300252552505222));
#11055=CARTESIAN_POINT('',(-0.0133433718322597,-0.0317251572422652,0.029649216629825));
#11056=CARTESIAN_POINT('',(-0.0133163879096866,-0.0317364150273793,0.0292729867602222));
#11057=CARTESIAN_POINT('',(-0.013121213585187,-0.031818625792389,0.0287948135826956));
#11058=CARTESIAN_POINT('',(-0.0125703725874078,-0.0320410377132476,0.0286698522956059));
#11059=CARTESIAN_POINT('',(-0.0122080362438893,-0.0321792027678862,0.0290302318446084));
#11060=CARTESIAN_POINT('',(-0.0121267883006351,-0.0322097605811576,0.0294080961099409));
#11061=CARTESIAN_POINT('',(-0.0122035850537405,-0.0321809483048506,0.0297890472281347));
#11062=CARTESIAN_POINT('',(-0.01248798024956,-0.0320722543761753,0.0300478172182615));
#11063=CARTESIAN_POINT('',(-0.0128643414923789,-0.0319231174300001,0.0300548758343207));
#11064=CARTESIAN_POINT('',(-0.0130488481118491,-0.0318474982000112,0.0298839512077025));
#11065=CARTESIAN_POINT('',(-0.0131185834124629,-0.0318187469622902,0.0297823856404922));
#11066=CARTESIAN_POINT('',(-0.0121831082247064,-0.0321885346511004,0.0302485800834713));
#11067=CARTESIAN_POINT('',(-0.0131185834204765,-0.0318187469589864,0.0297823856288208));
#11068=CARTESIAN_POINT('',(-0.01311858342793,-0.0318187469559133,0.0297823856456233));
#11069=CARTESIAN_POINT('',(-0.0131161934286781,-0.0318197323311269,0.0299039074363021));
#11070=CARTESIAN_POINT('',(-0.0131054287978157,-0.0318241017375193,0.0301454896423886));
#11071=CARTESIAN_POINT('',(-0.0129543142247585,-0.0318865741859833,0.0304967145592884));
#11072=CARTESIAN_POINT('',(-0.0125622348971802,-0.0320431932108223,0.0305860411766625));
#11073=CARTESIAN_POINT('',(-0.0124306453364227,-0.0320937666953255,0.0303468985371333));
#11074=CARTESIAN_POINT('',(-0.012402425987559,-0.0321046681749418,0.030227975058179));
#11075=CARTESIAN_POINT('',(-0.0124024259585452,-0.0321046681861502,0.0302279749359077));
#11076=CARTESIAN_POINT('',(3.30643715532042E-18,4.68711497137172E-33,0.0302382774458583));
#11077=CARTESIAN_POINT('',(-0.0124153795886491,-0.0320998748761695,0.0297128896491034));
#11078=CARTESIAN_POINT('',(-0.0123582947783956,-0.0321215883128184,0.0293734538032795));
#11079=CARTESIAN_POINT('',(-0.0124388527211622,-0.0320908501875745,0.0290459010591877));
#11080=CARTESIAN_POINT('',(-0.012749566026318,-0.0319690744324738,0.0288943836940447));
#11081=CARTESIAN_POINT('',(-0.0130327990037398,-0.0318541959859814,0.0290826244836577));
#11082=CARTESIAN_POINT('',(-0.0131144514941242,-0.0318203723525368,0.0294123653258583));
#11083=CARTESIAN_POINT('',(-0.013021550341053,-0.0318588628789613,0.0297435608416678));
#11084=CARTESIAN_POINT('',(-0.0127121598717293,-0.0319839983875741,0.0298824204545784));
#11085=CARTESIAN_POINT('',(-0.0124153795886491,-0.0320998748761695,0.0297128896491034));
#11086=CARTESIAN_POINT('',(-0.0123582947783956,-0.0321215883128184,0.0293734538032795));
#11087=CARTESIAN_POINT('',(-0.0124388527211622,-0.0320908501875745,0.0290459010591877));
#11088=CARTESIAN_POINT('',(-0.0123812352372323,-0.0321128463858362,0.0293754343202348));
#11089=CARTESIAN_POINT('',(-0.0131672335257063,-0.0319367463678243,0.0297823856171496));
#11090=CARTESIAN_POINT('',(-0.0131656620236416,-0.0319373942840032,0.0298619949255037));
#11091=CARTESIAN_POINT('',(-0.0131630059318073,-0.0319384892957263,0.0299228818670762));
#11092=CARTESIAN_POINT('',(-0.0131583296616625,-0.0319404159149722,0.0299755875855634));
#11093=CARTESIAN_POINT('',(-0.0131560747816809,-0.0319413448046291,0.0299981340906148));
#11094=CARTESIAN_POINT('',(-0.0131522371920759,-0.0319429251702589,0.0300299141948125));
#11095=CARTESIAN_POINT('',(-0.0131501025651157,-0.0319438040356963,0.030045368392159));
#11096=CARTESIAN_POINT('',(-0.0131430510276118,-0.031946706290509,0.0300904234199408));
#11097=CARTESIAN_POINT('',(-0.0131374864711428,-0.0319489953646616,0.0301187166861188));
#11098=CARTESIAN_POINT('',(-0.0131053432526199,-0.0319622051559759,0.0302514659219597));
#11099=CARTESIAN_POINT('',(-0.0130415078400051,-0.0319884132269459,0.0303835389954395));
#11100=CARTESIAN_POINT('',(-0.0129194959685219,-0.032037795745985,0.0304903144019276));
#11101=CARTESIAN_POINT('',(-0.0128625193121064,-0.032060738224699,0.0305205077560807));
#11102=CARTESIAN_POINT('',(-0.0127521400338369,-0.032104801247234,0.0305383890876469));
#11103=CARTESIAN_POINT('',(-0.0126908767272066,-0.0321290594565519,0.0305317423525322));
#11104=CARTESIAN_POINT('',(-0.0125888202038303,-0.0321691843157925,0.0304897343085594));
#11105=CARTESIAN_POINT('',(-0.0125389842175436,-0.0321886115836452,0.0304482228778597));
#11106=CARTESIAN_POINT('',(-0.0124790483945915,-0.0322118951950366,0.0303480890529833));
#11107=CARTESIAN_POINT('',(-0.0124647622241321,-0.0322174148077288,0.0302965899252525));
#11108=CARTESIAN_POINT('',(-0.0124484202823976,-0.0322237278997328,0.0302279753027217));
#11109=CARTESIAN_POINT('',(-0.0124476358496718,-0.0322240309356908,0.0302246817188712));
#11110=CARTESIAN_POINT('',(-0.012446851416946,-0.0322243339716488,0.0302213881350207));
#11111=CARTESIAN_POINT('',(-0.0124460669842202,-0.0322246370076068,0.0302180945511703));
#11112=CARTESIAN_POINT('',(-0.0131669914854217,-0.0319361593060724,0.0297823856171496));
#11113=CARTESIAN_POINT('',(-0.0131654200122443,-0.0319368072103413,0.0298619949255037));
#11114=CARTESIAN_POINT('',(-0.0131627639692343,-0.0319379022019359,0.0299228818670762));
#11115=CARTESIAN_POINT('',(-0.0131580877850489,-0.0319398287857666,0.0299755875855634));
#11116=CARTESIAN_POINT('',(-0.0131558329465165,-0.0319407576583486,0.0299981340906148));
#11117=CARTESIAN_POINT('',(-0.0131519954274541,-0.0319423379949281,0.0300299141948125));
#11118=CARTESIAN_POINT('',(-0.0131498608397326,-0.0319432168442102,0.030045368392159));
#11119=CARTESIAN_POINT('',(-0.0131428094318502,-0.0319461190456736,0.0300904234199408));
#11120=CARTESIAN_POINT('',(-0.0131372449776689,-0.0319484080777484,0.0301187166861188));
#11121=CARTESIAN_POINT('',(-0.0131051023500031,-0.0319616176262401,0.0302514659219597));
#11122=CARTESIAN_POINT('',(-0.0130412681108119,-0.031987825215453,0.0303835389954395));
#11123=CARTESIAN_POINT('',(-0.0129192584821528,-0.0320372068267419,0.0304903144019276));
#11124=CARTESIAN_POINT('',(-0.012862282873083,-0.0320601488837268,0.0305205077560807));
#11125=CARTESIAN_POINT('',(-0.0127519056238071,-0.0321042110962947,0.0305383890876469));
#11126=CARTESIAN_POINT('',(-0.0126906434433198,-0.0321284688596978,0.0305317423525322));
#11127=CARTESIAN_POINT('',(-0.012588588795948,-0.0321685929813627,0.0304897343085594));
#11128=CARTESIAN_POINT('',(-0.0125387537257471,-0.032188019892103,0.0304482228778597));
#11129=CARTESIAN_POINT('',(-0.0124788190045363,-0.0322113030754948,0.0303480890529833));
#11130=CARTESIAN_POINT('',(-0.0124645330962441,-0.0322168225868959,0.0302965899233927));
#11131=CARTESIAN_POINT('',(-0.0124481914553488,-0.032223135562682,0.0302279753027217));
#11132=CARTESIAN_POINT('',(-0.0124474070370636,-0.0322234385930614,0.0302246817189605));
#11133=CARTESIAN_POINT('',(-0.0124466226187785,-0.0322237416234408,0.0302213881351993));
#11134=CARTESIAN_POINT('',(-0.0124458382004933,-0.0322240446538202,0.0302180945514381));
#11135=CARTESIAN_POINT('',(-0.01311858342849,-0.0318187469556824,0.0297823856171496));
#11136=CARTESIAN_POINT('',(-0.0131170177327875,-0.0318193924779503,0.0298619949255037));
#11137=CARTESIAN_POINT('',(-0.0131143714546415,-0.0318204834438405,0.0299228818670762));
#11138=CARTESIAN_POINT('',(-0.0131097124623097,-0.0318224029446425,0.0299755875855634));
#11139=CARTESIAN_POINT('',(-0.0131074659136249,-0.0318233284022517,0.0299981340906148));
#11140=CARTESIAN_POINT('',(-0.0131036425030885,-0.0318249029287703,0.0300299141948125));
#11141=CARTESIAN_POINT('',(-0.0131015157631159,-0.0318257785469889,0.030045368392159));
#11142=CARTESIAN_POINT('',(-0.0130944902795272,-0.0318286700785939,0.0300904234199408));
#11143=CARTESIAN_POINT('',(-0.013088946282898,-0.0318309506951097,0.0301187166861188));
#11144=CARTESIAN_POINT('',(-0.0130569218266575,-0.0318441116790848,0.0302514659219597));
#11145=CARTESIAN_POINT('',(-0.0129933222721692,-0.0318702229168668,0.0303835389954395));
#11146=CARTESIAN_POINT('',(-0.0128717612083214,-0.0319194229781141,0.0304903144019276));
#11147=CARTESIAN_POINT('',(-0.0128149950684025,-0.0319422806893014,0.0305205077560807));
#11148=CARTESIAN_POINT('',(-0.0127050236178372,-0.0319861809084407,0.0305383890876469));
#11149=CARTESIAN_POINT('',(-0.0126439866659547,-0.0320103494888901,0.0305317423525322));
#11150=CARTESIAN_POINT('',(-0.0125423072194923,-0.0320503260954018,0.0304897343085594));
#11151=CARTESIAN_POINT('',(-0.0124926553664613,-0.0320696815836762,0.0304482228778597));
#11152=CARTESIAN_POINT('',(-0.0124329409934902,-0.032092879167129,0.0303480890529833));
#11153=CARTESIAN_POINT('',(-0.0124187075186559,-0.0320983784203061,0.0302965895514269));
#11154=CARTESIAN_POINT('',(-0.0124024260455865,-0.0321046681525251,0.0302279753027217));
#11155=CARTESIAN_POINT('',(-0.0124016445154289,-0.0321049700671855,0.0302246817368153));
#11156=CARTESIAN_POINT('',(-0.0124008629852712,-0.0321052719818459,0.0302213881709089));
#11157=CARTESIAN_POINT('',(-0.0124000814551136,-0.0321055738965063,0.0302180946050025));
#11158=CARTESIAN_POINT('',(-0.0131183389678025,-0.0318181540233129,0.0297823856171496));
#11159=CARTESIAN_POINT('',(-0.0131167733012762,-0.0318187995335517,0.0298619949255037));
#11160=CARTESIAN_POINT('',(-0.0131141270724428,-0.0318198904791121,0.0299228818670762));
#11161=CARTESIAN_POINT('',(-0.0131094681669299,-0.0318218099441448,0.0299755875855634));
#11162=CARTESIAN_POINT('',(-0.0131072216601088,-0.0318227353845084,0.0299981340906148));
#11163=CARTESIAN_POINT('',(-0.0131033983208204,-0.0318243098816862,0.0300299141948125));
#11164=CARTESIAN_POINT('',(-0.013101271620479,-0.0318251854835879,0.030045368392159));
#11165=CARTESIAN_POINT('',(-0.013094246267808,-0.0318280769613102,0.0300904234199408));
#11166=CARTESIAN_POINT('',(-0.0130887023744894,-0.0318303575353273,0.0301187166861188));
#11167=CARTESIAN_POINT('',(-0.0130566785150146,-0.0318435182740517,0.0302514659219597));
#11168=CARTESIAN_POINT('',(-0.0129930801456841,-0.031869629025259,0.0303835389954395));
#11169=CARTESIAN_POINT('',(-0.0128715213470885,-0.0319188281696785,0.0304903144019276));
#11170=CARTESIAN_POINT('',(-0.0128147562649889,-0.0319416854549195,0.0305205077560807));
#11171=CARTESIAN_POINT('',(-0.012704786863707,-0.0319855848559921,0.0305383890876469));
#11172=CARTESIAN_POINT('',(-0.012643751049229,-0.0320097529860675,0.0305317423525322));
#11173=CARTESIAN_POINT('',(-0.0125420734975312,-0.0320497288476277,0.0304897343085594));
#11174=CARTESIAN_POINT('',(-0.0124924225697469,-0.0320690839752186,0.0304482228778597));
#11175=CARTESIAN_POINT('',(-0.0124327093095345,-0.0320922811263917,0.0303480890529833));
#11176=CARTESIAN_POINT('',(-0.0124184760994891,-0.0320977802772649,0.0302965895495485));
#11177=CARTESIAN_POINT('',(-0.0124021949302672,-0.0321040698921038,0.0302279753027217));
#11178=CARTESIAN_POINT('',(-0.0124014134146946,-0.0321043718011298,0.0302246817369054));
#11179=CARTESIAN_POINT('',(-0.012400631899122,-0.0321046737101559,0.0302213881710892));
#11180=CARTESIAN_POINT('',(-0.0123998503835494,-0.0321049756191819,0.030218094605273));
#11181=CARTESIAN_POINT('',(-0.0131427874376655,-0.0318774531388306,0.0297823856451932));
#11182=CARTESIAN_POINT('',(-0.0131669914757587,-0.0319361593100563,0.0297823856311713));
#11183=CARTESIAN_POINT('',(-0.0131669914854217,-0.0319361593060725,0.0297823856171496));
#11184=CARTESIAN_POINT('',(-0.0131645891956306,-0.031937149748565,0.0299040832900634));
#11185=CARTESIAN_POINT('',(-0.0131538114150786,-0.0319415258202766,0.0301460914015284));
#11186=CARTESIAN_POINT('',(-0.0130013428495562,-0.0320045494780852,0.0304972460501987));
#11187=CARTESIAN_POINT('',(-0.0126088216142296,-0.0321613401395129,0.0305858332749511));
#11188=CARTESIAN_POINT('',(-0.0124765519948143,-0.0322121795394093,0.0303470543883884));
#11189=CARTESIAN_POINT('',(-0.0124481913971072,-0.0322231355851815,0.0302279750581791));
#11190=CARTESIAN_POINT('',(-0.012448191426228,-0.0322231355739317,0.0302279751804503));
#11191=CARTESIAN_POINT('',(-0.0124024275471098,-0.0321046675783469,0.030227993655412));
#11192=CARTESIAN_POINT('',(-0.0124176816566991,-0.032144157107787,0.0302279811027068));
#11193=CARTESIAN_POINT('',(-0.0124329357662883,-0.0321836466372271,0.0302279685500016));
#11194=CARTESIAN_POINT('',(-0.0124481898758775,-0.0322231361666672,0.0302279559972964));
#11195=CARTESIAN_POINT('',(-0.0131342160786273,-0.0319510257641512,0.0295256460247821));
#11196=CARTESIAN_POINT('',(-0.0131340442461137,-0.0319510963993829,0.0293024864222615));
#11197=CARTESIAN_POINT('',(-0.0131075542909818,-0.031962036811315,0.0291967211538333));
#11198=CARTESIAN_POINT('',(-0.0129890182914552,-0.0320103917571018,0.0290176130800862));
#11199=CARTESIAN_POINT('',(-0.0128987588842883,-0.0320470031456481,0.0289582050983271));
#11200=CARTESIAN_POINT('',(-0.0127416638237705,-0.0321096381227621,0.0289475638775677));
#11201=CARTESIAN_POINT('',(-0.0126912752639775,-0.0321295752439015,0.0289566810219969));
#11202=CARTESIAN_POINT('',(-0.0126002141520194,-0.0321653956372811,0.0289976651509552));
#11203=CARTESIAN_POINT('',(-0.0125556699135725,-0.0321827890887489,0.0290351874852718));
#11204=CARTESIAN_POINT('',(-0.0124637398691088,-0.0322185535428644,0.0291503848384881));
#11205=CARTESIAN_POINT('',(-0.0124312856716633,-0.0322310228421363,0.0292467610075159));
#11206=CARTESIAN_POINT('',(-0.0124254261505865,-0.0322332820037178,0.0294397709765942));
#11207=CARTESIAN_POINT('',(-0.0124306757962245,-0.0322312605506999,0.0294977371886452));
#11208=CARTESIAN_POINT('',(-0.0124555725807277,-0.0322216475234301,0.0296009287241303));
#11209=CARTESIAN_POINT('',(-0.0124709945677755,-0.0322156962314942,0.029640035350786));
#11210=CARTESIAN_POINT('',(-0.0125641618037455,-0.032179526982356,0.0297749560784976));
#11211=CARTESIAN_POINT('',(-0.0126533516207044,-0.0321447031896702,0.029826661941486));
#11212=CARTESIAN_POINT('',(-0.0128698602397129,-0.0320586329683509,0.0298353788732899));
#11213=CARTESIAN_POINT('',(-0.0129654149879836,-0.0320199783998487,0.0297899700566154));
#11214=CARTESIAN_POINT('',(-0.0131005518665193,-0.0319649267687264,0.0296350683251944));
#11215=CARTESIAN_POINT('',(-0.0131342160786273,-0.0319510257641512,0.0295256460247821));
#11216=CARTESIAN_POINT('',(-0.0131340442461137,-0.0319510963993829,0.0293024864222615));
#11217=CARTESIAN_POINT('',(-0.0131337332207883,-0.0319498511372712,0.0295256460247821));
#11218=CARTESIAN_POINT('',(-0.0131335613945919,-0.031949921769906,0.0293024864222615));
#11219=CARTESIAN_POINT('',(-0.0131070724133195,-0.0319608617796319,0.0291967211538333));
#11220=CARTESIAN_POINT('',(-0.0129885407715739,-0.0320092149477287,0.0290176130800862));
#11221=CARTESIAN_POINT('',(-0.0128982846826455,-0.0320458249903176,0.0289582050983271));
#11222=CARTESIAN_POINT('',(-0.0127411953974691,-0.0321084576647598,0.0289475638775677));
#11223=CARTESIAN_POINT('',(-0.0126908086901286,-0.0321283940529436,0.0289566810219969));
#11224=CARTESIAN_POINT('',(-0.0125997509258824,-0.0321642131294455,0.0289976651509552));
#11225=CARTESIAN_POINT('',(-0.0125552083250312,-0.0321816059414716,0.0290351874852718));
#11226=CARTESIAN_POINT('',(-0.0124632816602242,-0.0322173690807659,0.0291503848384881));
#11227=CARTESIAN_POINT('',(-0.0124308286559039,-0.0322298379216244,0.0292467610075159));
#11228=CARTESIAN_POINT('',(-0.0124249693502427,-0.0322320970001516,0.0294397709765942));
#11229=CARTESIAN_POINT('',(-0.0124302188028861,-0.0322300756214491,0.0294977371886452));
#11230=CARTESIAN_POINT('',(-0.0124551146721,-0.0322204629475864,0.0296009287241303));
#11231=CARTESIAN_POINT('',(-0.0124705360921838,-0.03221451187444,0.029640035350786));
#11232=CARTESIAN_POINT('',(-0.0125636999030138,-0.0321783439550047,0.0297749560784976));
#11233=CARTESIAN_POINT('',(-0.0126528864410558,-0.0321435214425583,0.029826661941486));
#11234=CARTESIAN_POINT('',(-0.0128693871004812,-0.0320574543854691,0.0298353788732899));
#11235=CARTESIAN_POINT('',(-0.0129649383358389,-0.0320188012380385,0.0297899700566154));
#11236=CARTESIAN_POINT('',(-0.0131000702462897,-0.0319637516307988,0.0296350683251944));
#11237=CARTESIAN_POINT('',(-0.0131337332207883,-0.0319498511372712,0.0295256460247821));
#11238=CARTESIAN_POINT('',(-0.0131335613945919,-0.031949921769906,0.0293024864222615));
#11239=CARTESIAN_POINT('',(-0.0130854474368884,-0.0318323884492665,0.0295256460247821));
#11240=CARTESIAN_POINT('',(-0.0130852762424059,-0.0318324588222225,0.0293024864222615));
#11241=CARTESIAN_POINT('',(-0.0130588846470941,-0.0318433586113245,0.0291967211538333));
#11242=CARTESIAN_POINT('',(-0.0129407887834432,-0.0318915340104209,0.0290176130800862));
#11243=CARTESIAN_POINT('',(-0.0128508645183711,-0.031928009457265,0.0289582050983271));
#11244=CARTESIAN_POINT('',(-0.0126943527673314,-0.0319904118645217,0.0289475638775677));
#11245=CARTESIAN_POINT('',(-0.0126441513052384,-0.0320102749571607,0.0289566810219969));
#11246=CARTESIAN_POINT('',(-0.0125534283121843,-0.0320459623458813,0.0289976651509552));
#11247=CARTESIAN_POINT('',(-0.012509049470895,-0.0320632912137456,0.0290351874852718));
#11248=CARTESIAN_POINT('',(-0.0124174607717675,-0.0320989228709101,0.0291503848384881));
#11249=CARTESIAN_POINT('',(-0.0123851270799631,-0.032111345870442,0.0292467610075159));
#11250=CARTESIAN_POINT('',(-0.0123792893158669,-0.0321135966435334,0.0294397709765942));
#11251=CARTESIAN_POINT('',(-0.012384519469052,-0.0321115826963702,0.0294977371886452));
#11252=CARTESIAN_POINT('',(-0.012409323809335,-0.0321020053632203,0.0296009287241303));
#11253=CARTESIAN_POINT('',(-0.0124246885330214,-0.0320960761690192,0.029640035350786));
#11254=CARTESIAN_POINT('',(-0.012517509829841,-0.032060041219876,0.0297749560784976));
#11255=CARTESIAN_POINT('',(-0.012606368476199,-0.0320253467313725,0.029826661941486));
#11256=CARTESIAN_POINT('',(-0.0128220731773177,-0.0319395960972872,0.0298353788732899));
#11257=CARTESIAN_POINT('',(-0.0129172731213689,-0.0319010850570163,0.0297899700566154));
#11258=CARTESIAN_POINT('',(-0.0130519082233254,-0.0318462378380385,0.0296350683251944));
#11259=CARTESIAN_POINT('',(-0.0130854474368884,-0.0318323884492665,0.0295256460247821));
#11260=CARTESIAN_POINT('',(-0.0130852762424059,-0.0318324588222225,0.0293024864222615));
#11261=CARTESIAN_POINT('',(-0.013084959750471,-0.0318312020761177,0.0295256460247821));
#11262=CARTESIAN_POINT('',(-0.0130847885623688,-0.0318312724464509,0.0293024864222615));
#11263=CARTESIAN_POINT('',(-0.0130583979506552,-0.0318421718293246,0.0291967211538333));
#11264=CARTESIAN_POINT('',(-0.012940306488363,-0.0318903454329541,0.0290176130800862));
#11265=CARTESIAN_POINT('',(-0.0128503855747119,-0.0319268195203811,0.0289582050983271));
#11266=CARTESIAN_POINT('',(-0.012693879656767,-0.0319892196019393,0.0289475638775677));
#11267=CARTESIAN_POINT('',(-0.012643680065651,-0.0320090819542933,0.0289566810219969));
#11268=CARTESIAN_POINT('',(-0.012552960453786,-0.0320447680129673,0.0289976651509552));
#11269=CARTESIAN_POINT('',(-0.0125085832664682,-0.0320620962349956,0.0290351874852718));
#11270=CARTESIAN_POINT('',(-0.0124169979807941,-0.0320977265641906,0.0291503848384881));
#11271=CARTESIAN_POINT('',(-0.0123846654940461,-0.032110149100725,0.0292467610075159));
#11272=CARTESIAN_POINT('',(-0.0123788279475197,-0.0321123997899316,0.0294397709765942));
#11273=CARTESIAN_POINT('',(-0.0123840579057802,-0.0321103859178269,0.0294977371886452));
#11274=CARTESIAN_POINT('',(-0.012408861321621,-0.0321008089416182,0.0296009287241303));
#11275=CARTESIAN_POINT('',(-0.0124242254726739,-0.0320948799683945,0.029640035350786));
#11276=CARTESIAN_POINT('',(-0.0125170433101019,-0.0320588463622512,0.0297749560784976));
#11277=CARTESIAN_POINT('',(-0.012605898644754,-0.0320241531667895,0.029826661941486));
#11278=CARTESIAN_POINT('',(-0.0128215953066937,-0.0319384057285765,0.0298353788732899));
#11279=CARTESIAN_POINT('',(-0.0129167917027027,-0.031899896123588,0.0297899700566154));
#11280=CARTESIAN_POINT('',(-0.0130514217868935,-0.0318450509487317,0.0296350683251944));
#11281=CARTESIAN_POINT('',(-0.013084959750471,-0.0318312020761177,0.0295256460247821));
#11282=CARTESIAN_POINT('',(-0.0130847885623688,-0.0318312724464509,0.0293024864222615));
#11283=CARTESIAN_POINT('',(-0.0122285138660497,-0.032308499315207,0.0302485800943988));
#11284=CARTESIAN_POINT('',(-0.0122399760366247,-0.0323041609734461,0.0303214636289724));
#11285=CARTESIAN_POINT('',(-0.0122501108349276,-0.0323003271282732,0.0303725597613752));
#11286=CARTESIAN_POINT('',(-0.0122984541825399,-0.0322819511922907,0.030487609652894));
#11287=CARTESIAN_POINT('',(-0.0123326444462253,-0.0322689256659081,0.0305408259391254));
#11288=CARTESIAN_POINT('',(-0.0124580087522949,-0.0322208272780931,0.0306704808674246));
#11289=CARTESIAN_POINT('',(-0.0125633042591981,-0.0321800898657754,0.0307175346009862));
#11290=CARTESIAN_POINT('',(-0.0127562026017948,-0.0321038900155617,0.0307319177360963));
#11291=CARTESIAN_POINT('',(-0.0128103088646772,-0.0320823213408708,0.0307283157513136));
#11292=CARTESIAN_POINT('',(-0.0129228512111001,-0.0320371545615882,0.0307061602692789));
#11293=CARTESIAN_POINT('',(-0.0129813081172174,-0.0320135008781072,0.0306849568469822));
#11294=CARTESIAN_POINT('',(-0.0131314306870357,-0.0319523533659054,0.0305972482198613));
#11295=CARTESIAN_POINT('',(-0.0132098000657445,-0.0319199116438587,0.0305072359399266));
#11296=CARTESIAN_POINT('',(-0.0132818550551251,-0.0318899396248611,0.0303547131656622));
#11297=CARTESIAN_POINT('',(-0.013289773396143,-0.03188663853973,0.0303347829811054));
#11298=CARTESIAN_POINT('',(-0.0133095601864497,-0.0318783845564279,0.0302802277066694));
#11299=CARTESIAN_POINT('',(-0.0133186064197507,-0.0318746055882225,0.0302515765573631));
#11300=CARTESIAN_POINT('',(-0.013343206328774,-0.0318643192336654,0.030161502573179));
#11301=CARTESIAN_POINT('',(-0.0133562213809086,-0.0318588628011418,0.0300959592020361));
#11302=CARTESIAN_POINT('',(-0.0133706744192514,-0.031852798499402,0.0299894030727916));
#11303=CARTESIAN_POINT('',(-0.0133730535460584,-0.0318517994351967,0.0299671007370527));
#11304=CARTESIAN_POINT('',(-0.0133785956130677,-0.0318494720180374,0.0299071964612873));
#11305=CARTESIAN_POINT('',(-0.0133808151392983,-0.0318485395089782,0.0298765499127108));
#11306=CARTESIAN_POINT('',(-0.0133858196318165,-0.0318464366178363,0.0297825270349));
#11307=CARTESIAN_POINT('',(-0.0133869505841512,-0.0318459610435606,0.0297170674735844));
#11308=CARTESIAN_POINT('',(-0.0133837282017839,-0.0318473154947795,0.0295123558613119));
#11309=CARTESIAN_POINT('',(-0.0133702910051623,-0.0318529700495806,0.0293817067288694));
#11310=CARTESIAN_POINT('',(-0.0133397178007882,-0.031865775564331,0.0292483195186531));
#11311=CARTESIAN_POINT('',(-0.0133294754239135,-0.0318700623669819,0.029210044444191));
#11312=CARTESIAN_POINT('',(-0.0133100352417076,-0.031878186150039,0.0291508831721589));
#11313=CARTESIAN_POINT('',(-0.0132992870788382,-0.0318826724940531,0.0291232329517855));
#11314=CARTESIAN_POINT('',(-0.0132639544923299,-0.0318973955328695,0.0290460735375931));
#11315=CARTESIAN_POINT('',(-0.0132279002714083,-0.0319123823916047,0.0289878267791249));
#11316=CARTESIAN_POINT('',(-0.0130309598254078,-0.0319937310016871,0.028762899833071));
#11317=CARTESIAN_POINT('',(-0.0127552944368663,-0.0321049952462489,0.0287044031965027));
#11318=CARTESIAN_POINT('',(-0.0124348180799698,-0.0322298638351287,0.028848672476983));
#11319=CARTESIAN_POINT('',(-0.0123460845637924,-0.0322638205032411,0.0289322866914364));
#11320=CARTESIAN_POINT('',(-0.0122243940224306,-0.0323101239289798,0.0291646650368141));
#11321=CARTESIAN_POINT('',(-0.0121992456180711,-0.032319561979079,0.0292779929891063));
#11322=CARTESIAN_POINT('',(-0.0121975754992214,-0.0323201923278676,0.0295427304822713));
#11323=CARTESIAN_POINT('',(-0.01222647651266,-0.0323093313866536,0.0296705607846084));
#11324=CARTESIAN_POINT('',(-0.0123438562646606,-0.0322646685258756,0.0298715287322013));
#11325=CARTESIAN_POINT('',(-0.012444571771973,-0.0322261029747577,0.0299644513030734));
#11326=CARTESIAN_POINT('',(-0.01266026518166,-0.0321419782380849,0.0300492739447959));
#11327=CARTESIAN_POINT('',(-0.0127858297904857,-0.0320922511364857,0.0300508318408839));
#11328=CARTESIAN_POINT('',(-0.0129525079970805,-0.0320251745151354,0.0299903184336327));
#11329=CARTESIAN_POINT('',(-0.0130061462086127,-0.0320034090577992,0.0299600045873906));
#11330=CARTESIAN_POINT('',(-0.0130959364097895,-0.0319667714990329,0.0298840718093157));
#11331=CARTESIAN_POINT('',(-0.0131265586303979,-0.0319542031143895,0.0298417575710432));
#11332=CARTESIAN_POINT('',(-0.0131674755466644,-0.0319373334375444,0.0297823856451932));
#11333=CARTESIAN_POINT('',(-0.012228064304862,-0.0323073115464001,0.0302485800943988));
#11334=CARTESIAN_POINT('',(-0.012239526055342,-0.0323029733636419,0.0303214636372238));
#11335=CARTESIAN_POINT('',(-0.0122496604797629,-0.0322991396599033,0.0303725597613752));
#11336=CARTESIAN_POINT('',(-0.0122980020501116,-0.0322807643994819,0.030487609652894));
#11337=CARTESIAN_POINT('',(-0.0123321910568482,-0.0322677393519614,0.0305408259391254));
#11338=CARTESIAN_POINT('',(-0.0124575507541055,-0.0322196427324044,0.0306704808674246));
#11339=CARTESIAN_POINT('',(-0.0125628423899926,-0.0321789068177306,0.0307175346009862));
#11340=CARTESIAN_POINT('',(-0.0127557336409991,-0.032102709768879,0.0307319177360963));
#11341=CARTESIAN_POINT('',(-0.0128098379147539,-0.032081141887125,0.0307283157513136));
#11342=CARTESIAN_POINT('',(-0.0129223761237426,-0.0320359767683246,0.0307061602692789));
#11343=CARTESIAN_POINT('',(-0.012980830880788,-0.0320123239544324,0.0306849568469822));
#11344=CARTESIAN_POINT('',(-0.0131309479315971,-0.0319511786902182,0.0305972482198613));
#11345=CARTESIAN_POINT('',(-0.0132093144291846,-0.0319187381608381,0.0305072359399266));
#11346=CARTESIAN_POINT('',(-0.0132813667695821,-0.0318887672437124,0.0303547131656622));
#11347=CARTESIAN_POINT('',(-0.0132892848194953,-0.0318854662799403,0.0303347829811054));
#11348=CARTESIAN_POINT('',(-0.0133090708823732,-0.0318772126000823,0.0302802277066694));
#11349=CARTESIAN_POINT('',(-0.0133181167831042,-0.0318734337708045,0.0302515765573631));
#11350=CARTESIAN_POINT('',(-0.0133427157877524,-0.0318631477944082,0.030161502573179));
#11351=CARTESIAN_POINT('',(-0.01335573036141,-0.0318576915624815,0.0300959592020361));
#11352=CARTESIAN_POINT('',(-0.0133701828684107,-0.0318516274836857,0.0299894030727916));
#11353=CARTESIAN_POINT('',(-0.013372561907753,-0.0318506284562094,0.0299671007370527));
#11354=CARTESIAN_POINT('',(-0.0133781037710173,-0.0318483011246137,0.0299071964612873));
#11355=CARTESIAN_POINT('',(-0.0133803232156507,-0.0318473686498367,0.0298765499127108));
#11356=CARTESIAN_POINT('',(-0.013385327524187,-0.031845265836004,0.0297825270349));
#11357=CARTESIAN_POINT('',(-0.013386458434944,-0.0318447902792121,0.0297170674735844));
#11358=CARTESIAN_POINT('',(-0.0133832361710423,-0.0318461446806368,0.0295123558613119));
#11359=CARTESIAN_POINT('',(-0.0133697994684171,-0.0318517990275575,0.0293817067288694));
#11360=CARTESIAN_POINT('',(-0.0133392273880166,-0.0318646040715342,0.0292483195186531));
#11361=CARTESIAN_POINT('',(-0.0133289853876861,-0.0318688907165879,0.029210044444191));
#11362=CARTESIAN_POINT('',(-0.0133095459201664,-0.0318770142009874,0.0291508831721589));
#11363=CARTESIAN_POINT('',(-0.0132987981524356,-0.0318815003800686,0.0291232329517855));
#11364=CARTESIAN_POINT('',(-0.0132634668648716,-0.0318962228776166,0.0290460735375931));
#11365=CARTESIAN_POINT('',(-0.0132274139694242,-0.0319112091853846,0.0289878267791249));
#11366=CARTESIAN_POINT('',(-0.013030480763615,-0.0319925548048193,0.028762899833071));
#11367=CARTESIAN_POINT('',(-0.0127548255094579,-0.0321038149589343,0.0287044031965027));
#11368=CARTESIAN_POINT('',(-0.0124343609343472,-0.0322286789572259,0.028848672476983));
#11369=CARTESIAN_POINT('',(-0.0123456306803115,-0.0322626343769772,0.0289322866914364));
#11370=CARTESIAN_POINT('',(-0.0122239446127022,-0.0323089361004467,0.0291646650368141));
#11371=CARTESIAN_POINT('',(-0.0121987971328824,-0.0323183738035716,0.0292779929891063));
#11372=CARTESIAN_POINT('',(-0.0121971270754319,-0.0323190041291864,0.0295427304822713));
#11373=CARTESIAN_POINT('',(-0.0122260270263722,-0.032308143587257,0.0296705607846084));
#11374=CARTESIAN_POINT('',(-0.0123434024630994,-0.0322634823684356,0.0298715287322013));
#11375=CARTESIAN_POINT('',(-0.0124441142677719,-0.0322249182351167,0.0299644513030734));
#11376=CARTESIAN_POINT('',(-0.0126597997478457,-0.0321407965911514,0.0300492739447959));
#11377=CARTESIAN_POINT('',(-0.0127853597404952,-0.0320910713176872,0.0300508318408839));
#11378=CARTESIAN_POINT('',(-0.01295203181944,-0.0320239971622985,0.0299903184336327));
#11379=CARTESIAN_POINT('',(-0.0130056680590517,-0.0320022325051336,0.0299600045873906));
#11380=CARTESIAN_POINT('',(-0.0130954549592395,-0.0319655962932869,0.0298840718093157));
#11381=CARTESIAN_POINT('',(-0.0131260760482276,-0.0319530283731091,0.0298417575795561));
#11382=CARTESIAN_POINT('',(-0.0131669914660958,-0.0319361593140402,0.0297823856451932));
#11383=CARTESIAN_POINT('',(-0.0121831081860942,-0.0321885346657148,0.0302485800943988));
#11384=CARTESIAN_POINT('',(-0.0121945279270717,-0.0321842123832241,0.0303214644623685));
#11385=CARTESIAN_POINT('',(-0.0122046249632931,-0.0321803928229184,0.0303725597613752));
#11386=CARTESIAN_POINT('',(-0.0122527888072803,-0.0321620851186014,0.030487609652894));
#11387=CARTESIAN_POINT('',(-0.0122868521191392,-0.032149107957285,0.0305408259391254));
#11388=CARTESIAN_POINT('',(-0.0124117509351565,-0.0321011881635353,0.0306704808674246));
#11389=CARTESIAN_POINT('',(-0.0125166554694411,-0.0320606020132537,0.0307175346009862));
#11390=CARTESIAN_POINT('',(-0.0127088375614366,-0.0319846851006111,0.0307319177360963));
#11391=CARTESIAN_POINT('',(-0.0127627429224202,-0.0319631965125399,0.0307283157513136));
#11392=CARTESIAN_POINT('',(-0.0128748673879936,-0.0319181974419705,0.0307061602692789));
#11393=CARTESIAN_POINT('',(-0.0129331072378439,-0.0318946315869528,0.0306849568469822));
#11394=CARTESIAN_POINT('',(-0.0130826723877309,-0.0318337111215042,0.0305972482198613));
#11395=CARTESIAN_POINT('',(-0.0131607507731949,-0.0318013898587761,0.0305072359399266));
#11396=CARTESIAN_POINT('',(-0.0132325382152822,-0.0317715291288458,0.0303547131656622));
#11397=CARTESIAN_POINT('',(-0.0132404271547177,-0.03176824030097,0.0303347829811054));
#11398=CARTESIAN_POINT('',(-0.0132601404747174,-0.0317600169655232,0.0302802277066694));
#11399=CARTESIAN_POINT('',(-0.0132691531184605,-0.031756252029,0.0302515765573631));
#11400=CARTESIAN_POINT('',(-0.0132936616855915,-0.0317460038686935,0.030161502573179));
#11401=CARTESIAN_POINT('',(-0.0133066284115519,-0.0317405676964429,0.0300959592020361));
#11402=CARTESIAN_POINT('',(-0.0133210277843356,-0.0317345259120545,0.0299894030727916));
#11403=CARTESIAN_POINT('',(-0.0133233980772098,-0.0317335305574733,0.0299671007370527));
#11404=CARTESIAN_POINT('',(-0.0133289195659768,-0.0317312117822438,0.0299071964612873));
#11405=CARTESIAN_POINT('',(-0.0133311308508873,-0.0317302827356829,0.0298765499127108));
#11406=CARTESIAN_POINT('',(-0.0133361167612304,-0.0317281876527834,0.0297825270349));
#11407=CARTESIAN_POINT('',(-0.0133372435142273,-0.0317277138443621,0.0297170674735844));
#11408=CARTESIAN_POINT('',(-0.0133340330968841,-0.0317290632663698,0.0295123558613119));
#11409=CARTESIAN_POINT('',(-0.0133206457939009,-0.0317346968252503,0.0293817067288694));
#11410=CARTESIAN_POINT('',(-0.0132901861108548,-0.0317474547918595,0.0292483195186531));
#11411=CARTESIAN_POINT('',(-0.0132799817649372,-0.0317517256771887,0.029210044444191));
#11412=CARTESIAN_POINT('',(-0.0132606137660481,-0.0317598192958368,0.0291508831721589));
#11413=CARTESIAN_POINT('',(-0.0132499055121693,-0.0317642889816124,0.0291232329517855));
#11414=CARTESIAN_POINT('',(-0.0132147041190449,-0.0317789573523313,0.0290460735375931));
#11415=CARTESIAN_POINT('',(-0.0131787837710072,-0.0317938885633795,0.0289878267791249));
#11416=CARTESIAN_POINT('',(-0.012982574584337,-0.0318749351180368,0.028762899833071));
#11417=CARTESIAN_POINT('',(-0.0127079327686143,-0.0319857862274676,0.0287044031965027));
#11418=CARTESIAN_POINT('',(-0.0123886463720886,-0.0321101911669419,0.028848672476983));
#11419=CARTESIAN_POINT('',(-0.0123002423322221,-0.0321440217505913,0.0289322866914364));
#11420=CARTESIAN_POINT('',(-0.0121790036398614,-0.0321901532471363,0.0291646650368141));
#11421=CARTESIAN_POINT('',(-0.0121539486140115,-0.0321995562528231,0.0292779929891063));
#11422=CARTESIAN_POINT('',(-0.0121522846964781,-0.0322001842610644,0.0295427304822713));
#11423=CARTESIAN_POINT('',(-0.0121810783975988,-0.032189363647598,0.0296705607846084));
#11424=CARTESIAN_POINT('',(-0.0122980223069851,-0.032144866624434,0.0298715287322013));
#11425=CARTESIAN_POINT('',(-0.0123983638476698,-0.032106444271017,0.0299644513030734));
#11426=CARTESIAN_POINT('',(-0.0126132563664198,-0.0320226318978016,0.0300492739447959));
#11427=CARTESIAN_POINT('',(-0.0127383547414493,-0.0319730894378428,0.0300508318408839));
#11428=CARTESIAN_POINT('',(-0.012904414055398,-0.0319062618786136,0.0299903184336327));
#11429=CARTESIAN_POINT('',(-0.0129578531029522,-0.0318845772385706,0.0299600045873906));
#11430=CARTESIAN_POINT('',(-0.0130473099042423,-0.0318480757186792,0.0298840718093157));
#11431=CARTESIAN_POINT('',(-0.013077817831194,-0.0318355542450758,0.0298417584308525));
#11432=CARTESIAN_POINT('',(-0.0131185834092352,-0.031818746963621,0.0297823856451932));
#11433=CARTESIAN_POINT('',(-0.0121826541292946,-0.0321873350192199,0.0302485800943988));
#11434=CARTESIAN_POINT('',(-0.0121940734459762,-0.0321830128973219,0.0303214644707024));
#11435=CARTESIAN_POINT('',(-0.0122041701045768,-0.0321791934798648,0.0303725597613752));
#11436=CARTESIAN_POINT('',(-0.0122523321535277,-0.0321608864578645,0.030487609652894));
#11437=CARTESIAN_POINT('',(-0.0122863941958683,-0.0321479097801988,0.0305408259391254));
#11438=CARTESIAN_POINT('',(-0.0124112883569852,-0.0320999917723897,0.0306704808674246));
#11439=CARTESIAN_POINT('',(-0.0125161889815436,-0.0320594071347285,0.0307175346009862));
#11440=CARTESIAN_POINT('',(-0.0127083639110331,-0.0319834930514616,0.0307319177360963));
#11441=CARTESIAN_POINT('',(-0.0127622672629977,-0.0319620052642566,0.0307283157513136));
#11442=CARTESIAN_POINT('',(-0.0128743875497625,-0.0319170078707743,0.0307061602692789));
#11443=CARTESIAN_POINT('',(-0.0129326252290502,-0.0318934428940413,0.0306849568469822));
#11444=CARTESIAN_POINT('',(-0.0130821848047379,-0.0318325246990602,0.0305972482198613));
#11445=CARTESIAN_POINT('',(-0.0131602602802694,-0.0318002046409253,0.0305072359399266));
#11446=CARTESIAN_POINT('',(-0.0132320450468837,-0.0317703450238857,0.0303547131656622));
#11447=CARTESIAN_POINT('',(-0.0132399336923035,-0.0317670563185824,0.0303347829811054));
#11448=CARTESIAN_POINT('',(-0.0132596462776001,-0.0317588332896141,0.0302802277066694));
#11449=CARTESIAN_POINT('',(-0.0132686585854476,-0.0317550684934078,0.0302515765573631));
#11450=CARTESIAN_POINT('',(-0.0132931662391597,-0.0317448207150438,0.030161502573179));
#11451=CARTESIAN_POINT('',(-0.0133061324818584,-0.0317393847453959,0.0300959592020361));
#11452=CARTESIAN_POINT('',(-0.0133205313179865,-0.031733343186181,0.0299894030727916));
#11453=CARTESIAN_POINT('',(-0.0133229015225213,-0.0317323478686961,0.0299671007370527));
#11454=CARTESIAN_POINT('',(-0.0133284228055059,-0.0317300291798859,0.0299071964612873));
#11455=CARTESIAN_POINT('',(-0.0133306340080031,-0.0317291001679499,0.0298765499127108));
#11456=CARTESIAN_POINT('',(-0.0133356197325245,-0.0317270051631329,0.0297825270349));
#11457=CARTESIAN_POINT('',(-0.013336746443528,-0.0317265313723701,0.0297170674735844));
#11458=CARTESIAN_POINT('',(-0.0133335361458351,-0.0317278807440857,0.0295123558613119));
#11459=CARTESIAN_POINT('',(-0.0133201493417882,-0.031733514093007,0.0293817067288694));
#11460=CARTESIAN_POINT('',(-0.0132896907939555,-0.0317462715841348,0.0292483195186531));
#11461=CARTESIAN_POINT('',(-0.0132794868283474,-0.0317505423102908,0.029210044444191));
#11462=CARTESIAN_POINT('',(-0.0132601195512915,-0.0317586356272947,0.0291508831721589));
#11463=CARTESIAN_POINT('',(-0.0132494116965026,-0.031763105146488,0.0291232329517855));
#11464=CARTESIAN_POINT('',(-0.013214211615312,-0.0317777729705259,0.0290460735375931));
#11465=CARTESIAN_POINT('',(-0.0131782926060031,-0.0317927036250973,0.0289878267791249));
#11466=CARTESIAN_POINT('',(-0.0129820907319263,-0.0318737471592003,0.028762899833071));
#11467=CARTESIAN_POINT('',(-0.0127074591519318,-0.0319845941372798,0.0287044031965027));
#11468=CARTESIAN_POINT('',(-0.0123881846550097,-0.0321089944402601,0.028848672476983));
#11469=CARTESIAN_POINT('',(-0.0122997839099064,-0.0321428237630648,0.0289322866914364));
#11470=CARTESIAN_POINT('',(-0.0121785497360357,-0.0321889535403178,0.0291646650368141));
#11471=CARTESIAN_POINT('',(-0.0121534956439709,-0.0321983561955606,0.0292779929891063));
#11472=CARTESIAN_POINT('',(-0.0121518317884507,-0.0321989841803963,0.0295427304822713));
#11473=CARTESIAN_POINT('',(-0.0121806244164482,-0.0321881639702075,0.0296705607846084));
#11474=CARTESIAN_POINT('',(-0.0122975639674083,-0.0321436686054196,0.0298715287322013));
#11475=CARTESIAN_POINT('',(-0.0123979017684268,-0.0321052476839796,0.0299644513030734));
#11476=CARTESIAN_POINT('',(-0.0126127862782674,-0.0320214384343987,0.0300492739447959));
#11477=CARTESIAN_POINT('',(-0.0127378799909589,-0.0319718978208564,0.0300508318408839));
#11478=CARTESIAN_POINT('',(-0.0129039331159812,-0.0319050727522484,0.0299903184336327));
#11479=CARTESIAN_POINT('',(-0.0129573701718956,-0.0318833889203783,0.0299600045873906));
#11480=CARTESIAN_POINT('',(-0.0130468236391869,-0.0318468887608756,0.0298840718093157));
#11481=CARTESIAN_POINT('',(-0.013077330423202,-0.0318343677563827,0.0298417584394506));
#11482=CARTESIAN_POINT('',(-0.0131180944878609,-0.0318175610988817,0.0297823856451932));
#11483=CARTESIAN_POINT('',(-0.0122280659221155,-0.0323073109282731,0.0302485988872894));
#11484=CARTESIAN_POINT('',(-0.0122130795220997,-0.0322677190274684,0.0302485863345975));
#11485=CARTESIAN_POINT('',(-0.012198093122084,-0.0322281271266638,0.0302485737819056));
#11486=CARTESIAN_POINT('',(-0.0121831067220682,-0.0321885352258591,0.0302485612292137));
#11487=CARTESIAN_POINT('',(-0.0122280643436207,-0.0323073115317302,0.0302485800834968));
#11488=CARTESIAN_POINT('',(-0.0122280643039993,-0.0323073115467266,0.0302485800889134));
#11489=CARTESIAN_POINT('',(-0.0122475557144196,-0.0322999342005909,0.0303725230283929));
#11490=CARTESIAN_POINT('',(-0.0123368587372085,-0.032266322945519,0.0306232159848707));
#11491=CARTESIAN_POINT('',(-0.0126908579851303,-0.0321292350996885,0.0307614609181594));
#11492=CARTESIAN_POINT('',(-0.0130502479702673,-0.0319846311807746,0.0306938232255469));
#11493=CARTESIAN_POINT('',(-0.0132941940656204,-0.0318835575217197,0.0303970880847243));
#11494=CARTESIAN_POINT('',(-0.0133763847489456,-0.0318490121450308,0.0300255907812894));
#11495=CARTESIAN_POINT('',(-0.0133926120910216,-0.0318422227795135,0.0296489514971495));
#11496=CARTESIAN_POINT('',(-0.0133654795023417,-0.0318535444688321,0.0292720002061983));
#11497=CARTESIAN_POINT('',(-0.0131682896229612,-0.0319365917413809,0.0287937586520981));
#11498=CARTESIAN_POINT('',(-0.0126167485272098,-0.0321592684826596,0.0286702033089375));
#11499=CARTESIAN_POINT('',(-0.0122531380875352,-0.0322979259588367,0.0290300150681378));
#11500=CARTESIAN_POINT('',(-0.012171384467529,-0.0323286726067257,0.0294086218711366));
#11501=CARTESIAN_POINT('',(-0.0122491484548615,-0.0322994978664733,0.0297901525516997));
#11502=CARTESIAN_POINT('',(-0.0125350806198602,-0.0321902035558237,0.0300480478108759));
#11503=CARTESIAN_POINT('',(-0.0129117978179961,-0.032040916855814,0.0300546851801426));
#11504=CARTESIAN_POINT('',(-0.0130969457126343,-0.0319650385487214,0.02988402830448));
#11505=CARTESIAN_POINT('',(-0.0131669914854216,-0.0319361593060723,0.0297823856171496));
#11506=CARTESIAN_POINT('',(-0.0123155191321616,-0.0322060998685334,0.0302382774458583));
#11507=CARTESIAN_POINT('',(3.30643715532042E-18,4.68711497137172E-33,0.0302382774458583));
#11508=CARTESIAN_POINT('',(3.30643715532042E-18,4.68711497137172E-33,0.0329641));
#11509=CARTESIAN_POINT('',(-0.0140990586001735,-0.0313965991086435,0.0295428492282868));
#11510=CARTESIAN_POINT('',(-0.0140990586001735,-0.0313965991086435,0.0303000932963048));
#11511=CARTESIAN_POINT('',(-0.0140990586001735,-0.0313965991086435,0.0287856051602687));
#11512=CARTESIAN_POINT('',(3.30643715532042E-18,4.68711497137172E-33,0.0287856051602687));
#11513=CARTESIAN_POINT('',(-0.0138833580025728,-0.031492574673602,0.0287856051602687));
#11514=CARTESIAN_POINT('',(-0.0138833580025728,-0.031492574673602,0.0297572724312204));
#11515=CARTESIAN_POINT('',(-0.0138833580025728,-0.031492574673602,0.0307289407021722));
#11516=CARTESIAN_POINT('',(3.30643715532042E-18,4.68711497137172E-33,0.0307289407021722));
#11517=CARTESIAN_POINT('',(-0.0140229352834247,-0.0314306725196404,0.0307289407021722));
#11518=CARTESIAN_POINT('',(-0.0140229352834247,-0.0314306725196404,0.0307289407021722));
#11519=CARTESIAN_POINT('',(-0.0141286457800805,-0.0313835093082119,0.0305041324185733));
#11520=CARTESIAN_POINT('',(-0.0143258268187772,-0.0312946046309971,0.0303515146256643));
#11521=CARTESIAN_POINT('',(-0.0145319488054211,-0.0311985953676863,0.0302434287742082));
#11522=CARTESIAN_POINT('',(-0.0145319488054211,-0.0311985953676863,0.0302434287742082));
#11523=CARTESIAN_POINT('',(-0.0145319488054211,-0.0311985953676863,0.0301281682349974));
#11524=CARTESIAN_POINT('',(-0.0145319488054211,-0.0311985953676863,0.0300129071956789));
#11525=CARTESIAN_POINT('',(-0.0145319488054211,-0.0311985953676863,0.0300129071956789));
#11526=CARTESIAN_POINT('',(-0.0143743065796324,-0.0312720233130068,0.0300806088939458));
#11527=CARTESIAN_POINT('',(-0.0142233681360177,-0.0313407762653998,0.0301723831372851));
#11528=CARTESIAN_POINT('',(-0.0140990586001735,-0.0313965991086435,0.0303000932963048));
#11529=CARTESIAN_POINT('',(3.30643715532042E-18,4.68711497137172E-33,0.0287856051602687));
#11530=CARTESIAN_POINT('',(-0.0141510846466686,-0.0315124537179005,0.0287856051602687));
#11531=CARTESIAN_POINT('',(-0.0141510846466686,-0.0315124537179005,0.0287856051602687));
#11532=CARTESIAN_POINT('',(3.30643715532042E-18,4.68711497137172E-33,0.0287856051602687));
#11533=CARTESIAN_POINT('',(-0.0139345881059033,-0.0316087834362352,0.0287856051602687));
#11534=CARTESIAN_POINT('',(-0.0138833580025728,-0.031492574673602,0.0287856051602687));
#11535=CARTESIAN_POINT('',(-0.0141510846466686,-0.0315124537179005,0.0295428492282868));
#11536=CARTESIAN_POINT('',(-0.0141510846466686,-0.0315124537179005,0.0303000932963048));
#11537=CARTESIAN_POINT('',(-0.0141510846466686,-0.0315124537179005,0.0303000932963048));
#11538=CARTESIAN_POINT('',(-0.0141510846466686,-0.0315124537179005,0.0329641));
#11539=CARTESIAN_POINT('',(-0.0145861084670207,-0.0313148705755142,0.0300129071956789));
#11540=CARTESIAN_POINT('',(-0.0144325406241504,-0.0313864007198829,0.0300786142062739));
#11541=CARTESIAN_POINT('',(-0.0142722244092629,-0.0314594464791819,0.0301766342397294));
#11542=CARTESIAN_POINT('',(-0.0141516049228904,-0.0315136122569172,0.030300093280177));
#11543=CARTESIAN_POINT('',(-0.0141503987280267,-0.0315141539146946,0.0303013278705816));
#11544=CARTESIAN_POINT('',(-0.0141491925331629,-0.0315146955724719,0.030302562460986));
#11545=CARTESIAN_POINT('',(-0.0141479863382992,-0.0315152372302493,0.0303037970513905));
#11546=CARTESIAN_POINT('',(-0.0145855722327474,-0.0313137193358328,0.0300129071956789));
#11547=CARTESIAN_POINT('',(-0.0144320100276726,-0.0313852468541808,0.0300786142096555));
#11548=CARTESIAN_POINT('',(-0.0142716996339909,-0.0314582899605232,0.0301766343223623));
#11549=CARTESIAN_POINT('',(-0.0141510846624249,-0.0315124537108249,0.030300093280177));
#11550=CARTESIAN_POINT('',(-0.0141498785127092,-0.031512995348328,0.0303013278697552));
#11551=CARTESIAN_POINT('',(-0.0141486723629935,-0.031513536985831,0.0303025624593334));
#11552=CARTESIAN_POINT('',(-0.0141474662132779,-0.031514078623334,0.0303037970489115));
#11553=CARTESIAN_POINT('',(-0.0145319488054211,-0.0311985953676863,0.0300129071956789));
#11554=CARTESIAN_POINT('',(-0.0143789503798947,-0.0312698602839704,0.0300786145478079));
#11555=CARTESIAN_POINT('',(-0.0142192221067948,-0.031342638094654,0.0301766425856416));
#11556=CARTESIAN_POINT('',(-0.0140990586158718,-0.031396599101594,0.030300093280177));
#11557=CARTESIAN_POINT('',(-0.0140978569809626,-0.0313971387116634,0.0303013277871224));
#11558=CARTESIAN_POINT('',(-0.0140966553460534,-0.0313976783217328,0.0303025622940678));
#11559=CARTESIAN_POINT('',(-0.0140954537111441,-0.0313982179318022,0.0303037968010132));
#11560=CARTESIAN_POINT('',(-0.0145855722327474,-0.0313137193358328,0.0300129071956789));
#11561=CARTESIAN_POINT('',(-0.0145855722327474,-0.0313137193358328,0.0300129071956789));
#11562=CARTESIAN_POINT('',(-0.0145855722327474,-0.0313137193358328,0.0300129071956789));
#11563=CARTESIAN_POINT('',(-0.0144274314353453,-0.0313873795101071,0.03008057332212));
#11564=CARTESIAN_POINT('',(-0.0142759420471079,-0.0314563848488052,0.0301722918772166));
#11565=CARTESIAN_POINT('',(-0.0141510846466686,-0.0315124537179005,0.0303000932963048));
#11566=CARTESIAN_POINT('',(-0.0145855722327474,-0.0313137193358328,0.0301281682349974));
#11567=CARTESIAN_POINT('',(-0.0145855722327474,-0.0313137193358328,0.0302434287742082));
#11568=CARTESIAN_POINT('',(-0.0145855722327474,-0.0313137193358329,0.0302434287742083));
#11569=CARTESIAN_POINT('',(-0.0145855722327474,-0.0313137193358328,0.0329641));
#11570=CARTESIAN_POINT('',(-0.0140746804320721,-0.0315466528610413,0.0307289407021722));
#11571=CARTESIAN_POINT('',(-0.0141290940564076,-0.0315223759788933,0.0306136478886904));
#11572=CARTESIAN_POINT('',(-0.0142033236048934,-0.0314891070340717,0.0305277510500264));
#11573=CARTESIAN_POINT('',(-0.0143883480834956,-0.0314049948679618,0.030358644754324));
#11574=CARTESIAN_POINT('',(-0.0144727528424341,-0.0313662693171005,0.0303023712893382));
#11575=CARTESIAN_POINT('',(-0.0145855722170906,-0.0313137193431256,0.0302434287823882));
#11576=CARTESIAN_POINT('',(-0.0145878286045837,-0.0313126683436461,0.0302422499322492));
#11577=CARTESIAN_POINT('',(-0.0145900849920768,-0.0313116173441666,0.0302410710821101));
#11578=CARTESIAN_POINT('',(-0.0145923413795699,-0.0313105663446871,0.0302398922319712));
#11579=CARTESIAN_POINT('',(-0.0140229352834247,-0.0314306725196404,0.0307289407021722));
#11580=CARTESIAN_POINT('',(-0.0140771479762536,-0.0314064852839838,0.0306136497631482));
#11581=CARTESIAN_POINT('',(-0.0141511055034048,-0.0313733382582111,0.0305277510500264));
#11582=CARTESIAN_POINT('',(-0.0143354497449534,-0.0312895353280061,0.030358644754324));
#11583=CARTESIAN_POINT('',(-0.0144195428062118,-0.0312509527961073,0.0303023720161611));
#11584=CARTESIAN_POINT('',(-0.0145319487898218,-0.0311985953749523,0.0302434287823882));
#11585=CARTESIAN_POINT('',(-0.014534196909494,-0.0311975482265292,0.0302422499177127));
#11586=CARTESIAN_POINT('',(-0.0145364450291662,-0.0311965010781061,0.0302410710530373));
#11587=CARTESIAN_POINT('',(-0.0145386931488384,-0.031195453929683,0.0302398921883618));
#11588=CARTESIAN_POINT('',(-0.0140224178319383,-0.0314295127162264,0.0307289407021722));
#11589=CARTESIAN_POINT('',(-0.0140766285154521,-0.0314053263770347,0.0306136497818928));
#11590=CARTESIAN_POINT('',(-0.0141505833223899,-0.0313721805704525,0.0305277510500264));
#11591=CARTESIAN_POINT('',(-0.014334920761568,-0.0312883807326065,0.030358644754324));
#11592=CARTESIAN_POINT('',(-0.0144190107058496,-0.0312497996308974,0.0303023720234293));
#11593=CARTESIAN_POINT('',(-0.0145314125555491,-0.0311974441352706,0.0302434287823882));
#11594=CARTESIAN_POINT('',(-0.0145336605925431,-0.031196397025358,0.0302422499175674));
#11595=CARTESIAN_POINT('',(-0.0145359086295371,-0.0311953499154455,0.0302410710527465));
#11596=CARTESIAN_POINT('',(-0.0145381566665311,-0.031194302805533,0.0302398921879257));
#11597=CARTESIAN_POINT('',(-0.0140229352834247,-0.0314306725196404,0.0307289407021722));
#11598=CARTESIAN_POINT('',(-0.0140746804320721,-0.0315466528610414,0.0307289407021722));
#11599=CARTESIAN_POINT('',(-0.0140746804320721,-0.0315466528610413,0.0307289407021722));
#11600=CARTESIAN_POINT('',(-0.0141809221088835,-0.0314992526612079,0.0305038334431319));
#11601=CARTESIAN_POINT('',(-0.0143788818024481,-0.0314099933736953,0.0303514142347238));
#11602=CARTESIAN_POINT('',(-0.0145855722327474,-0.0313137193358329,0.0302434287742083));
#11603=CARTESIAN_POINT('',(3.30643715532042E-18,4.68711497137172E-33,0.0307289407021722));
#11604=CARTESIAN_POINT('',(-0.0139345881059033,-0.0316087834362352,0.0307289407021722));
#11605=CARTESIAN_POINT('',(-0.0139345881059033,-0.0316087834362352,0.0307289407021722));
#11606=CARTESIAN_POINT('',(3.30643715532042E-18,4.68711497137172E-33,0.0307289407021722));
#11607=CARTESIAN_POINT('',(-0.0139345881059033,-0.0316087834362352,0.0297572724312204));
#11608=CARTESIAN_POINT('',(-0.0139345881059033,-0.0316087834362352,0.0329641));
#11609=CARTESIAN_POINT('',(3.30643715532042E-18,4.68711497137172E-33,0.0329641));
#11610=CARTESIAN_POINT('',(-0.0156218433908759,-0.0306673751415237,0.029703827984243));
#11611=CARTESIAN_POINT('',(-0.0155502896770226,-0.0307038243291928,0.0297225583363106));
#11612=CARTESIAN_POINT('',(-0.015401099775711,-0.0307792134284945,0.0297520530793811));
#11613=CARTESIAN_POINT('',(-0.0151218788357798,-0.03091728958406,0.0295792306360366));
#11614=CARTESIAN_POINT('',(-0.0150985100293121,-0.0309288442788063,0.0290805542485916));
#11615=CARTESIAN_POINT('',(-0.0155087871423415,-0.0307256436018402,0.0288783786876239));
#11616=CARTESIAN_POINT('',(-0.0157710339548009,-0.0305910076975778,0.0290793473294215));
#11617=CARTESIAN_POINT('',(-0.015809756586123,-0.0305709310672624,0.0292455197556259));
#11618=CARTESIAN_POINT('',(-0.0158261457820914,-0.0305624442524479,0.0293264935378151));
#11619=CARTESIAN_POINT('',(-0.0156218433908759,-0.0306673751415237,0.029703827984243));
#11620=CARTESIAN_POINT('',(-0.0158261458066292,-0.0305624442397416,0.0293264936590483));
#11621=CARTESIAN_POINT('',(3.30643715532042E-18,4.68711497137172E-33,0.0293103959212524));
#11622=CARTESIAN_POINT('',(-0.0160354203136162,-0.0304531637825311,0.0292942980525289));
#11623=CARTESIAN_POINT('',(-0.0160354203758728,-0.0304531637497493,0.0292942980428353));
#11624=CARTESIAN_POINT('',(-0.0160225207364938,-0.0304599561849077,0.0291895455029895));
#11625=CARTESIAN_POINT('',(-0.0159674266222933,-0.0304890129474888,0.0289819008861711));
#11626=CARTESIAN_POINT('',(-0.0156574000431389,-0.0306505342845632,0.0287102827095237));
#11627=CARTESIAN_POINT('',(-0.0151239059894918,-0.030917900980749,0.0287479257534716));
#11628=CARTESIAN_POINT('',(-0.0148535595556153,-0.0310466173199609,0.0292582630063614));
#11629=CARTESIAN_POINT('',(-0.0149622680567636,-0.0309947536241506,0.0296982869550516));
#11630=CARTESIAN_POINT('',(-0.0151406354356279,-0.0309079546873595,0.0298066513715622));
#11631=CARTESIAN_POINT('',(-0.0152330250579501,-0.0308623530629773,0.0298351865589147));
#11632=CARTESIAN_POINT('',(-0.0152330251023003,-0.0308623530410869,0.0298351866596607));
#11633=CARTESIAN_POINT('',(-0.0152330251466506,-0.0308623530191965,0.0298351867604067));
#11634=CARTESIAN_POINT('',(-0.0151595851474452,-0.0308986014981757,0.0298753925355718));
#11635=CARTESIAN_POINT('',(-0.0150236728330115,-0.0309649176868948,0.0299897290242505));
#11636=CARTESIAN_POINT('',(-0.0149704072803388,-0.0309905695718985,0.030274296897154));
#11637=CARTESIAN_POINT('',(-0.0150652743280376,-0.0309447260777999,0.0305404475510957));
#11638=CARTESIAN_POINT('',(-0.015342553628876,-0.0308090118258028,0.0307522808335191));
#11639=CARTESIAN_POINT('',(-0.0157976694593601,-0.0305786235413626,0.030749527628513));
#11640=CARTESIAN_POINT('',(-0.0159856629543544,-0.0304793330418753,0.0304080973785289));
#11641=CARTESIAN_POINT('',(-0.0160172523155064,-0.0304627234051949,0.0302279752959244));
#11642=CARTESIAN_POINT('',(-0.0160172523577975,-0.0304627233829583,0.0302279750547804));
#11643=CARTESIAN_POINT('',(3.30643715532042E-18,4.68711497137172E-33,0.0302060818249025));
#11644=CARTESIAN_POINT('',(-0.0158079127069187,-0.0305718789878941,0.0301841886060298));
#11645=CARTESIAN_POINT('',(-0.0158079127077272,-0.030571878987476,0.0301841886013696));
#11646=CARTESIAN_POINT('',(-0.0157868446634567,-0.0305827727177858,0.0303192278447563));
#11647=CARTESIAN_POINT('',(-0.0156584302975461,-0.0306498390821109,0.0305940372069673));
#11648=CARTESIAN_POINT('',(-0.0152027191916118,-0.0308778419213489,0.0305005798934292));
#11649=CARTESIAN_POINT('',(-0.0151901117311164,-0.0308837254790773,0.0299801199401689));
#11650=CARTESIAN_POINT('',(-0.0154749305413281,-0.0307420790109817,0.0298985348322858));
#11651=CARTESIAN_POINT('',(-0.0155978291176991,-0.0306795960829843,0.0299111686158276));
#11652=CARTESIAN_POINT('',(-0.0155978291473057,-0.0306795960679319,0.0299111686188711));
#11653=CARTESIAN_POINT('',(3.30643715532042E-18,4.68711497137172E-33,0.0298074989398028));
#11654=CARTESIAN_POINT('',(-0.0159602695062891,-0.0305642712578413,0.0293103959212521));
#11655=CARTESIAN_POINT('',(-0.0158261422764965,-0.0305624460828107,0.02932646464846));
#11656=CARTESIAN_POINT('',(-0.015845610971754,-0.0306000370425755,0.0293264840530006));
#11657=CARTESIAN_POINT('',(-0.0158650796670115,-0.0306376280023402,0.0293265034575413));
#11658=CARTESIAN_POINT('',(-0.015884548362269,-0.0306752189621049,0.029326522862082));
#11659=CARTESIAN_POINT('',(-0.015884544844018,-0.0306752207995049,0.0293264935378151));
#11660=CARTESIAN_POINT('',(3.30643715532042E-18,4.68711497137172E-33,0.0293103959212524));
#11661=CARTESIAN_POINT('',(-0.0160945915750376,-0.030565537097076,0.0292942980574259));
#11662=CARTESIAN_POINT('',(-0.0160945880355288,-0.0305655389454986,0.0292942689864266));
#11663=CARTESIAN_POINT('',(-0.0160748666127221,-0.0305280799568104,0.0292942883909491));
#11664=CARTESIAN_POINT('',(-0.0160551451899154,-0.0304906209681221,0.0292943077954716));
#11665=CARTESIAN_POINT('',(-0.0160354237671088,-0.0304531619794339,0.0292943271999941));
#11666=CARTESIAN_POINT('',(-0.0156797767953328,-0.030781104706163,0.029703827984243));
#11667=CARTESIAN_POINT('',(-0.0156322123308158,-0.0308053338621382,0.0297162327559539));
#11668=CARTESIAN_POINT('',(-0.0155959154856452,-0.0308236923455614,0.029723913609644));
#11669=CARTESIAN_POINT('',(-0.0155584632371698,-0.0308426040497938,0.0297283490383696));
#11670=CARTESIAN_POINT('',(-0.0155329601157836,-0.0308554595438905,0.0297299547007517));
#11671=CARTESIAN_POINT('',(-0.0154960632112527,-0.0308740061957636,0.0297286660339076));
#11672=CARTESIAN_POINT('',(-0.0154779785479902,-0.0308830759476506,0.0297265640983605));
#11673=CARTESIAN_POINT('',(-0.0153893792370535,-0.0309274165777902,0.02970876641));
#11674=CARTESIAN_POINT('',(-0.0153207106216391,-0.0309614416650014,0.0296678809079277));
#11675=CARTESIAN_POINT('',(-0.0152186470799682,-0.0310117368907752,0.0295389658649291));
#11676=CARTESIAN_POINT('',(-0.0151943624285905,-0.0310235906267439,0.0294658249262107));
#11677=CARTESIAN_POINT('',(-0.0151868045111401,-0.0310272911116578,0.0292861945578316));
#11678=CARTESIAN_POINT('',(-0.0152041742979857,-0.0310188124258756,0.0292072017566389));
#11679=CARTESIAN_POINT('',(-0.0152810173251061,-0.030981028870988,0.029068726764475));
#11680=CARTESIAN_POINT('',(-0.0153397201353107,-0.0309520725193452,0.0290095919953234));
#11681=CARTESIAN_POINT('',(-0.0154783708311867,-0.0308829701208405,0.0289484515398254));
#11682=CARTESIAN_POINT('',(-0.015560209393657,-0.0308418126531784,0.028942490444251));
#11683=CARTESIAN_POINT('',(-0.0156950699074922,-0.0307734025532951,0.0289757168318855));
#11684=CARTESIAN_POINT('',(-0.015763184104966,-0.030738513160159,0.029024831004933));
#11685=CARTESIAN_POINT('',(-0.0158279389572163,-0.0307051908467467,0.0291312859610442));
#11686=CARTESIAN_POINT('',(-0.015841964620134,-0.0306979511131945,0.0291643003216709));
#11687=CARTESIAN_POINT('',(-0.0158625364579222,-0.0306873231803773,0.0292279729400927));
#11688=CARTESIAN_POINT('',(-0.0158646154209018,-0.0306862479746797,0.0292368653754248));
#11689=CARTESIAN_POINT('',(-0.0158743347392169,-0.0306812211915357,0.0292767801846072));
#11690=CARTESIAN_POINT('',(-0.0158794553772054,-0.030678571363928,0.0293000036897151));
#11691=CARTESIAN_POINT('',(-0.0158848367900701,-0.0306757847077472,0.0293264932953485));
#11692=CARTESIAN_POINT('',(-0.0158858700378578,-0.0306752496612072,0.0293315793809373));
#11693=CARTESIAN_POINT('',(-0.0158869032856455,-0.0306747146146671,0.029336665466526));
#11694=CARTESIAN_POINT('',(-0.0158879365334332,-0.0306741795681271,0.0293417515521147));
#11695=CARTESIAN_POINT('',(-0.01567948856944,-0.0307805388874334,0.029703827984243));
#11696=CARTESIAN_POINT('',(-0.0156319249792537,-0.0308047675980279,0.0297162327559539));
#11697=CARTESIAN_POINT('',(-0.0155956288012922,-0.0308231257439853,0.029723913609644));
#11698=CARTESIAN_POINT('',(-0.0155581772412646,-0.0308420371005824,0.0297283490383696));
#11699=CARTESIAN_POINT('',(-0.0155326745886772,-0.0308548923583693,0.0297299547007517));
#11700=CARTESIAN_POINT('',(-0.0154957783623858,-0.0308734386693174,0.0297286660339076));
#11701=CARTESIAN_POINT('',(-0.0154776940315558,-0.0308825082544842,0.0297265640983605));
#11702=CARTESIAN_POINT('',(-0.015389096349253,-0.0309268480695536,0.02970876641));
#11703=CARTESIAN_POINT('',(-0.0153204289961061,-0.0309608725313152,0.0296678809079277));
#11704=CARTESIAN_POINT('',(-0.0152183673305688,-0.0310111668325614,0.0295389658649291));
#11705=CARTESIAN_POINT('',(-0.0151940831255918,-0.0310230203506345,0.0294658249262107));
#11706=CARTESIAN_POINT('',(-0.0151865253470713,-0.0310267207675261,0.0292861945578316));
#11707=CARTESIAN_POINT('',(-0.0152038948146251,-0.0310182422375992,0.0292072017566389));
#11708=CARTESIAN_POINT('',(-0.0152807364292158,-0.0309804593772495,0.029068726764475));
#11709=CARTESIAN_POINT('',(-0.0153394381603445,-0.0309515035578827,0.0290095919953234));
#11710=CARTESIAN_POINT('',(-0.0154780863075414,-0.0308824024296194,0.0289484515398254));
#11711=CARTESIAN_POINT('',(-0.015559923365654,-0.0308412457185145,0.028942490444251));
#11712=CARTESIAN_POINT('',(-0.0156947814004812,-0.0307728368761466,0.0289757168318855));
#11713=CARTESIAN_POINT('',(-0.0157628943458788,-0.0307379481243478,0.029024831004933));
#11714=CARTESIAN_POINT('',(-0.0158276480078043,-0.0307046264234668,0.0291312859610442));
#11715=CARTESIAN_POINT('',(-0.0158416734129021,-0.0306973868229955,0.0291643003216709));
#11716=CARTESIAN_POINT('',(-0.0158622448725385,-0.0306867590855412,0.0292279729400927));
#11717=CARTESIAN_POINT('',(-0.0158643237973026,-0.030685683899608,0.0292368653754248));
#11718=CARTESIAN_POINT('',(-0.0158740429369571,-0.0306806572088664,0.0292767801846072));
#11719=CARTESIAN_POINT('',(-0.0158791634808179,-0.0306780074299679,0.0293000036897151));
#11720=CARTESIAN_POINT('',(-0.0158845447947614,-0.0306752208250115,0.0293264932953485));
#11721=CARTESIAN_POINT('',(-0.0158855780235559,-0.0306746857883067,0.0293315793809373));
#11722=CARTESIAN_POINT('',(-0.0158866112523505,-0.0306741507516019,0.029336665466526));
#11723=CARTESIAN_POINT('',(-0.015887644481145,-0.030673615714897,0.0293417515521147));
#11724=CARTESIAN_POINT('',(-0.0156218433908759,-0.0306673751415237,0.029703827984243));
#11725=CARTESIAN_POINT('',(-0.0155744546668381,-0.0306915147759722,0.0297162327559518));
#11726=CARTESIAN_POINT('',(-0.0155382919306993,-0.0307098054287501,0.029723913609644));
#11727=CARTESIAN_POINT('',(-0.0155009780602305,-0.0307286472583009,0.0297283490383696));
#11728=CARTESIAN_POINT('',(-0.0154755691673953,-0.0307414552541106,0.0297299547007517));
#11729=CARTESIAN_POINT('',(-0.0154388085889947,-0.030759933380092,0.0297286660339076));
#11730=CARTESIAN_POINT('',(-0.015420790744675,-0.0307689696211956,0.0297265640983605));
#11731=CARTESIAN_POINT('',(-0.0153325187891454,-0.0308131464222391,0.02970876641));
#11732=CARTESIAN_POINT('',(-0.0152641038895028,-0.0308470457940677,0.0296678809079277));
#11733=CARTESIAN_POINT('',(-0.015162417450677,-0.0308971551897946,0.0295389658649291));
#11734=CARTESIAN_POINT('',(-0.0151382225258654,-0.0309089651287571,0.0294658249262107));
#11735=CARTESIAN_POINT('',(-0.0151306925332953,-0.0309126519411749,0.0292861945578316));
#11736=CARTESIAN_POINT('',(-0.0151479981425125,-0.0309042045823139,0.0292072017566389));
#11737=CARTESIAN_POINT('',(-0.0152245572511672,-0.030866560629539,0.029068726764475));
#11738=CARTESIAN_POINT('',(-0.015283043167108,-0.0308377112653905,0.0290095919953234));
#11739=CARTESIAN_POINT('',(-0.0154211815784696,-0.0307688641853928,0.0289484515398254));
#11740=CARTESIAN_POINT('',(-0.015502717765045,-0.0307278587857259,0.028942490444251));
#11741=CARTESIAN_POINT('',(-0.0156370799982735,-0.0306597014464549,0.0289757168318855));
#11742=CARTESIAN_POINT('',(-0.0157049425284307,-0.030624940962126,0.029024831004933));
#11743=CARTESIAN_POINT('',(-0.0157694581254227,-0.0305917417674982,0.0291312859610442));
#11744=CARTESIAN_POINT('',(-0.0157834319665311,-0.0305845287832051,0.0291643003216709));
#11745=CARTESIAN_POINT('',(-0.0158039277958012,-0.0305739401183149,0.0292279729400927));
#11746=CARTESIAN_POINT('',(-0.0158059990774596,-0.0305728688852712,0.0292368653754248));
#11747=CARTESIAN_POINT('',(-0.015815682484983,-0.0305678606750103,0.0292767801846072));
#11748=CARTESIAN_POINT('',(-0.0158207842033149,-0.030565220637946,0.0293000036897151));
#11749=CARTESIAN_POINT('',(-0.0158261457330159,-0.0305624442778607,0.0293264932953485));
#11750=CARTESIAN_POINT('',(-0.0158271751631752,-0.0305619112082025,0.0293315793809373));
#11751=CARTESIAN_POINT('',(-0.0158282045933344,-0.0305613781385445,0.029336665466526));
#11752=CARTESIAN_POINT('',(-0.0158292340234936,-0.0305608450688863,0.0293417515521147));
#11753=CARTESIAN_POINT('',(-0.0156215522827242,-0.0306668036646069,0.029703827984243));
#11754=CARTESIAN_POINT('',(-0.0155741644417604,-0.0306909428492208,0.0297162327559517));
#11755=CARTESIAN_POINT('',(-0.0155380023795028,-0.0307092331611582,0.029723913609644));
#11756=CARTESIAN_POINT('',(-0.0155006892043663,-0.0307280746395973,0.0297283490383696));
#11757=CARTESIAN_POINT('',(-0.0154752807850178,-0.0307408823967341,0.0297299547007517));
#11758=CARTESIAN_POINT('',(-0.0154385208916391,-0.0307593601783814,0.0297286660339076));
#11759=CARTESIAN_POINT('',(-0.0154205033830763,-0.0307683962510975,0.0297265640983605));
#11760=CARTESIAN_POINT('',(-0.0153322330724669,-0.0308125722289202,0.02970876641));
#11761=CARTESIAN_POINT('',(-0.0152638194477145,-0.0308464709690446,0.0296678809079277));
#11762=CARTESIAN_POINT('',(-0.0151621349037835,-0.0308965794309986,0.0295389658649291));
#11763=CARTESIAN_POINT('',(-0.0151379404298367,-0.0309083891498867,0.0294658249262107));
#11764=CARTESIAN_POINT('',(-0.0151304105775857,-0.0309120758936018,0.0292861945578316));
#11765=CARTESIAN_POINT('',(-0.0151477158643184,-0.0309036286921547,0.0292072017566389));
#11766=CARTESIAN_POINT('',(-0.015224273546318,-0.030865985440863,0.029068726764475));
#11767=CARTESIAN_POINT('',(-0.0152827583723922,-0.0308371366143134,0.0290095919953234));
#11768=CARTESIAN_POINT('',(-0.0154208942095878,-0.0307682908172595,0.0289484515398254));
#11769=CARTESIAN_POINT('',(-0.0155024288767619,-0.0307272861817153,0.028942490444251));
#11770=CARTESIAN_POINT('',(-0.0156367886061924,-0.0306591301125349,0.0289757168318855));
#11771=CARTESIAN_POINT('',(-0.0157046498717526,-0.0306243702759567,0.029024831004933));
#11772=CARTESIAN_POINT('',(-0.0157691642665167,-0.0305911716999855,0.0291312859610442));
#11773=CARTESIAN_POINT('',(-0.015783137847227,-0.0305839588501041,0.0291643003216709));
#11774=CARTESIAN_POINT('',(-0.0158036332945637,-0.0305733703825304,0.0292279729400927));
#11775=CARTESIAN_POINT('',(-0.0158057045376244,-0.0305722991694488,0.0292368653754248));
#11776=CARTESIAN_POINT('',(-0.0158153877647005,-0.0305672910525143,0.0292767801846072));
#11777=CARTESIAN_POINT('',(-0.0158204893879635,-0.0305646510646463,0.0293000036897151));
#11778=CARTESIAN_POINT('',(-0.0158258508177541,-0.0305618747562976,0.0293264932953485));
#11779=CARTESIAN_POINT('',(-0.0158268802287303,-0.030561341696573,0.0293315793809373));
#11780=CARTESIAN_POINT('',(-0.0158279096397064,-0.0305608086368486,0.029336665466526));
#11781=CARTESIAN_POINT('',(-0.0158289390506825,-0.030560275577124,0.0293417515521147));
#11782=CARTESIAN_POINT('',(-0.0156794667855306,-0.0307805499733355,0.029703824801951));
#11783=CARTESIAN_POINT('',(-0.0156602662488169,-0.030742821333995,0.0297038269235084));
#11784=CARTESIAN_POINT('',(-0.0156410657121032,-0.0307050926946546,0.0297038290450658));
#11785=CARTESIAN_POINT('',(-0.0156218651753894,-0.0306673640553142,0.0297038311666232));
#11786=CARTESIAN_POINT('',(-0.01567948856944,-0.0307805388874334,0.029703827984243));
#11787=CARTESIAN_POINT('',(-0.01567948856944,-0.0307805388874334,0.029703827984243));
#11788=CARTESIAN_POINT('',(-0.0156077919043194,-0.0308170608939303,0.0297225267569758));
#11789=CARTESIAN_POINT('',(-0.0154584371596946,-0.0308925355805526,0.0297520100296383));
#11790=CARTESIAN_POINT('',(-0.0151780364231723,-0.031031202143727,0.0295801328048945));
#11791=CARTESIAN_POINT('',(-0.0151542910353419,-0.031042938375886,0.0290799743775062));
#11792=CARTESIAN_POINT('',(-0.0155657804349474,-0.0308391401608691,0.0288786261422111));
#11793=CARTESIAN_POINT('',(-0.0158289867715359,-0.0307040151854617,0.0290788601406795));
#11794=CARTESIAN_POINT('',(-0.0158680661937706,-0.0306837539364484,0.0292453771131394));
#11795=CARTESIAN_POINT('',(-0.0158845448932747,-0.0306752207739984,0.0293264937802816));
#11796=CARTESIAN_POINT('',(-0.0156386378441306,-0.0307300811360811,0.0298074989398265));
#11797=CARTESIAN_POINT('',(-0.0155978073920583,-0.030679607139204,0.0299111654446108));
#11798=CARTESIAN_POINT('',(-0.015617007436428,-0.0307173360290999,0.0299111675661631));
#11799=CARTESIAN_POINT('',(-0.0156362074807976,-0.0307550649189959,0.0299111696877153));
#11800=CARTESIAN_POINT('',(-0.0156554075251672,-0.0307927938088918,0.0299111718092676));
#11801=CARTESIAN_POINT('',(-0.0156553856529931,-0.0307928049397267,0.029911168612784));
#11802=CARTESIAN_POINT('',(3.30643715532042E-18,4.68711497137172E-33,0.0298074989398028));
#11803=CARTESIAN_POINT('',(-0.0158665361493073,-0.0306852544051039,0.0301841885920163));
#11804=CARTESIAN_POINT('',(-0.0158544228464945,-0.0306915178746658,0.0302615440150896));
#11805=CARTESIAN_POINT('',(-0.0158398983771331,-0.0306990328935552,0.0303219873957227));
#11806=CARTESIAN_POINT('',(-0.015778453695525,-0.0307306589609734,0.0304353698720954));
#11807=CARTESIAN_POINT('',(-0.015728621162269,-0.0307562410155762,0.0304845949154509));
#11808=CARTESIAN_POINT('',(-0.0155578968896566,-0.0308431509871911,0.0305611340447546));
#11809=CARTESIAN_POINT('',(-0.0154142008978748,-0.0309150873318959,0.0305321111496857));
#11810=CARTESIAN_POINT('',(-0.0152498750472431,-0.0309964760110285,0.030323730665294));
#11811=CARTESIAN_POINT('',(-0.0152481963047118,-0.0309972726425337,0.0301472352061297));
#11812=CARTESIAN_POINT('',(-0.0153937623878353,-0.0309252401990584,0.0299429911060838));
#11813=CARTESIAN_POINT('',(-0.0155406168027894,-0.030851866985232,0.0298993846695029));
#11814=CARTESIAN_POINT('',(-0.0156556734061012,-0.0307933709990433,0.0299111686097405));
#11815=CARTESIAN_POINT('',(-0.0156584347845103,-0.0307919670852423,0.0299114514263474));
#11816=CARTESIAN_POINT('',(-0.0156611961629194,-0.0307905631714414,0.0299117342429542));
#11817=CARTESIAN_POINT('',(-0.0156639575413285,-0.0307891592576404,0.0299120170595611));
#11818=CARTESIAN_POINT('',(-0.0158662444904012,-0.0306846903482961,0.0301841885920163));
#11819=CARTESIAN_POINT('',(-0.0158541314088375,-0.0306909537034559,0.0302615440241775));
#11820=CARTESIAN_POINT('',(-0.015839607207883,-0.0306984685834709,0.0303219873957227));
#11821=CARTESIAN_POINT('',(-0.015778163655752,-0.0307300940695383,0.0304353698720954));
#11822=CARTESIAN_POINT('',(-0.0157283320385183,-0.0307556756538913,0.0304845949154509));
#11823=CARTESIAN_POINT('',(-0.0155576109041621,-0.0308425840279259,0.0305611340447546));
#11824=CARTESIAN_POINT('',(-0.0154139175538021,-0.0309145190502957,0.0305321111496857));
#11825=CARTESIAN_POINT('',(-0.0152495947238107,-0.0309959062333404,0.030323730665294));
#11826=CARTESIAN_POINT('',(-0.015247916012138,-0.0309967028502019,0.0301472352061297));
#11827=CARTESIAN_POINT('',(-0.0153934794194636,-0.0309246717308281,0.0299429911060838));
#11828=CARTESIAN_POINT('',(-0.0155403311295841,-0.030851299868471,0.0298993846689525));
#11829=CARTESIAN_POINT('',(-0.0156553856232772,-0.0307928049548346,0.0299111686097405));
#11830=CARTESIAN_POINT('',(-0.0156581469510551,-0.0307914010667751,0.0299114514263606));
#11831=CARTESIAN_POINT('',(-0.015660908278833,-0.0307899971787156,0.0299117342429807));
#11832=CARTESIAN_POINT('',(-0.015663669606611,-0.030788593290656,0.0299120170596008));
#11833=CARTESIAN_POINT('',(-0.0158079127091865,-0.0305718789867215,0.0301841885920163));
#11834=CARTESIAN_POINT('',(-0.0157958438774431,-0.0305781194614657,0.0302615458417538));
#11835=CARTESIAN_POINT('',(-0.015781373357854,-0.0305856065666199,0.0303219873957227));
#11836=CARTESIAN_POINT('',(-0.0157201557011352,-0.030617115782518,0.0304353698720954));
#11837=CARTESIAN_POINT('',(-0.0156705072883766,-0.0306426033169285,0.0304845949154509));
#11838=CARTESIAN_POINT('',(-0.0155004138052498,-0.0307291921748821,0.0305611340447546));
#11839=CARTESIAN_POINT('',(-0.0153572487392661,-0.0308008627302579,0.0305321111496857));
#11840=CARTESIAN_POINT('',(-0.0151935300373261,-0.0308819506957178,0.030323730665294));
#11841=CARTESIAN_POINT('',(-0.0151918574973874,-0.0308827443838409,0.0301472352061297));
#11842=CARTESIAN_POINT('',(-0.0153368857451274,-0.0308109780847588,0.0299429911060838));
#11843=CARTESIAN_POINT('',(-0.0154831964885098,-0.0307378765162738,0.0298993845588816));
#11844=CARTESIAN_POINT('',(-0.0155978290584858,-0.0306795961130889,0.0299111686097405));
#11845=CARTESIAN_POINT('',(-0.0156005802600214,-0.0306781973733174,0.0299114514290023));
#11846=CARTESIAN_POINT('',(-0.015603331461557,-0.0306767986335458,0.0299117342482641));
#11847=CARTESIAN_POINT('',(-0.0156060826630926,-0.0306753998937743,0.0299120170675259));
#11848=CARTESIAN_POINT('',(-0.0158076181336913,-0.0305713092893455,0.0301841885920163));
#11849=CARTESIAN_POINT('',(-0.0157955495254096,-0.0305775496485437,0.0302615458509325));
#11850=CARTESIAN_POINT('',(-0.0157810792769114,-0.0305850366134348,0.0303219873957227));
#11851=CARTESIAN_POINT('',(-0.0157198627609644,-0.0306165452421686,0.0304353698720954));
#11852=CARTESIAN_POINT('',(-0.0156702152733884,-0.0306420323016269,0.0304845949154509));
#11853=CARTESIAN_POINT('',(-0.0155001249599003,-0.0307286195460242,0.0305611340447546));
#11854=CARTESIAN_POINT('',(-0.0153569625617526,-0.0308002887658417,0.0305321111496857));
#11855=CARTESIAN_POINT('',(-0.0151932469106594,-0.0308813752202528,0.030323730665294));
#11856=CARTESIAN_POINT('',(-0.0151915744018879,-0.0308821688935857,0.0301472352061297));
#11857=CARTESIAN_POINT('',(-0.015336599947072,-0.0308104039318461,0.0299429911060838));
#11858=CARTESIAN_POINT('',(-0.0154829079585724,-0.0307373037283452,0.0298993845583257));
#11859=CARTESIAN_POINT('',(-0.0155975383978336,-0.0306790244084381,0.0299111686097405));
#11860=CARTESIAN_POINT('',(-0.0156002895482317,-0.0306776256946654,0.0299114514290157));
#11861=CARTESIAN_POINT('',(-0.0156030406986298,-0.0306762269808927,0.0299117342482908));
#11862=CARTESIAN_POINT('',(-0.0156057918490279,-0.03067482826712,0.0299120170675659));
#11863=CARTESIAN_POINT('',(-0.0158662508154183,-0.0306846870502406,0.0301841500597668));
#11864=CARTESIAN_POINT('',(-0.0158468026225195,-0.030647085487372,0.0301841760479546));
#11865=CARTESIAN_POINT('',(-0.0158273544296206,-0.0306094839245034,0.0301842020361424));
#11866=CARTESIAN_POINT('',(-0.0158079062367217,-0.0305718823616348,0.0301842280243302));
#11867=CARTESIAN_POINT('',(-0.0158662444874037,-0.030684690349846,0.0301841886107087));
#11868=CARTESIAN_POINT('',(-0.0158662444874719,-0.0306846903498108,0.0301841886107229));
#11869=CARTESIAN_POINT('',(-0.0158450324170858,-0.0306956585522268,0.0303196511478579));
#11870=CARTESIAN_POINT('',(-0.0157154832251174,-0.0307633153852488,0.0305946467217904));
#11871=CARTESIAN_POINT('',(-0.0152573720744777,-0.0309924928853334,0.0304996553855495));
#11872=CARTESIAN_POINT('',(-0.0152482809411349,-0.0309966438790492,0.0299776916385755));
#11873=CARTESIAN_POINT('',(-0.0155324737217089,-0.0308552946575024,0.0298985799091582));
#11874=CARTESIAN_POINT('',(-0.0156553856827091,-0.0307928049246188,0.0299111686158276));
#11875=CARTESIAN_POINT('',(-0.0159423294625653,-0.0305743487613643,0.0302060818249019));
#11876=CARTESIAN_POINT('',(-0.0160172588591027,-0.0304627199935484,0.0302279353981878));
#11877=CARTESIAN_POINT('',(-0.0160369560105808,-0.030500191742385,0.0302279613860659));
#11878=CARTESIAN_POINT('',(-0.016056653162059,-0.0305376634912216,0.030227987373944));
#11879=CARTESIAN_POINT('',(-0.0160763503135372,-0.0305751352400582,0.0302280133618221));
#11880=CARTESIAN_POINT('',(-0.0160763565251458,-0.0305751320009645,0.0302279755370684));
#11881=CARTESIAN_POINT('',(3.30643715532042E-18,4.68711497137172E-33,0.0302060818249025));
#11882=CARTESIAN_POINT('',(-0.015289516623665,-0.0309768056567797,0.0298351867604097));
#11883=CARTESIAN_POINT('',(-0.0152458474284484,-0.0309983598769466,0.0298590057518697));
#11884=CARTESIAN_POINT('',(-0.0152172500477261,-0.0310123911188416,0.0298765918512489));
#11885=CARTESIAN_POINT('',(-0.0151526130925404,-0.0310440238756969,0.029936288322154));
#11886=CARTESIAN_POINT('',(-0.015125975336794,-0.0310570001913567,0.0299702870328041));
#11887=CARTESIAN_POINT('',(-0.0150608027028151,-0.0310886854530409,0.0300869150684067));
#11888=CARTESIAN_POINT('',(-0.0150425340923919,-0.0310974927985903,0.0301751138536825));
#11889=CARTESIAN_POINT('',(-0.0150671343111697,-0.0310855851306694,0.0304644814932417));
#11890=CARTESIAN_POINT('',(-0.0151738535486776,-0.0310341686425976,0.0306071284195103));
#11891=CARTESIAN_POINT('',(-0.0154203929634028,-0.0309119992887897,0.0307194031390818));
#11892=CARTESIAN_POINT('',(-0.0154922367851739,-0.0308760684336063,0.0307312963603783));
#11893=CARTESIAN_POINT('',(-0.0156634133436188,-0.0307895840334289,0.0307260166241546));
#11894=CARTESIAN_POINT('',(-0.015744026126988,-0.030748389324381,0.0307044760108273));
#11895=CARTESIAN_POINT('',(-0.0158817324903196,-0.030677489757751,0.0306240183877277));
#11896=CARTESIAN_POINT('',(-0.0159453299023693,-0.0306444272254297,0.0305608620965038));
#11897=CARTESIAN_POINT('',(-0.0160367352494951,-0.0305966924390147,0.0304036062584348));
#11898=CARTESIAN_POINT('',(-0.0160601432964115,-0.0305843743186968,0.030321760391832));
#11899=CARTESIAN_POINT('',(-0.0160766520039574,-0.0305756940661513,0.0302279757782123));
#11900=CARTESIAN_POINT('',(-0.0160774444503105,-0.0305752773991012,0.0302234739554719));
#11901=CARTESIAN_POINT('',(-0.0160782368966637,-0.0305748607320511,0.0302189721327314));
#11902=CARTESIAN_POINT('',(-0.0160790293430169,-0.030574444065001,0.0302144703099909));
#11903=CARTESIAN_POINT('',(-0.0152892355715405,-0.0309762362406723,0.0298351867604097));
#11904=CARTESIAN_POINT('',(-0.0152455671848214,-0.0309977900617815,0.0298590057487109));
#11905=CARTESIAN_POINT('',(-0.0152169703240069,-0.0310118210486017,0.0298765918512489));
#11906=CARTESIAN_POINT('',(-0.0151523345569787,-0.0310434532239832,0.029936288322154));
#11907=CARTESIAN_POINT('',(-0.0151256972908879,-0.0310564293011122,0.0299702870328041));
#11908=CARTESIAN_POINT('',(-0.0150605258549134,-0.0310881139803574,0.0300869150684067));
#11909=CARTESIAN_POINT('',(-0.0150422575803041,-0.0310969211640101,0.0301751138536825));
#11910=CARTESIAN_POINT('',(-0.0150668573468802,-0.0310850137149762,0.0304644814932417));
#11911=CARTESIAN_POINT('',(-0.0151735746226736,-0.0310335981720429,0.0306071284195103));
#11912=CARTESIAN_POINT('',(-0.0154201095055075,-0.0309114310639539,0.0307194031390818));
#11913=CARTESIAN_POINT('',(-0.0154919520066444,-0.0308755008692521,0.0307312963603783));
#11914=CARTESIAN_POINT('',(-0.0156631254185192,-0.0307890180588322,0.0307260166241546));
#11915=CARTESIAN_POINT('',(-0.015743736720063,-0.0307478241070261,0.0307044760108273));
#11916=CARTESIAN_POINT('',(-0.0158814405520741,-0.030676925843673,0.0306240183877277));
#11917=CARTESIAN_POINT('',(-0.0159450367950753,-0.0306438639191077,0.0305608620965038));
#11918=CARTESIAN_POINT('',(-0.0160364404619866,-0.0305961300101542,0.0304036062584348));
#11919=CARTESIAN_POINT('',(-0.0160598480774883,-0.0305838121168611,0.030321760398262));
#11920=CARTESIAN_POINT('',(-0.0160763564826985,-0.0305751320232832,0.0302279757782123));
#11921=CARTESIAN_POINT('',(-0.016077148914539,-0.0305747153638638,0.0302234739551632));
#11922=CARTESIAN_POINT('',(-0.0160779413463795,-0.0305742987044444,0.0302189721321141));
#11923=CARTESIAN_POINT('',(-0.0160787337782201,-0.030573882045025,0.030214470309065));
#11924=CARTESIAN_POINT('',(-0.0152330251466506,-0.0308623530191965,0.0298351867604067));
#11925=CARTESIAN_POINT('',(-0.0151895184594189,-0.0308838270287513,0.0298590051169628));
#11926=CARTESIAN_POINT('',(-0.0151610255801687,-0.030897807000629,0.0298765918512489));
#11927=CARTESIAN_POINT('',(-0.0150966274446369,-0.0309293228812479,0.029936288322154));
#11928=CARTESIAN_POINT('',(-0.0150700881096714,-0.030942251252211,0.0299702870328041));
#11929=CARTESIAN_POINT('',(-0.0150051562745645,-0.0309738194436649,0.0300869150684067));
#11930=CARTESIAN_POINT('',(-0.0149869551627294,-0.0309825942479659,0.0301751138536825));
#11931=CARTESIAN_POINT('',(-0.0150114644889872,-0.0309707305763182,0.0304644814932417));
#11932=CARTESIAN_POINT('',(-0.0151177894218549,-0.0309195040611163,0.0306071284195103));
#11933=CARTESIAN_POINT('',(-0.0153634179264431,-0.030797786096807,0.0307194031390818));
#11934=CARTESIAN_POINT('',(-0.0154349963007376,-0.0307619879984092,0.0307312963603783));
#11935=CARTESIAN_POINT('',(-0.0156055403985982,-0.0306758231394982,0.0307260166241546));
#11936=CARTESIAN_POINT('',(-0.0156858553350628,-0.0306347806360444,0.0307044760108273));
#11937=CARTESIAN_POINT('',(-0.0158230529029856,-0.0305641430280712,0.0306240183877277));
#11938=CARTESIAN_POINT('',(-0.0158864153362699,-0.0305312026546992,0.0305608620965038));
#11939=CARTESIAN_POINT('',(-0.0159774829602881,-0.030483644238058,0.0304036062584348));
#11940=CARTESIAN_POINT('',(-0.0160008042928442,-0.0304713717497237,0.0303217616842631));
#11941=CARTESIAN_POINT('',(-0.0160172522309239,-0.0304627234496682,0.0302279757782123));
#11942=CARTESIAN_POINT('',(-0.0160180417602382,-0.0304623083163926,0.0302234738934329));
#11943=CARTESIAN_POINT('',(-0.0160188312895524,-0.030461893183117,0.0302189720086536));
#11944=CARTESIAN_POINT('',(-0.0160196208188668,-0.0304614780498413,0.0302144701238742));
#11945=CARTESIAN_POINT('',(-0.0152327412840049,-0.0308617779089281,0.0298351867604067));
#11946=CARTESIAN_POINT('',(-0.0151892354133556,-0.0308832515154345,0.0298590051137725));
#11947=CARTESIAN_POINT('',(-0.0151607430592123,-0.0308972312296867,0.0298765918512489));
#11948=CARTESIAN_POINT('',(-0.0150963461237195,-0.0309287465230171,0.029936288322154));
#11949=CARTESIAN_POINT('',(-0.0150698072833063,-0.030941674653064,0.0299702870328041));
#11950=CARTESIAN_POINT('',(-0.0150048766581837,-0.0309732422562546,0.0300869150684067));
#11951=CARTESIAN_POINT('',(-0.0149866758855207,-0.0309820168970399,0.0301751138536825));
#11952=CARTESIAN_POINT('',(-0.0150111847550548,-0.0309701534464679,0.0304644814932417));
#11953=CARTESIAN_POINT('',(-0.0151175077065907,-0.0309189278858561,0.0306071284195103));
#11954=CARTESIAN_POINT('',(-0.0153631316339688,-0.0307972121897229,0.0307194031390818));
#11955=CARTESIAN_POINT('',(-0.0154347086744227,-0.0307614147584115,0.0307312963603783));
#11956=CARTESIAN_POINT('',(-0.0156052495942476,-0.0306752515051556,0.0307260166241546));
#11957=CARTESIAN_POINT('',(-0.0156855630340686,-0.0306342097665159,0.0307044760108273));
#11958=CARTESIAN_POINT('',(-0.0158227580453577,-0.0305635734748524,0.0306240183877277));
#11959=CARTESIAN_POINT('',(-0.0158861192979029,-0.030530633715314,0.0305608620965038));
#11960=CARTESIAN_POINT('',(-0.0159771852249046,-0.0304830761849089,0.0304036062584348));
#11961=CARTESIAN_POINT('',(-0.0160005061217318,-0.0304708039258696,0.0303217616907573));
#11962=CARTESIAN_POINT('',(-0.0160169537544524,-0.0304621557863714,0.0302279757782123));
#11963=CARTESIAN_POINT('',(-0.0160177432691089,-0.0304617406608028,0.0302234738931212));
#11964=CARTESIAN_POINT('',(-0.0160185327837655,-0.0304613255352343,0.0302189720080301));
#11965=CARTESIAN_POINT('',(-0.016019322298422,-0.0304609104096656,0.030214470122939));
#11966=CARTESIAN_POINT('',(-0.0152611299776876,-0.0309192948181896,0.029835186468726));
#11967=CARTESIAN_POINT('',(-0.0152892354825181,-0.0309762362846119,0.0298351865589147));
#11968=CARTESIAN_POINT('',(-0.0152892355710187,-0.0309762362409299,0.0298351867606943));
#11969=CARTESIAN_POINT('',(-0.0152156166819602,-0.031012573016274,0.0298753422962798));
#11970=CARTESIAN_POINT('',(-0.0150791894832772,-0.0310791414477534,0.0299894876791492));
#11971=CARTESIAN_POINT('',(-0.0150255554402004,-0.0311049710029055,0.0302746454977758));
#11972=CARTESIAN_POINT('',(-0.0151213119297026,-0.0310586971987857,0.0305410916929567));
#11973=CARTESIAN_POINT('',(-0.0153996792381403,-0.0309224410007895,0.0307522147634759));
#11974=CARTESIAN_POINT('',(-0.0158552730351295,-0.0306918128030845,0.0307497100906564));
#11975=CARTESIAN_POINT('',(-0.0160445925594166,-0.0305918334444585,0.0304084273386524));
#11976=CARTESIAN_POINT('',(-0.0160763565675931,-0.0305751319786457,0.0302279752959244));
#11977=CARTESIAN_POINT('',(-0.0160948875235383,-0.0305660989151032,0.0292942980290904));
#11978=CARTESIAN_POINT('',(-0.0160866838068459,-0.0305704186648301,0.0292279252427294));
#11979=CARTESIAN_POINT('',(-0.0160812132776759,-0.0305733005699812,0.0291899917361238));
#11980=CARTESIAN_POINT('',(-0.0160494940325337,-0.0305899635423807,0.0290883244293337));
#11981=CARTESIAN_POINT('',(-0.0160275863176465,-0.0306014581570223,0.029040594807431));
#11982=CARTESIAN_POINT('',(-0.0159453255966281,-0.0306444485639767,0.0289117618659777));
#11983=CARTESIAN_POINT('',(-0.0158694621881285,-0.0306839026319742,0.028843580568345));
#11984=CARTESIAN_POINT('',(-0.0156924108555902,-0.0307748266024079,0.0287606706075984));
#11985=CARTESIAN_POINT('',(-0.0156060124492455,-0.0308187878994252,0.0287479634011586));
#11986=CARTESIAN_POINT('',(-0.0153983086404254,-0.0309230885127919,0.0287618403782687));
#11987=CARTESIAN_POINT('',(-0.0153103180338734,-0.0309666569492351,0.0287913262644297));
#11988=CARTESIAN_POINT('',(-0.0151510313572027,-0.0310449018314283,0.0288964166199664));
#11989=CARTESIAN_POINT('',(-0.0150767005220185,-0.0310809841429612,0.028977649089181));
#11990=CARTESIAN_POINT('',(-0.0149837096385265,-0.031125920378263,0.0291568121952457));
#11991=CARTESIAN_POINT('',(-0.0149611183421853,-0.0311367427692559,0.0292592356053032));
#11992=CARTESIAN_POINT('',(-0.0149651670505191,-0.0311347970521368,0.0294873173249783));
#11993=CARTESIAN_POINT('',(-0.0149941961261445,-0.0311208888181264,0.0295908549714145));
#11994=CARTESIAN_POINT('',(-0.0150777647343306,-0.0310804404031452,0.0297124034684831));
#11995=CARTESIAN_POINT('',(-0.0151145422992743,-0.0310625918746452,0.0297492293526978));
#11996=CARTESIAN_POINT('',(-0.0151987547992985,-0.0310214741016304,0.0298051458281261));
#11997=CARTESIAN_POINT('',(-0.0152347590090414,-0.0310038328926514,0.0298183367976065));
#11998=CARTESIAN_POINT('',(-0.0152895162415503,-0.0309768058453836,0.029835186468726));
#11999=CARTESIAN_POINT('',(-0.0152947730341557,-0.0309742112003347,0.0298368040673972));
#12000=CARTESIAN_POINT('',(-0.0153000298267612,-0.0309716165552857,0.0298384216660685));
#12001=CARTESIAN_POINT('',(-0.0153052866193667,-0.0309690219102367,0.0298400392647397));
#12002=CARTESIAN_POINT('',(-0.0160945916670738,-0.0305655370486134,0.0292942980290904));
#12003=CARTESIAN_POINT('',(-0.0160863881011776,-0.030569856718937,0.0292279252426912));
#12004=CARTESIAN_POINT('',(-0.0160809176725717,-0.0305727385711104,0.0291899917361238));
#12005=CARTESIAN_POINT('',(-0.016049199010493,-0.0305894012372109,0.0290883244293337));
#12006=CARTESIAN_POINT('',(-0.0160272916983138,-0.0306008956405583,0.029040594807431));
#12007=CARTESIAN_POINT('',(-0.0159450324894133,-0.0306438852572624,0.0289117618659777));
#12008=CARTESIAN_POINT('',(-0.0158691704754359,-0.0306833386000146,0.028843580568345));
#12009=CARTESIAN_POINT('',(-0.0156921223974579,-0.0307742608990825,0.0287606706075984));
#12010=CARTESIAN_POINT('',(-0.01560572557929,-0.0308182213880026,0.0287479634011586));
#12011=CARTESIAN_POINT('',(-0.0153980255884844,-0.0309225200841139,0.0287618403782687));
#12012=CARTESIAN_POINT('',(-0.0153100365993771,-0.0309660877196815,0.0287913262644297));
#12013=CARTESIAN_POINT('',(-0.0151507528507165,-0.0310443311635761,0.0288964166199664));
#12014=CARTESIAN_POINT('',(-0.0150764233818828,-0.0310804128118434,0.028977649089181));
#12015=CARTESIAN_POINT('',(-0.0149834342077507,-0.0311253482211265,0.0291568121952457));
#12016=CARTESIAN_POINT('',(-0.014960843326683,-0.0311361704131822,0.0292592356053032));
#12017=CARTESIAN_POINT('',(-0.0149648919605933,-0.0311342247318293,0.0294873173249783));
#12018=CARTESIAN_POINT('',(-0.0149939205026058,-0.0311203167534802,0.0295908549714145));
#12019=CARTESIAN_POINT('',(-0.0150774875746326,-0.0310798690820224,0.0297124034684831));
#12020=CARTESIAN_POINT('',(-0.0151142644635305,-0.0310620208816143,0.0297492293526978));
#12021=CARTESIAN_POINT('',(-0.0151984754155593,-0.0310209038644271,0.0298051458281261));
#12022=CARTESIAN_POINT('',(-0.0152344789677041,-0.0310032629776402,0.0298183367989136));
#12023=CARTESIAN_POINT('',(-0.0152892351894328,-0.0309762364292728,0.029835186468726));
#12024=CARTESIAN_POINT('',(-0.0152944918850015,-0.0309736418321192,0.0298368040672718));
#12025=CARTESIAN_POINT('',(-0.0152997485805703,-0.0309710472349655,0.0298384216658175));
#12026=CARTESIAN_POINT('',(-0.015305005276139,-0.0309684526378119,0.0298400392643632));
#12027=CARTESIAN_POINT('',(-0.0160354203741802,-0.0304531637506405,0.0292942980290904));
#12028=CARTESIAN_POINT('',(-0.0160272469675119,-0.0304574675403186,0.0292279252350519));
#12029=CARTESIAN_POINT('',(-0.0160217966517166,-0.0304603387969519,0.0291899917361238));
#12030=CARTESIAN_POINT('',(-0.0159901946023662,-0.0304769402032506,0.0290883244293337));
#12031=CARTESIAN_POINT('',(-0.0159683678317758,-0.0304883923477621,0.029040594807431));
#12032=CARTESIAN_POINT('',(-0.0158864110464375,-0.0305312239144048,0.0289117618659777));
#12033=CARTESIAN_POINT('',(-0.0158108279369233,-0.0305705322081028,0.028843580568345));
#12034=CARTESIAN_POINT('',(-0.0156344307709966,-0.0306611202340123,0.0287606706075984));
#12035=CARTESIAN_POINT('',(-0.0155483515881897,-0.0307049191034879,0.0287479634011586));
#12036=CARTESIAN_POINT('',(-0.0153414152002914,-0.0308088343485106,0.0287618403782687));
#12037=CARTESIAN_POINT('',(-0.0152537497001147,-0.0308522418089474,0.0287913262644297));
#12038=CARTESIAN_POINT('',(-0.0150950515534712,-0.0309301975931218,0.0288964166199664));
#12039=CARTESIAN_POINT('',(-0.0150209953547435,-0.0309661465882704,0.028977649089181));
#12040=CARTESIAN_POINT('',(-0.0149283480525751,-0.031010916793843,0.0291568121952457));
#12041=CARTESIAN_POINT('',(-0.0149058402262173,-0.0310216991984278,0.0292592356053032));
#12042=CARTESIAN_POINT('',(-0.014909873975444,-0.0310197606703152,0.0294873173249783));
#12043=CARTESIAN_POINT('',(-0.0149387957948756,-0.0310059038242394,0.0295908549714145));
#12044=CARTESIAN_POINT('',(-0.01502205563502,-0.0309656048574561,0.0297124034684831));
#12045=CARTESIAN_POINT('',(-0.0150586973147675,-0.0309478222754319,0.0297492293526978));
#12046=CARTESIAN_POINT('',(-0.015142598667708,-0.030906856423749,0.0298051458281261));
#12047=CARTESIAN_POINT('',(-0.0151784707002375,-0.0308892799754052,0.0298183370603256));
#12048=CARTESIAN_POINT('',(-0.0152330247659423,-0.0308623532071064,0.029835186468726));
#12049=CARTESIAN_POINT('',(-0.0152382620541699,-0.0308597681890184,0.0298368040421757));
#12050=CARTESIAN_POINT('',(-0.0152434993423975,-0.0308571831709305,0.0298384216156254));
#12051=CARTESIAN_POINT('',(-0.0152487366306251,-0.0308545981528425,0.0298400391890751));
#12052=CARTESIAN_POINT('',(-0.0160351215591511,-0.0304525962654857,0.0292942980290904));
#12053=CARTESIAN_POINT('',(-0.0160269483047869,-0.0304568999749666,0.0292279252350133));
#12054=CARTESIAN_POINT('',(-0.0160214980905613,-0.0304597711780924,0.0291899917361238));
#12055=CARTESIAN_POINT('',(-0.0159898966301052,-0.0304763722750291,0.0290883244293337));
#12056=CARTESIAN_POINT('',(-0.0159680702662498,-0.0304878242061335,0.029040594807431));
#12057=CARTESIAN_POINT('',(-0.0158861150081504,-0.0305306549746234,0.0289117618659777));
#12058=CARTESIAN_POINT('',(-0.0158105333071038,-0.0305699625358236,0.028843580568345));
#12059=CARTESIAN_POINT('',(-0.015634139428283,-0.0306605488736537,0.0287606706075984));
#12060=CARTESIAN_POINT('',(-0.0155480618495346,-0.0307043469269511,0.0287479634011586));
#12061=CARTESIAN_POINT('',(-0.015341129317831,-0.0308082602355458,0.0287618403782687));
#12062=CARTESIAN_POINT('',(-0.0152534654512734,-0.0308516668870982,0.0287913262644297));
#12063=CARTESIAN_POINT('',(-0.0150947702619201,-0.030929621218591,0.0288964166199664));
#12064=CARTESIAN_POINT('',(-0.0150207154432065,-0.0309655695438414,0.028977649089181));
#12065=CARTESIAN_POINT('',(-0.0149280698674914,-0.0310103389151352,0.0291568121952457));
#12066=CARTESIAN_POINT('',(-0.0149055624605599,-0.0310211211187933,0.0292592356053032));
#12067=CARTESIAN_POINT('',(-0.014909596134619,-0.0310191826268046,0.0294873173249783));
#12068=CARTESIAN_POINT('',(-0.0149385174151016,-0.0310053260389467,0.0295908549714145));
#12069=CARTESIAN_POINT('',(-0.015021775703725,-0.030965027823122,0.0297124034684831));
#12070=CARTESIAN_POINT('',(-0.0150584167006663,-0.0309472455724707,0.0297492293526978));
#12071=CARTESIAN_POINT('',(-0.0151423164901313,-0.0309062804841736,0.0298051458281261));
#12072=CARTESIAN_POINT('',(-0.0151781878584868,-0.0308887043612439,0.0298183370616457));
#12073=CARTESIAN_POINT('',(-0.0152327409033036,-0.0308617780968344,0.029835186468726));
#12074=CARTESIAN_POINT('',(-0.0152379780935242,-0.0308591931271208,0.029836804042049));
#12075=CARTESIAN_POINT('',(-0.0152432152837447,-0.0308566081574071,0.029838421615372));
#12076=CARTESIAN_POINT('',(-0.0152484524739653,-0.0308540231876934,0.0298400391886949));
#12077=CARTESIAN_POINT('',(-0.0160945916687639,-0.0305655370477235,0.0292942980427643));
#12078=CARTESIAN_POINT('',(-0.0160816217701953,-0.0305723664785665,0.0291893621748472));
#12079=CARTESIAN_POINT('',(-0.0160260918904093,-0.0306016535501269,0.0289814040095798));
#12080=CARTESIAN_POINT('',(-0.0157147785611018,-0.0307638352883665,0.0287104150356112));
#12081=CARTESIAN_POINT('',(-0.0151808680591677,-0.0310314210452428,0.0287474604341771));
#12082=CARTESIAN_POINT('',(-0.0149081338099841,-0.0311612954880431,0.0292576806355995));
#12083=CARTESIAN_POINT('',(-0.0150176620647352,-0.0311090373731078,0.0296986680190922));
#12084=CARTESIAN_POINT('',(-0.0151966466780569,-0.0310219362212164,0.0298066949877004));
#12085=CARTESIAN_POINT('',(-0.0152892354825182,-0.0309762362846119,0.0298351865589147));
#12086=CARTESIAN_POINT('',(3.30643715532042E-18,4.68711497137172E-33,0.0329641));
#12087=CARTESIAN_POINT('',(0.0160751805414798,-0.0304321944584814,0.0307212137218862));
#12088=CARTESIAN_POINT('',(0.0159178392057668,-0.0305153067815731,0.0304770389280193));
#12089=CARTESIAN_POINT('',(0.0157495437114977,-0.0306024484267234,0.030241114072997));
#12090=CARTESIAN_POINT('',(0.0156001545855111,-0.0306784136797873,0.0299897262548213));
#12091=CARTESIAN_POINT('',(0.0160751805414798,-0.0304321944584814,0.0307212137218862));
#12092=CARTESIAN_POINT('',(0.0156001545855111,-0.0306784136797873,0.0299897262548213));
#12093=CARTESIAN_POINT('',(0.0156001545855111,-0.0306784136797873,0.0299897262548213));
#12094=CARTESIAN_POINT('',(0.0154647707008579,-0.0307472571848988,0.0302457122588052));
#12095=CARTESIAN_POINT('',(0.0152983681028587,-0.0308304988412263,0.0304790521600048));
#12096=CARTESIAN_POINT('',(0.0151432544263535,-0.0309064998726599,0.0307212137218862));
#12097=CARTESIAN_POINT('',(0.0151432544263535,-0.0309064998726599,0.0307212137218862));
#12098=CARTESIAN_POINT('',(3.30643715532042E-18,4.68711497137172E-33,0.0307212137218862));
#12099=CARTESIAN_POINT('',(0.0148707476849821,-0.0310385365681051,0.0307212137218862));
#12100=CARTESIAN_POINT('',(3.30643715532042E-18,4.68711497137172E-33,0.030255664057793));
#12101=CARTESIAN_POINT('',(0.0154627533256368,-0.0307478966531128,0.0297901133731287));
#12102=CARTESIAN_POINT('',(3.30643715532042E-18,4.68711497137172E-33,0.0292878597769998));
#12103=CARTESIAN_POINT('',(0.0147954880734616,-0.0310744818407008,0.0287856051602687));
#12104=CARTESIAN_POINT('',(3.30643715532042E-18,4.68711497137172E-33,0.0287856051602687));
#12105=CARTESIAN_POINT('',(0.0150717763409877,-0.0309414196010339,0.0287856051602687));
#12106=CARTESIAN_POINT('',(0.0150717763409877,-0.0309414196010339,0.0287856051602687));
#12107=CARTESIAN_POINT('',(0.015244793960251,-0.0308571415396453,0.0290533767442494));
#12108=CARTESIAN_POINT('',(0.0154278924730041,-0.0307659394223333,0.0293124483831316));
#12109=CARTESIAN_POINT('',(0.0155898601717149,-0.0306836462765815,0.0295879231491658));
#12110=CARTESIAN_POINT('',(0.0155898601981878,-0.0306836462631311,0.0295879231705996));
#12111=CARTESIAN_POINT('',(0.0155898602776064,-0.0306836462227798,0.0295879232349008));
#12112=CARTESIAN_POINT('',(0.0156081515392496,-0.0306743527310204,0.0295594996862503));
#12113=CARTESIAN_POINT('',(0.0156496619872076,-0.0306532585481878,0.0294942882525408));
#12114=CARTESIAN_POINT('',(0.0157314168386486,-0.0306113264679931,0.0293646826250469));
#12115=CARTESIAN_POINT('',(0.0157787863319218,-0.0305869420356282,0.0292894089470869));
#12116=CARTESIAN_POINT('',(0.0158354151059529,-0.0305576456709558,0.0291992099746196));
#12117=CARTESIAN_POINT('',(0.0158289750257145,-0.0305609999429768,0.0292094747132458));
#12118=CARTESIAN_POINT('',(0.0159105354718124,-0.0305186222559785,0.0290793632604446));
#12119=CARTESIAN_POINT('',(0.015917293440281,-0.0305150697936026,0.0290685628056158));
#12120=CARTESIAN_POINT('',(0.0159631956189208,-0.0304911090447588,0.0289953106729356));
#12121=CARTESIAN_POINT('',(0.016014436602731,-0.0304642336729656,0.0289134994060168));
#12122=CARTESIAN_POINT('',(0.0160668856963699,-0.0304365905856583,0.0288296978251735));
#12123=CARTESIAN_POINT('',(0.0160944643863187,-0.0304220003470764,0.0287856052852687));
#12124=CARTESIAN_POINT('',(0.0160944643863188,-0.0304220003470764,0.0287856052852688));
#12125=CARTESIAN_POINT('',(3.30643715532042E-18,4.68711497137172E-33,0.0287856051602687));
#12126=CARTESIAN_POINT('',(0.0163694007424528,-0.0302749501788687,0.0287856051602687));
#12127=CARTESIAN_POINT('',(3.30643715532042E-18,4.68711497137172E-33,0.0292923650785422));
#12128=CARTESIAN_POINT('',(0.0157303964165554,-0.0306118362333595,0.0297991263261385));
#12129=CARTESIAN_POINT('',(3.30643715532042E-18,4.68711497137172E-33,0.0302601693593509));
#12130=CARTESIAN_POINT('',(0.0163242375027973,-0.0302993260478226,0.0307212130669548));
#12131=CARTESIAN_POINT('',(3.30643715532042E-18,4.68711497137172E-33,0.0307212137218862));
#12132=CARTESIAN_POINT('',(0.0156582953830438,-0.0307927502030957,0.0299897262548213));
#12133=CARTESIAN_POINT('',(0.0156291364848456,-0.0308075776750824,0.0300446556452592));
#12134=CARTESIAN_POINT('',(0.015592712334559,-0.0308260506616944,0.0301068788669175));
#12135=CARTESIAN_POINT('',(0.0155380520548464,-0.0308536021817078,0.0301937751486607));
#12136=CARTESIAN_POINT('',(0.0155375550390548,-0.0308538511620573,0.0301945131573233));
#12137=CARTESIAN_POINT('',(0.015522742248347,-0.0308613062136622,0.0302178500290288));
#12138=CARTESIAN_POINT('',(0.0155142075773279,-0.0308655983188461,0.0302312583704737));
#12139=CARTESIAN_POINT('',(0.0154852145146504,-0.0308801599517821,0.0302767031115849));
#12140=CARTESIAN_POINT('',(0.0154613674350564,-0.0308921155433557,0.0303139592280278));
#12141=CARTESIAN_POINT('',(0.0153762241594636,-0.030934631649701,0.0304466064444626));
#12142=CARTESIAN_POINT('',(0.0153371988524265,-0.0309539640835614,0.0305073306877657));
#12143=CARTESIAN_POINT('',(0.0152594116127904,-0.0309923848446149,0.0306283434211555));
#12144=CARTESIAN_POINT('',(0.015226531237777,-0.0310085362290617,0.0306794688168463));
#12145=CARTESIAN_POINT('',(0.0151996927071175,-0.031021686301394,0.0307212132218858));
#12146=CARTESIAN_POINT('',(0.0151986191658912,-0.0310222123042873,0.0307228829980874));
#12147=CARTESIAN_POINT('',(0.0151975456246648,-0.0310227383071806,0.030724552774289));
#12148=CARTESIAN_POINT('',(0.0151964720834384,-0.0310232643100739,0.0307262225504905));
#12149=CARTESIAN_POINT('',(0.0156577197315831,-0.0307916181583105,0.0299897262548213));
#12150=CARTESIAN_POINT('',(0.0156285619053635,-0.0308064450851897,0.0300446556452597));
#12151=CARTESIAN_POINT('',(0.0155921390941511,-0.0308249173926726,0.0301068788669175));
#12152=CARTESIAN_POINT('',(0.0155374808239337,-0.0308524678997997,0.0301937751486607));
#12153=CARTESIAN_POINT('',(0.0155369838264141,-0.0308527168709958,0.0301945131573233));
#12154=CARTESIAN_POINT('',(0.0155221715802742,-0.030860171648528,0.0302178500290288));
#12155=CARTESIAN_POINT('',(0.0155136372230182,-0.0308644635959197,0.0302312583704737));
#12156=CARTESIAN_POINT('',(0.0154846452262229,-0.0308790246935213,0.0302767031115849));
#12157=CARTESIAN_POINT('',(0.0154607990233276,-0.0308909798455673,0.0303139592280278));
#12158=CARTESIAN_POINT('',(0.0153756588778872,-0.0309334943888779,0.0304466064444626));
#12159=CARTESIAN_POINT('',(0.0153366350055513,-0.0309528261120132,0.0305073306877657));
#12160=CARTESIAN_POINT('',(0.0152588506256351,-0.0309912454605907,0.0306283434211555));
#12161=CARTESIAN_POINT('',(0.0152259714594147,-0.0310073962512582,0.030679468816846));
#12162=CARTESIAN_POINT('',(0.0151991339154295,-0.0310205458401499,0.0307212132218858));
#12163=CARTESIAN_POINT('',(0.0151980604136701,-0.0310210718237056,0.0307228829980874));
#12164=CARTESIAN_POINT('',(0.0151969869119107,-0.0310215978072612,0.030724552774289));
#12165=CARTESIAN_POINT('',(0.0151959134101512,-0.0310221237908169,0.0307262225504906));
#12166=CARTESIAN_POINT('',(0.0156001545855111,-0.0306784136797873,0.0299897262548213));
#12167=CARTESIAN_POINT('',(0.0155711039571557,-0.0306931860959193,0.0300446556453094));
#12168=CARTESIAN_POINT('',(0.0155348150533638,-0.0307115904904937,0.0301068788669175));
#12169=CARTESIAN_POINT('',(0.0154803577326693,-0.0307390397089916,0.0301937751486607));
#12170=CARTESIAN_POINT('',(0.0154798625623464,-0.0307392877648525,0.0301945131573233));
#12171=CARTESIAN_POINT('',(0.0154651047729938,-0.0307467151351143,0.0302178500290288));
#12172=CARTESIAN_POINT('',(0.0154566017920512,-0.0307509913032877,0.0302312583704737));
#12173=CARTESIAN_POINT('',(0.0154277163834795,-0.0307654988674421,0.0302767031115849));
#12174=CARTESIAN_POINT('',(0.0154039578504477,-0.0307774100667233,0.0303139592280278));
#12175=CARTESIAN_POINT('',(0.0153191307202479,-0.0308197683065659,0.0304466064444626));
#12176=CARTESIAN_POINT('',(0.0152802503180309,-0.0308390289571896,0.0305073306877657));
#12177=CARTESIAN_POINT('',(0.0152027519100997,-0.030877307058162,0.0306283434211555));
#12178=CARTESIAN_POINT('',(0.0151699936231873,-0.0308933984709127,0.0306794688168141));
#12179=CARTESIAN_POINT('',(0.0151432547466227,-0.0309064997157376,0.0307212132218858));
#12180=CARTESIAN_POINT('',(0.0151421851915602,-0.0309070237655306,0.0307228829980887));
#12181=CARTESIAN_POINT('',(0.0151411156364976,-0.0309075478153236,0.0307245527742915));
#12182=CARTESIAN_POINT('',(0.015140046081435,-0.0309080718651166,0.0307262225504944));
#12183=CARTESIAN_POINT('',(0.0155995731775357,-0.0306772703145542,0.0299897262548213));
#12184=CARTESIAN_POINT('',(0.0155705236318788,-0.0306920421801277,0.0300446556453099));
#12185=CARTESIAN_POINT('',(0.0155342360805518,-0.0307104458887817,0.0301068788669175));
#12186=CARTESIAN_POINT('',(0.0154797807894475,-0.0307378940842644,0.0301937751486607));
#12187=CARTESIAN_POINT('',(0.0154792856375793,-0.0307381421308804,0.0301945131573233));
#12188=CARTESIAN_POINT('',(0.0154645283982402,-0.0307455692243289,0.0302178500290288));
#12189=CARTESIAN_POINT('',(0.0154560257341984,-0.0307498452331321,0.0302312583704737));
#12190=CARTESIAN_POINT('',(0.0154271414021678,-0.0307643522565987,0.0302767031115849));
#12191=CARTESIAN_POINT('',(0.0154033837546017,-0.030776263011957,0.0303139592280278));
#12192=CARTESIAN_POINT('',(0.0153185597858557,-0.0308186196731345,0.0304466064444626));
#12193=CARTESIAN_POINT('',(0.015279680832687,-0.0308378796059259,0.0305073306877657));
#12194=CARTESIAN_POINT('',(0.0152021853130728,-0.0308761562802975,0.0306283434211555));
#12195=CARTESIAN_POINT('',(0.0151694282470414,-0.0308922470933312,0.0306794688168138));
#12196=CARTESIAN_POINT('',(0.0151426903670178,-0.030905347849881,0.0307212132218858));
#12197=CARTESIAN_POINT('',(0.0151416208518169,-0.030905871880143,0.0307228829980887));
#12198=CARTESIAN_POINT('',(0.0151405513366159,-0.030906395910405,0.0307245527742916));
#12199=CARTESIAN_POINT('',(0.015139481821415,-0.030906919940667,0.0307262225504944));
#12200=CARTESIAN_POINT('',(0.0156289371585471,-0.0307350159190489,0.0299897262548213));
#12201=CARTESIAN_POINT('',(0.0156577197315831,-0.0307916181583105,0.0299897262548213));
#12202=CARTESIAN_POINT('',(0.0156577197315831,-0.0307916181583106,0.0299897262548213));
#12203=CARTESIAN_POINT('',(0.015521801992272,-0.0308607331316693,0.0302457768435691));
#12204=CARTESIAN_POINT('',(0.0153548142631069,-0.0309442671569029,0.0304790605323266));
#12205=CARTESIAN_POINT('',(0.0151991335939784,-0.0310205459976513,0.0307212137218863));
#12206=CARTESIAN_POINT('',(0.0151991335939784,-0.0310205459976513,0.0307212137218862));
#12207=CARTESIAN_POINT('',(0.0151991335939784,-0.0310205459976513,0.0307212137218862));
#12208=CARTESIAN_POINT('',(0.0161350917309518,-0.0305456133381975,0.0307212137218862));
#12209=CARTESIAN_POINT('',(0.0160668649677154,-0.0305816527220245,0.0306157271483064));
#12210=CARTESIAN_POINT('',(0.0160128614260686,-0.0306098995257244,0.0305324904296401));
#12211=CARTESIAN_POINT('',(0.015953371457431,-0.0306409222882937,0.0304410099737032));
#12212=CARTESIAN_POINT('',(0.0159371263286829,-0.0306493700914279,0.0304160789343073));
#12213=CARTESIAN_POINT('',(0.0159118236905608,-0.0306625137498252,0.0303773417473485));
#12214=CARTESIAN_POINT('',(0.0158990667715188,-0.0306691271329091,0.0303579488147304));
#12215=CARTESIAN_POINT('',(0.0158955481057733,-0.0306709509750969,0.0303526349815476));
#12216=CARTESIAN_POINT('',(0.0158844982479851,-0.0306766836520528,0.0303362650695294));
#12217=CARTESIAN_POINT('',(0.0158539642761994,-0.0306924685774582,0.0302911407083617));
#12218=CARTESIAN_POINT('',(0.0158414593447766,-0.0306989270787991,0.0302726710057825));
#12219=CARTESIAN_POINT('',(0.0158192049489748,-0.0307103973240728,0.0302398240786285));
#12220=CARTESIAN_POINT('',(0.0158112039586469,-0.0307145177716909,0.0302280180406963));
#12221=CARTESIAN_POINT('',(0.0157940348617474,-0.0307233500021621,0.0302026918404036));
#12222=CARTESIAN_POINT('',(0.0157810646703901,-0.0307300133741853,0.0301835665893592));
#12223=CARTESIAN_POINT('',(0.015727511256304,-0.0307575020465471,0.0301046173663424));
#12224=CARTESIAN_POINT('',(0.0157058527764927,-0.0307685669875869,0.0300694573457143));
#12225=CARTESIAN_POINT('',(0.0156582953830438,-0.0307927502030957,0.0299897262548213));
#12226=CARTESIAN_POINT('',(0.016134498550858,-0.0305444903789924,0.0307212137218862));
#12227=CARTESIAN_POINT('',(0.0160662742958674,-0.0305805284378902,0.0306157271483081));
#12228=CARTESIAN_POINT('',(0.0160122727395708,-0.0306087742031434,0.0305324904296401));
#12229=CARTESIAN_POINT('',(0.015952784957984,-0.0306397958252119,0.0304410099737032));
#12230=CARTESIAN_POINT('',(0.0159365404264613,-0.0306482433177765,0.0304160789343073));
#12231=CARTESIAN_POINT('',(0.0159112387185491,-0.0306613864929689,0.0303773417473485));
#12232=CARTESIAN_POINT('',(0.0158984822684942,-0.0306679996329226,0.0303579488147304));
#12233=CARTESIAN_POINT('',(0.0158949637321067,-0.0306698234080598,0.0303526349815476));
#12234=CARTESIAN_POINT('',(0.0158839142805483,-0.0306755558742633,0.0303362650695294));
#12235=CARTESIAN_POINT('',(0.0158533814312938,-0.0306913402193619,0.0302911407083617));
#12236=CARTESIAN_POINT('',(0.0158408769595943,-0.0306977984832667,0.0302726710057825));
#12237=CARTESIAN_POINT('',(0.0158186233819387,-0.0307092683068556,0.0302398240786285));
#12238=CARTESIAN_POINT('',(0.0158106226857541,-0.0307133886029922,0.0302280180406963));
#12239=CARTESIAN_POINT('',(0.0157934542200481,-0.0307222205087611,0.0302026918404036));
#12240=CARTESIAN_POINT('',(0.0157804845055186,-0.0307288836358164,0.0301835665893592));
#12241=CARTESIAN_POINT('',(0.0157269330602356,-0.0307563712976024,0.0301046173663424));
#12242=CARTESIAN_POINT('',(0.0157052753783341,-0.0307674358310078,0.030069457348527));
#12243=CARTESIAN_POINT('',(0.0156577197315831,-0.0307916181583105,0.0299897262548213));
#12244=CARTESIAN_POINT('',(0.0160751805414798,-0.0304321944584814,0.0307212137218862));
#12245=CARTESIAN_POINT('',(0.0160072071110661,-0.0304681000244575,0.0306157271484788));
#12246=CARTESIAN_POINT('',(0.015953404089793,-0.0304962419450436,0.0305324904296401));
#12247=CARTESIAN_POINT('',(0.0158941350132856,-0.030527149517031,0.0304410099737032));
#12248=CARTESIAN_POINT('',(0.0158779502043052,-0.0305355659526376,0.0304160789343073));
#12249=CARTESIAN_POINT('',(0.0158527415173779,-0.030548660807333,0.0303773417473485));
#12250=CARTESIAN_POINT('',(0.0158400319660365,-0.0305552496342721,0.0303579488147304));
#12251=CARTESIAN_POINT('',(0.0158365263654446,-0.0305570667043537,0.0303526349815476));
#12252=CARTESIAN_POINT('',(0.0158255175368698,-0.0305627780953139,0.0303362650695294));
#12253=CARTESIAN_POINT('',(0.0157950969407376,-0.0305785044097319,0.0302911407083617));
#12254=CARTESIAN_POINT('',(0.0157826384413605,-0.0305849389300194,0.0302726710057825));
#12255=CARTESIAN_POINT('',(0.0157604666783286,-0.0305963665851392,0.0302398240786285));
#12256=CARTESIAN_POINT('',(0.0157524953964682,-0.0306004717331283,0.0302280180406963));
#12257=CARTESIAN_POINT('',(0.0157353900501214,-0.0306092711686553,0.0302026918404036));
#12258=CARTESIAN_POINT('',(0.0157224680183659,-0.03061590979892,0.0301835665893592));
#12259=CARTESIAN_POINT('',(0.0156691134533965,-0.0306432964031259,0.0301046173663424));
#12260=CARTESIAN_POINT('',(0.0156475355624728,-0.0306543201731043,0.0300694576297977));
#12261=CARTESIAN_POINT('',(0.0156001545855111,-0.0306784136797873,0.0299897262548213));
#12262=CARTESIAN_POINT('',(0.0160745814295851,-0.0304310602696843,0.0307212137218862));
#12263=CARTESIAN_POINT('',(0.0160066105324996,-0.0304669644974818,0.0306157271484806));
#12264=CARTESIAN_POINT('',(0.0159528095164302,-0.0304951053692368,0.0305324904296401));
#12265=CARTESIAN_POINT('',(0.0158935426488441,-0.0305260117893184,0.0304410099737032));
#12266=CARTESIAN_POINT('',(0.0158773584430614,-0.0305344279112497,0.0304160789343073));
#12267=CARTESIAN_POINT('',(0.0158521506956461,-0.030547522277908,0.0303773417473485));
#12268=CARTESIAN_POINT('',(0.0158394416179817,-0.0305541108592858,0.0303579488147304));
#12269=CARTESIAN_POINT('',(0.0158359361480413,-0.0305559278616463,0.0303526349815476));
#12270=CARTESIAN_POINT('',(0.0158249277297587,-0.0305616390397465,0.0303362650695294));
#12271=CARTESIAN_POINT('',(0.015794508267383,-0.0305773647680547,0.0302911407083617));
#12272=CARTESIAN_POINT('',(0.0157820502323263,-0.0305837990485316,0.0302726710057825));
#12273=CARTESIAN_POINT('',(0.0157598792956222,-0.0305952262777499,0.0302398240786285));
#12274=CARTESIAN_POINT('',(0.0157519083108464,-0.0305993312727427,0.0302280180406963));
#12275=CARTESIAN_POINT('',(0.0157348036020052,-0.0306081303803203,0.0302026918404036));
#12276=CARTESIAN_POINT('',(0.0157218820518457,-0.0306147687631673,0.0301835665893592));
#12277=CARTESIAN_POINT('',(0.0156685294753674,-0.0306421543466917,0.0301046173663424));
#12278=CARTESIAN_POINT('',(0.0156469523903326,-0.0306531777049595,0.0300694576326386));
#12279=CARTESIAN_POINT('',(0.0155995731775357,-0.0306772703145542,0.0299897262548213));
#12280=CARTESIAN_POINT('',(0.0160751805414798,-0.0304321944584814,0.0307212137218862));
#12281=CARTESIAN_POINT('',(0.016134498550858,-0.0305444903789925,0.0307212137218862));
#12282=CARTESIAN_POINT('',(0.016134498550858,-0.0305444903789924,0.0307212137218863));
#12283=CARTESIAN_POINT('',(0.0159765732016446,-0.0306279111951989,0.0304770336429401));
#12284=CARTESIAN_POINT('',(0.0158076786166053,-0.0307153631794113,0.0302411451026461));
#12285=CARTESIAN_POINT('',(0.0156577197315832,-0.0307916181583106,0.0299897262548213));
#12286=CARTESIAN_POINT('',(3.30643715532042E-18,4.68711497137172E-33,0.0307212137218862));
#12287=CARTESIAN_POINT('',(0.0163553049464124,-0.0303570116023429,0.0307212137218862));
#12288=CARTESIAN_POINT('',(0.0163839379038644,-0.0304114207948645,0.0307212137218862));
#12289=CARTESIAN_POINT('',(3.30643715532042E-18,4.68711497137172E-33,0.0307212137218862));
#12290=CARTESIAN_POINT('',(0.0160578279391099,-0.0305135595329098,0.0302601693593561));
#12291=CARTESIAN_POINT('',(0.0157605226886936,-0.0306704293122153,0.0297991278894573));
#12292=CARTESIAN_POINT('',(0.0157890062427066,-0.0307245051688025,0.0297991594647732));
#12293=CARTESIAN_POINT('',(3.30643715532042E-18,4.68711497137172E-33,0.0302601693593509));
#12294=CARTESIAN_POINT('',(0.0160803960094645,-0.0305012416669762,0.0292923650785473));
#12295=CARTESIAN_POINT('',(0.0164004939664994,-0.030332484540065,0.0287856051602687));
#12296=CARTESIAN_POINT('',(0.0164292240489117,-0.0303869796648279,0.0287856051602687));
#12297=CARTESIAN_POINT('',(3.30643715532042E-18,4.68711497137172E-33,0.0292923650785422));
#12298=CARTESIAN_POINT('',(3.30643715532042E-18,4.68711497137172E-33,0.0287856051602687));
#12299=CARTESIAN_POINT('',(0.0161538536322686,-0.0305342586094249,0.0287856051602687));
#12300=CARTESIAN_POINT('',(0.0161538536322686,-0.0305342586094249,0.0287856051602687));
#12301=CARTESIAN_POINT('',(3.30643715532042E-18,4.68711497137172E-33,0.0287856051602687));
#12302=CARTESIAN_POINT('',(0.0156473874082022,-0.0307968700243651,0.0295879232799545));
#12303=CARTESIAN_POINT('',(0.0156837682316299,-0.0307783855212986,0.0295315974578747));
#12304=CARTESIAN_POINT('',(0.0157625726754885,-0.0307383753735089,0.0294076074616904));
#12305=CARTESIAN_POINT('',(0.0158983885906079,-0.0306680528400898,0.0291919975474746));
#12306=CARTESIAN_POINT('',(0.0159141335500315,-0.0306598863479059,0.0291669836471317));
#12307=CARTESIAN_POINT('',(0.0159469288725572,-0.0306428415302554,0.0291148413600303));
#12308=CARTESIAN_POINT('',(0.0159488518049511,-0.0306418364505376,0.0291117797731734));
#12309=CARTESIAN_POINT('',(0.015972494812919,-0.0306295227073885,0.029074185941966));
#12310=CARTESIAN_POINT('',(0.0159903096763883,-0.0306202291774455,0.0290458611712133));
#12311=CARTESIAN_POINT('',(0.0160498958893626,-0.0305890632031278,0.0289511002091115));
#12312=CARTESIAN_POINT('',(0.01609781023076,-0.0305639078271803,0.0288748773846754));
#12313=CARTESIAN_POINT('',(0.016153853318378,-0.0305342587754857,0.028785605660269));
#12314=CARTESIAN_POINT('',(0.0155898602486132,-0.0306836462375108,0.0295879232799545));
#12315=CARTESIAN_POINT('',(0.0156261073199589,-0.0306652296916959,0.0295315974564059));
#12316=CARTESIAN_POINT('',(0.0157046220406521,-0.0306253666405181,0.0294076074616904));
#12317=CARTESIAN_POINT('',(0.0158399386325542,-0.0305553026458248,0.0291919975474746));
#12318=CARTESIAN_POINT('',(0.0158556257060976,-0.0305471661775092,0.0291669836471317));
#12319=CARTESIAN_POINT('',(0.0158883004575846,-0.0305301840246295,0.0291148413600303));
#12320=CARTESIAN_POINT('',(0.015890216320374,-0.0305291826400577,0.0291117797731734));
#12321=CARTESIAN_POINT('',(0.0159137724055186,-0.0305169141680231,0.029074185941966));
#12322=CARTESIAN_POINT('',(0.0159315217731663,-0.0305076548054696,0.0290458611712133));
#12323=CARTESIAN_POINT('',(0.0159908889191811,-0.0304766034119398,0.0289511002091115));
#12324=CARTESIAN_POINT('',(0.0160386271049629,-0.030451540518965,0.0288748773845935));
#12325=CARTESIAN_POINT('',(0.0160944641517664,-0.0304220004711641,0.028785605660269));
#12326=CARTESIAN_POINT('',(0.0156186236743274,-0.0307402582092236,0.0295879230183771));
#12327=CARTESIAN_POINT('',(0.0156473873200704,-0.0307968701375903,0.0295879230837715));
#12328=CARTESIAN_POINT('',(0.0156473874370339,-0.0307968700097162,0.0295879232353165));
#12329=CARTESIAN_POINT('',(0.0156655779643367,-0.0307876276994326,0.029559760144776));
#12330=CARTESIAN_POINT('',(0.0157079974035696,-0.0307660659765789,0.0294933552911065));
#12331=CARTESIAN_POINT('',(0.0157992601463438,-0.0307192638944155,0.0293492132338271));
#12332=CARTESIAN_POINT('',(0.0158630851497927,-0.0306863710720061,0.0292480932039816));
#12333=CARTESIAN_POINT('',(0.0159364891518579,-0.030648278319363,0.0291314511670011));
#12334=CARTESIAN_POINT('',(0.0159622316464193,-0.030634869476157,0.0290904966157631));
#12335=CARTESIAN_POINT('',(0.0160269562041466,-0.0306011164217979,0.0289875999338392));
#12336=CARTESIAN_POINT('',(0.0160978105060695,-0.0305639076822679,0.0288748769465179));
#12337=CARTESIAN_POINT('',(0.0161538536322686,-0.0305342586094249,0.0287856051602687));
#12338=CARTESIAN_POINT('',(0.0151276698288943,-0.0310561654560119,0.0287856051602687));
#12339=CARTESIAN_POINT('',(0.0152384885803458,-0.0310021848869946,0.0289564806657231));
#12340=CARTESIAN_POINT('',(0.0153255030831984,-0.0309590987126187,0.0290899998715016));
#12341=CARTESIAN_POINT('',(0.0153909873085029,-0.0309265148677538,0.0291891683171176));
#12342=CARTESIAN_POINT('',(0.0153991084035593,-0.0309224723583914,0.0292014678620488));
#12343=CARTESIAN_POINT('',(0.0154087647462077,-0.0309176617061524,0.0292160952397042));
#12344=CARTESIAN_POINT('',(0.0154134432201572,-0.0309153295469266,0.0292231831328049));
#12345=CARTESIAN_POINT('',(0.0154270298521373,-0.0309085531799196,0.029243769424926));
#12346=CARTESIAN_POINT('',(0.0154354892266158,-0.0309043290958234,0.0292565904367654));
#12347=CARTESIAN_POINT('',(0.015459074401076,-0.0308925417362188,0.0292923439235598));
#12348=CARTESIAN_POINT('',(0.0154724073543564,-0.0308858635610224,0.0293125668497909));
#12349=CARTESIAN_POINT('',(0.0155052486000119,-0.0308693970300535,0.029362397433589));
#12350=CARTESIAN_POINT('',(0.0155176009391148,-0.0308631799786746,0.0293811668962605));
#12351=CARTESIAN_POINT('',(0.0155207821531465,-0.0308615801409185,0.0293860252494227));
#12352=CARTESIAN_POINT('',(0.0155275709269306,-0.0308581652544335,0.0293963975939399));
#12353=CARTESIAN_POINT('',(0.0155343683314194,-0.0308547439189597,0.0294067965054294));
#12354=CARTESIAN_POINT('',(0.0155376520677348,-0.0308530904140032,0.0294118248171466));
#12355=CARTESIAN_POINT('',(0.0155471585443177,-0.0308483017172538,0.0294263963202154));
#12356=CARTESIAN_POINT('',(0.015553036556035,-0.030845338351278,0.0294354260794844));
#12357=CARTESIAN_POINT('',(0.0155692928596853,-0.0308371379098712,0.0294604616289607));
#12358=CARTESIAN_POINT('',(0.0155782934816106,-0.0308325906138671,0.0294744136908373));
#12359=CARTESIAN_POINT('',(0.0155997918940942,-0.0308217221786413,0.0295080549631441));
#12360=CARTESIAN_POINT('',(0.0156234264629611,-0.030809756451714,0.0295468336581323));
#12361=CARTESIAN_POINT('',(0.0156476748896332,-0.0307974362217306,0.0295879230183771));
#12362=CARTESIAN_POINT('',(0.0156488388529365,-0.0307968448309661,0.0295898953734552));
#12363=CARTESIAN_POINT('',(0.0156500028162398,-0.0307962534402015,0.0295918677285333));
#12364=CARTESIAN_POINT('',(0.0156511667795432,-0.030795662049437,0.0295938400836113));
#12365=CARTESIAN_POINT('',(0.01512739175184,-0.0310555945811115,0.0287856051602687));
#12366=CARTESIAN_POINT('',(0.0152382084662174,-0.031001615004367,0.0289564806657196));
#12367=CARTESIAN_POINT('',(0.0153252213695703,-0.0309585296220007,0.0290899998715016));
#12368=CARTESIAN_POINT('',(0.0153907043911427,-0.0309259463760924,0.0291891683171176));
#12369=CARTESIAN_POINT('',(0.0153988253369171,-0.0309219039410396,0.0292014678620488));
#12370=CARTESIAN_POINT('',(0.0154084815020624,-0.03091709337723,0.0292160952397042));
#12371=CARTESIAN_POINT('',(0.0154131598900122,-0.030914761260874,0.0292231831328049));
#12372=CARTESIAN_POINT('',(0.0154267462722426,-0.0309079850184303,0.029243769424926));
#12373=CARTESIAN_POINT('',(0.0154352054912207,-0.0309037610119812,0.0292565904367654));
#12374=CARTESIAN_POINT('',(0.0154587902321379,-0.0308919738690521,0.0292923439235598));
#12375=CARTESIAN_POINT('',(0.0154721229403317,-0.030885295816614,0.0293125668497909));
#12376=CARTESIAN_POINT('',(0.015504963582299,-0.0308688295883332,0.029362397433589));
#12377=CARTESIAN_POINT('',(0.015517315694341,-0.0308626126512362,0.0293811668962605));
#12378=CARTESIAN_POINT('',(0.0155204968498956,-0.0308610128428883,0.0293860252494227));
#12379=CARTESIAN_POINT('',(0.0155272854988883,-0.0308575980191758,0.0293963975939399));
#12380=CARTESIAN_POINT('',(0.0155340827784271,-0.030854176746593,0.0294067965054294));
#12381=CARTESIAN_POINT('',(0.0155373664543808,-0.0308525232720313,0.0294118248171466));
#12382=CARTESIAN_POINT('',(0.0155468727562156,-0.0308477346633078,0.0294263963202154));
#12383=CARTESIAN_POINT('',(0.0155527506598832,-0.0308447713518047,0.0294354260794844));
#12384=CARTESIAN_POINT('',(0.0155690066647099,-0.0308365710611385,0.0294604616289607));
#12385=CARTESIAN_POINT('',(0.0155780071211856,-0.0308320238487228,0.0294744136908373));
#12386=CARTESIAN_POINT('',(0.015599505138485,-0.0308211556132807,0.0295080549631441));
#12387=CARTESIAN_POINT('',(0.015623139272157,-0.0308091901066856,0.0295468336568669));
#12388=CARTESIAN_POINT('',(0.0156473872538381,-0.0307968701027949,0.0295879230183771));
#12389=CARTESIAN_POINT('',(0.0156485511957811,-0.0307962787228831,0.0295898953735159));
#12390=CARTESIAN_POINT('',(0.0156497151377242,-0.0307956873429714,0.0295918677286547));
#12391=CARTESIAN_POINT('',(0.0156508790796672,-0.0307950959630596,0.0295938400837935));
#12392=CARTESIAN_POINT('',(0.0150717763409877,-0.0309414196010339,0.0287856051602687));
#12393=CARTESIAN_POINT('',(0.0151821856405204,-0.0308876384788365,0.0289564806650177));
#12394=CARTESIAN_POINT('',(0.0152688786439469,-0.0308447114983904,0.0290899998715016));
#12395=CARTESIAN_POINT('',(0.0153341209191165,-0.0308122480438274,0.0291891683171176));
#12396=CARTESIAN_POINT('',(0.0153422120084726,-0.0308082204706682,0.0292014678620488));
#12397=CARTESIAN_POINT('',(0.0153518326730107,-0.0308034275927549,0.0292160952397042));
#12398=CARTESIAN_POINT('',(0.0153564938610048,-0.0308011040503561,0.0292231831328049));
#12399=CARTESIAN_POINT('',(0.0153700302933005,-0.0307943527205684,0.029243769424926));
#12400=CARTESIAN_POINT('',(0.0153784584122088,-0.0307901442435548,0.0292565904367654));
#12401=CARTESIAN_POINT('',(0.0154019564445197,-0.03077840043571,0.0292923439235598));
#12402=CARTESIAN_POINT('',(0.015415240135404,-0.0307717469349353,0.0293125668497909));
#12403=CARTESIAN_POINT('',(0.015447960039717,-0.0307553412442584,0.029362397433589));
#12404=CARTESIAN_POINT('',(0.0154602667395824,-0.0307491471635478,0.0293811668962605));
#12405=CARTESIAN_POINT('',(0.0154634361997122,-0.0307475532368482,0.0293860252494227));
#12406=CARTESIAN_POINT('',(0.0154701998904365,-0.0307441509676347,0.0293963975939399));
#12407=CARTESIAN_POINT('',(0.015476972179977,-0.03074074227326,0.0294067965054294));
#12408=CARTESIAN_POINT('',(0.0154802437835926,-0.0307390948776488,0.0294118248171466));
#12409=CARTESIAN_POINT('',(0.0154897151357884,-0.0307343238741044,0.0294263963202154));
#12410=CARTESIAN_POINT('',(0.0154955714295159,-0.0307313714571289,0.0294354260794844));
#12411=CARTESIAN_POINT('',(0.015511767669619,-0.0307232013145902,0.0294604616289607));
#12412=CARTESIAN_POINT('',(0.0155207350361812,-0.0307186708198672,0.0294744136908373));
#12413=CARTESIAN_POINT('',(0.0155421540166523,-0.0307078425411731,0.0295080549631441));
#12414=CARTESIAN_POINT('',(0.0155657011113303,-0.0306959211010122,0.0295468334037935));
#12415=CARTESIAN_POINT('',(0.0155898600948166,-0.0306836463156523,0.0295879230183771));
#12416=CARTESIAN_POINT('',(0.0155910197647038,-0.0306830571063024,0.0295898953856638));
#12417=CARTESIAN_POINT('',(0.015592179434591,-0.0306824678969525,0.0295918677529506));
#12418=CARTESIAN_POINT('',(0.0155933391044782,-0.0306818786876027,0.0295938401202373));
#12419=CARTESIAN_POINT('',(0.0150714954831629,-0.0309408430173845,0.0287856051602687));
#12420=CARTESIAN_POINT('',(0.0151819027252507,-0.0308870628973826,0.0289564806650142));
#12421=CARTESIAN_POINT('',(0.0152685941131825,-0.0308441367168662,0.0290899998715016));
#12422=CARTESIAN_POINT('',(0.0153338351725828,-0.0308116738672495,0.0291891683171176));
#12423=CARTESIAN_POINT('',(0.0153419261111639,-0.0308076463691428,0.0292014678620488));
#12424=CARTESIAN_POINT('',(0.015351546596424,-0.0308028535805433,0.0292160952397042));
#12425=CARTESIAN_POINT('',(0.0153562076975584,-0.0308005300814429,0.0292231831328049));
#12426=CARTESIAN_POINT('',(0.0153697438776068,-0.0307937788774642,0.029243769424926));
#12427=CARTESIAN_POINT('',(0.0153781718394598,-0.0307895704788742,0.0292565904367654));
#12428=CARTESIAN_POINT('',(0.0154016694338923,-0.0307778268898716,0.0292923439235598));
#12429=CARTESIAN_POINT('',(0.0154149528772392,-0.0307711735130828,0.0293125668497909));
#12430=CARTESIAN_POINT('',(0.0154476721718269,-0.0307547681281208,0.029362397433589));
#12431=CARTESIAN_POINT('',(0.0154599786423609,-0.0307485741628349,0.0293811668962605));
#12432=CARTESIAN_POINT('',(0.0154631480434287,-0.0307469802658377,0.0293860252494227));
#12433=CARTESIAN_POINT('',(0.0154699116081139,-0.0307435780600244,0.0293963975939399));
#12434=CARTESIAN_POINT('',(0.0154766837714548,-0.0307401694291696,0.0294067965054294));
#12435=CARTESIAN_POINT('',(0.0154799553141051,-0.0307385220642572,0.0294118248171466));
#12436=CARTESIAN_POINT('',(0.0154894264898052,-0.0307337511496189,0.0294263963202154));
#12437=CARTESIAN_POINT('',(0.0154952826744026,-0.0307307987876608,0.0294354260794844));
#12438=CARTESIAN_POINT('',(0.0155114786126938,-0.0307226287973702,0.0294604616289607));
#12439=CARTESIAN_POINT('',(0.015520445812152,-0.0307180983870715,0.0294744136908373));
#12440=CARTESIAN_POINT('',(0.0155418643934871,-0.0307072703101589,0.0295080549631441));
#12441=CARTESIAN_POINT('',(0.0155654110486181,-0.0306953490925335,0.0295468334025154));
#12442=CARTESIAN_POINT('',(0.0155895695826636,-0.0306830745355272,0.0295879230183771));
#12443=CARTESIAN_POINT('',(0.0155907292309769,-0.0306824853371387,0.0295898953857252));
#12444=CARTESIAN_POINT('',(0.0155918888792902,-0.0306818961387502,0.0295918677530733));
#12445=CARTESIAN_POINT('',(0.0155930485276035,-0.0306813069403616,0.0295938401204214));
#12446=CARTESIAN_POINT('',(0.0150717763409877,-0.0309414196010339,0.0287856051602687));
#12447=CARTESIAN_POINT('',(0.0151273917518401,-0.0310555945811115,0.0287856051602687));
#12448=CARTESIAN_POINT('',(0.01512739175184,-0.0310555945811115,0.0287856051602687));
#12449=CARTESIAN_POINT('',(0.0153010522789109,-0.0309710033549487,0.0290533836312948));
#12450=CARTESIAN_POINT('',(0.0154848262520927,-0.0308794646961409,0.0293124556469243));
#12451=CARTESIAN_POINT('',(0.0156473873310202,-0.03079687006358,0.0295879231491658));
#12452=CARTESIAN_POINT('',(3.30643715532042E-18,4.68711497137172E-33,0.0287856051602687));
#12453=CARTESIAN_POINT('',(-0.000334259559217039,-0.000163599432069481,
0.0287856051602687));
#12454=CARTESIAN_POINT('',(0.0148506908316998,-0.0311888588733423,0.0287856051602687));
#12455=CARTESIAN_POINT('',(3.30643715532042E-18,4.68711497137172E-33,0.0287856051602687));
#12456=CARTESIAN_POINT('',(0.0151580840085074,-0.0309703671655129,0.0292878597769903));
#12457=CARTESIAN_POINT('',(0.015492055965017,-0.0308061849665825,0.0297901115156035));
#12458=CARTESIAN_POINT('',(0.015519242199129,-0.0308616437923318,0.0297901631075903));
#12459=CARTESIAN_POINT('',(3.30643715532042E-18,4.68711497137172E-33,0.0292878597769998));
#12460=CARTESIAN_POINT('',(0.0151954312326952,-0.0309516356444642,0.0302556640577991));
#12461=CARTESIAN_POINT('',(-0.000296553825989237,-0.000145590472871166,
0.0307212137218862));
#12462=CARTESIAN_POINT('',(0.0149261654320691,-0.0311528092071085,0.0307212137218862));
#12463=CARTESIAN_POINT('',(3.30643715532042E-18,4.68711497137172E-33,0.030255664057793));
#12464=CARTESIAN_POINT('',(3.30643715532042E-18,4.68711497137172E-33,0.0307212137218862));
#12465=CARTESIAN_POINT('',(3.30643715532042E-18,4.68711497137172E-33,0.0307212137218862));
#12466=CARTESIAN_POINT('',(0.,0.122485921931455,0.03455795));
#12467=CARTESIAN_POINT('',(-0.00176917883211393,0.122485921931455,0.0329641));
#12468=CARTESIAN_POINT('',(-0.00176917883211393,0.033989988265076,0.0329641));
#12469=CARTESIAN_POINT('',(-0.00176917883211393,0.0240650557086411,0.0329641));
#12470=CARTESIAN_POINT('',(-0.00176917883211392,0.0240650557086411,0.0329641));
#12471=CARTESIAN_POINT('',(-0.00132028071398513,0.0240980571302037,0.0324658215871197));
#12472=CARTESIAN_POINT('',(-3.77060341205313E-7,0.0241619428407233,0.0318875788445153));
#12473=CARTESIAN_POINT('',(0.00132027996321469,0.0240980571853978,0.032465820753762));
#12474=CARTESIAN_POINT('',(0.00176917883211393,0.0240650557086411,0.0329641));
#12475=CARTESIAN_POINT('',(0.00176917883211393,0.0240650557086411,0.0329641));
#12476=CARTESIAN_POINT('',(0.00176917883211393,0.122485921931455,0.0329641));
#12477=CARTESIAN_POINT('',(0.00176917883211393,0.033989988265076,0.0329641));
#12478=CARTESIAN_POINT('',(0.00111918637411292,0.0345258650559258,0.0324561));
#12479=CARTESIAN_POINT('',(0.00138286545589777,0.0343768409230472,0.0325965029952053));
#12480=CARTESIAN_POINT('',(0.00159361919595448,0.0341942617222995,0.0327692282165405));
#12481=CARTESIAN_POINT('',(0.00176917883211394,0.033989988265076,0.0329641));
#12482=CARTESIAN_POINT('',(0.00111918637411291,0.0345258650559258,0.0324561));
#12483=CARTESIAN_POINT('',(-0.00111918637411292,0.0345258650559258,0.0324561));
#12484=CARTESIAN_POINT('',(-0.000427556949503696,0.0345482848338721,0.0320878233732387));
#12485=CARTESIAN_POINT('',(0.000427554387039309,0.0345482849169367,0.0320878220087859));
#12486=CARTESIAN_POINT('',(0.00111918637411291,0.0345258650559258,0.0324561));
#12487=CARTESIAN_POINT('',(-0.00111918637411292,0.0345258650559258,0.0324561));
#12488=CARTESIAN_POINT('',(-0.00176917883211393,0.0339899882650759,0.0329641));
#12489=CARTESIAN_POINT('',(-0.00159361919595448,0.0341942617222995,0.0327692282165405));
#12490=CARTESIAN_POINT('',(-0.0013828654558978,0.0343768409230472,0.0325965029952053));
#12491=CARTESIAN_POINT('',(-0.00111918637411295,0.0345258650559259,0.0324561));
#12492=CARTESIAN_POINT('',(0.0146812,0.0254285843160802,0.0329641));
#12493=CARTESIAN_POINT('',(0.0146812,0.0254285843160802,0.0329641));
#12494=CARTESIAN_POINT('',(0.0108077,0.0254285843160802,0.0329641));
#12495=CARTESIAN_POINT('',(0.0146812,0.0254285843160802,0.0324561));
#12496=CARTESIAN_POINT('',(0.0113157,0.0254285843160802,0.0324561));
#12497=CARTESIAN_POINT('',(0.0146812,0.0254285843160802,0.0207721));
#12498=CARTESIAN_POINT('',(0.0146812,0.0254285843160802,0.0207721));
#12499=CARTESIAN_POINT('',(0.0113157,0.0254285843160802,0.0207721));
#12500=CARTESIAN_POINT('',(0.0146812,0.0254285843160802,0.0202641));
#12501=CARTESIAN_POINT('',(0.0108077,0.0254285843160802,0.0202641));
#12502=CARTESIAN_POINT('',(0.0146812,0.0254285843160802,0.0329641));
#12503=CARTESIAN_POINT('',(0.0293624,-4.5102810375397E-17,0.0329641));
#12504=CARTESIAN_POINT('',(0.0293624,-4.5102810375397E-17,0.0329641));
#12505=CARTESIAN_POINT('',(0.0254889,-4.5102810375397E-17,0.0329641));
#12506=CARTESIAN_POINT('',(0.0293624,-4.5102810375397E-17,0.0324561));
#12507=CARTESIAN_POINT('',(0.0259969,-4.5102810375397E-17,0.0324561));
#12508=CARTESIAN_POINT('',(0.0293624,-4.5102810375397E-17,0.0207721));
#12509=CARTESIAN_POINT('',(0.0293624,-4.5102810375397E-17,0.0207721));
#12510=CARTESIAN_POINT('',(0.0259969,-4.5102810375397E-17,0.0207721));
#12511=CARTESIAN_POINT('',(0.0293624,-4.5102810375397E-17,0.0202641));
#12512=CARTESIAN_POINT('',(0.0254889,-4.5102810375397E-17,0.0202641));
#12513=CARTESIAN_POINT('',(0.0293624,-4.5102810375397E-17,0.0329641));
#12514=CARTESIAN_POINT('',(0.0146812,-0.0254285843160802,0.0329641));
#12515=CARTESIAN_POINT('',(0.0146812,-0.0254285843160802,0.0329641));
#12516=CARTESIAN_POINT('',(0.0108077,-0.0254285843160802,0.0329641));
#12517=CARTESIAN_POINT('',(0.0146812,-0.0254285843160802,0.0324561));
#12518=CARTESIAN_POINT('',(0.0113157,-0.0254285843160802,0.0324561));
#12519=CARTESIAN_POINT('',(0.0146812,-0.0254285843160802,0.0207721));
#12520=CARTESIAN_POINT('',(0.0146812,-0.0254285843160802,0.0207721));
#12521=CARTESIAN_POINT('',(0.0113157,-0.0254285843160802,0.0207721));
#12522=CARTESIAN_POINT('',(0.0146812,-0.0254285843160802,0.0202641));
#12523=CARTESIAN_POINT('',(0.0108077,-0.0254285843160802,0.0202641));
#12524=CARTESIAN_POINT('',(0.0146812,-0.0254285843160802,0.0329641));
#12525=CARTESIAN_POINT('',(-0.0146812,-0.0254285843160802,0.0329641));
#12526=CARTESIAN_POINT('',(-0.0146812,-0.0254285843160802,0.0329641));
#12527=CARTESIAN_POINT('',(-0.0185547,-0.0254285843160802,0.0329641));
#12528=CARTESIAN_POINT('',(-0.0146812,-0.0254285843160802,0.0324561));
#12529=CARTESIAN_POINT('',(-0.0180467,-0.0254285843160802,0.0324561));
#12530=CARTESIAN_POINT('',(-0.0146812,-0.0254285843160802,0.0207721));
#12531=CARTESIAN_POINT('',(-0.0146812,-0.0254285843160802,0.0207721));
#12532=CARTESIAN_POINT('',(-0.0180467,-0.0254285843160802,0.0207721));
#12533=CARTESIAN_POINT('',(-0.0146812,-0.0254285843160802,0.0202641));
#12534=CARTESIAN_POINT('',(-0.0185547,-0.0254285843160802,0.0202641));
#12535=CARTESIAN_POINT('',(-0.0146812,-0.0254285843160802,0.0329641));
#12536=CARTESIAN_POINT('',(-0.0293624,1.38777878078145E-17,0.0329641));
#12537=CARTESIAN_POINT('',(-0.0293624,1.38777878078145E-17,0.0329641));
#12538=CARTESIAN_POINT('',(-0.0332359,1.38777878078145E-17,0.0329641));
#12539=CARTESIAN_POINT('',(-0.0293624,1.38777878078145E-17,0.0324561));
#12540=CARTESIAN_POINT('',(-0.0327279,1.38777878078145E-17,0.0324561));
#12541=CARTESIAN_POINT('',(-0.0293624,1.38777878078145E-17,0.0207721));
#12542=CARTESIAN_POINT('',(-0.0293624,1.38777878078145E-17,0.0207721));
#12543=CARTESIAN_POINT('',(-0.0327279,1.38777878078145E-17,0.0207721));
#12544=CARTESIAN_POINT('',(-0.0293624,1.38777878078145E-17,0.0202641));
#12545=CARTESIAN_POINT('',(-0.0332359,1.38777878078145E-17,0.0202641));
#12546=CARTESIAN_POINT('',(-0.0293624,1.38777878078145E-17,0.0329641));
#12547=CARTESIAN_POINT('',(-0.0146812,0.0254285843160802,0.0329641));
#12548=CARTESIAN_POINT('',(-0.0146812,0.0254285843160802,0.0329641));
#12549=CARTESIAN_POINT('',(-0.0185547,0.0254285843160802,0.0329641));
#12550=CARTESIAN_POINT('',(-0.0146812,0.0254285843160802,0.0324561));
#12551=CARTESIAN_POINT('',(-0.0180467,0.0254285843160802,0.0324561));
#12552=CARTESIAN_POINT('',(-0.0146812,0.0254285843160802,0.0207721));
#12553=CARTESIAN_POINT('',(-0.0146812,0.0254285843160802,0.0207721));
#12554=CARTESIAN_POINT('',(-0.0180467,0.0254285843160802,0.0207721));
#12555=CARTESIAN_POINT('',(-0.0146812,0.0254285843160802,0.0202641));
#12556=CARTESIAN_POINT('',(-0.0185547,0.0254285843160802,0.0202641));
#12557=CARTESIAN_POINT('',(-0.0146812,0.0254285843160802,0.0329641));
#12558=CARTESIAN_POINT('',(3.46944695195361E-18,4.68711497137172E-33,0.0207721));
#12559=CARTESIAN_POINT('',(3.46944695195361E-18,4.68711497137172E-33,0.0202641));
#12560=CARTESIAN_POINT('',(-0.019685,4.68711497137172E-33,0.0202641));
#12561=CARTESIAN_POINT('',(3.46944695195361E-18,4.68711497137172E-33,0.0207721));
#12562=CARTESIAN_POINT('',(-0.019177,4.68711497137172E-33,0.0207721));
#12563=CARTESIAN_POINT('',(3.46944695195361E-18,4.68711497137172E-33,0.0278587));
#12564=CARTESIAN_POINT('',(3.46944695195361E-18,4.68711497137172E-33,0.0278587));
#12565=CARTESIAN_POINT('',(0.018288,4.68711497137172E-33,0.0278587));
#12566=CARTESIAN_POINT('',(3.46944695195361E-18,4.68711497137172E-33,0.0276555));
#12567=CARTESIAN_POINT('',(0.0184912,4.68711497137172E-33,0.0276555));
#12568=CARTESIAN_POINT('',(3.46944695195361E-18,4.68711497137172E-33,0.0315417));
#12569=CARTESIAN_POINT('',(3.46944695195361E-18,4.68711497137172E-33,0.0315417));
#12570=CARTESIAN_POINT('',(-0.018288,4.68711497137172E-33,0.0315417));
#12571=CARTESIAN_POINT('',(3.46944695195361E-18,4.68711497137172E-33,0.0317957));
#12572=CARTESIAN_POINT('',(-0.018542,4.68711497137172E-33,0.0317957));
#12573=CARTESIAN_POINT('',(3.30643715532042E-18,4.68711497137172E-33,0.0202641));
#12574=CARTESIAN_POINT('',(3.30643715532042E-18,4.68711497137172E-33,0.0202641));
#12575=CARTESIAN_POINT('',(-0.034036,4.68711497137172E-33,0.0202641));
#12576=CARTESIAN_POINT('',(3.30643715532042E-18,4.68711497137172E-33,0.0207721));
#12577=CARTESIAN_POINT('',(-0.034544,4.68711497137172E-33,0.0207721));
#12578=CARTESIAN_POINT('',(0.,4.68711497137172E-33,0.0272745));
#12579=CARTESIAN_POINT('',(0.,4.68711497137172E-33,0.0270726007603272));
#12580=CARTESIAN_POINT('',(0.0195001063246356,4.68711497137172E-33,0.0270726007603272));
#12581=CARTESIAN_POINT('',(3.46944695195361E-18,4.68711497137172E-33,0.0276555));
#12582=CARTESIAN_POINT('',(3.46944695195361E-18,0.019177,0.0276555));
#12583=CARTESIAN_POINT('',(0.,4.68711497137172E-33,0.0265555225524613));
#12584=CARTESIAN_POINT('',(0.,4.68711497137172E-33,0.0265555225524613));
#12585=CARTESIAN_POINT('',(0.019177,4.68711497137172E-33,0.0265555225524613));
#12586=CARTESIAN_POINT('',(0.,4.68711497137172E-33,0.0266141));
#12587=CARTESIAN_POINT('',(0.,4.68711497137172E-33,0.0270540409051226));
#12588=CARTESIAN_POINT('',(-0.034544,4.68711497137172E-33,0.0270540409051226));
#12589=CARTESIAN_POINT('',(0.,4.68711497137172E-33,0.0261741590948775));
#12590=CARTESIAN_POINT('',(0.034544,4.68711497137172E-33,0.0261741590948775));
#12591=CARTESIAN_POINT('',(0.,4.68711497137172E-33,0.0323037));
#12592=CARTESIAN_POINT('',(0.,4.68711497137172E-33,0.0323037));
#12593=CARTESIAN_POINT('',(0.020955,4.68711497137172E-33,0.0323037));
#12594=CARTESIAN_POINT('',(0.,4.68711497137172E-33,0.0317957));
#12595=CARTESIAN_POINT('',(0.0207701031209928,4.68711497137172E-33,0.0317957));
#12596=CARTESIAN_POINT('',(0.,4.68711497137172E-33,0.0311480945062049));
#12597=CARTESIAN_POINT('',(0.,4.68711497137172E-33,0.0311480945062049));
#12598=CARTESIAN_POINT('',(0.02413,4.68711497137172E-33,0.0311480945062049));
#12599=CARTESIAN_POINT('',(0.,4.68711497137172E-33,0.0317957));
#12600=CARTESIAN_POINT('',(3.46944695195361E-18,4.68711497137172E-33,0.0276555));
#12601=CARTESIAN_POINT('',(0.,0.,0.0276555));
#12602=CARTESIAN_POINT('',(-0.0191135,0.,0.0276555));
#12603=CARTESIAN_POINT('',(3.46944695195361E-18,4.68711497137172E-33,0.0329641));
#12604=CARTESIAN_POINT('',(3.30643715532042E-18,4.68711497137172E-33,0.0202641));
#12605=CARTESIAN_POINT('',(3.30643715532042E-18,4.68711497137172E-33,0.0329641));
#12606=CARTESIAN_POINT('',(3.46944695195361E-18,4.68711497137172E-33,0.0202641));
#12607=CARTESIAN_POINT('',(3.30643715532042E-18,4.68711497137172E-33,0.0324561));
#12608=CARTESIAN_POINT('',(3.30643715532042E-18,4.68711497137172E-33,0.0329641));
#12609=CARTESIAN_POINT('',(3.30643715532042E-18,4.68711497137172E-33,0.0324561));
#12610=CARTESIAN_POINT('',(0.,4.68711497137172E-33,0.027856267665051));
#12611=CARTESIAN_POINT('',(0.,4.68711497137172E-33,0.0329641));
#12612=CARTESIAN_POINT('',(3.30643715532042E-18,4.68711497137172E-33,0.0329641));
#12613=CARTESIAN_POINT('',(3.30643715532042E-18,4.68711497137172E-33,0.0329641));
#12614=CARTESIAN_POINT('',(0.00955675,0.,-0.264176));
#12615=CARTESIAN_POINT('',(0.,0.,-0.264176));
#12616=CARTESIAN_POINT('',(-0.0191135,0.,-0.264176));
#12617=CARTESIAN_POINT('',(0.,0.,-0.1885));
#12618=CARTESIAN_POINT('',(0.018288,0.,0.0276555));
#12619=CARTESIAN_POINT('',(0.,0.,0.0276555));
#12620=CARTESIAN_POINT('',(-0.0174625,0.,0.0276555));
#12621=CARTESIAN_POINT('',(0.,0.,-0.1885));
#12622=CARTESIAN_POINT('',(0.,0.,-0.261001));
#12623=CARTESIAN_POINT('',(-0.0174625,0.,-0.261001));
#12624=CARTESIAN_POINT('',(0.00873125,0.,-0.261001));
#12625=MECHANICAL_DESIGN_GEOMETRIC_PRESENTATION_REPRESENTATION('',(#4233,
#3926,#3927,#3928,#3929,#3930,#3931,#3932,#3933,#3934,#3935,#3936,#3937,
#3938,#3939,#3940,#3941,#3942,#3943,#3944,#3945,#3946,#3947,#3948,#3949,
#3950,#3951,#3952,#3953,#3954,#3955,#3956,#3957,#3958,#3959,#3960,#3961,
#3962,#3963,#3964,#3965,#3966,#3967,#3968,#3969,#3970,#3971,#3972,#3973,
#3974,#3975,#3976,#3977,#3978,#3979,#3980,#3981,#3982,#3983,#3984),#12626);
#12626=(
GEOMETRIC_REPRESENTATION_CONTEXT(3)
GLOBAL_UNCERTAINTY_ASSIGNED_CONTEXT((#12627))
GLOBAL_UNIT_ASSIGNED_CONTEXT((#12630,#12629,#12628))
REPRESENTATION_CONTEXT('F0275N150NLN Flange-Outer Crucible Weldment',
'TOP_LEVEL_ASSEMBLY_PART')
);
#12627=UNCERTAINTY_MEASURE_WITH_UNIT(LENGTH_MEASURE(2.E-5),#12630,
'DISTANCE_ACCURACY_VALUE','Maximum Tolerance applied to model');
#12628=(
NAMED_UNIT(*)
SI_UNIT($,.STERADIAN.)
SOLID_ANGLE_UNIT()
);
#12629=(
NAMED_UNIT(*)
PLANE_ANGLE_UNIT()
SI_UNIT($,.RADIAN.)
);
#12630=(
LENGTH_UNIT()
NAMED_UNIT(*)
SI_UNIT($,.METRE.)
);
#12631=PRODUCT_DEFINITION_SHAPE('','',#12632);
#12632=PRODUCT_DEFINITION('','',#12634,#12633);
#12633=PRODUCT_DEFINITION_CONTEXT('',#12640,'design');
#12634=PRODUCT_DEFINITION_FORMATION_WITH_SPECIFIED_SOURCE('','',#12636,
 .NOT_KNOWN.);
#12635=PRODUCT_RELATED_PRODUCT_CATEGORY('','',(#12636));
#12636=PRODUCT('F0275N150NLN Flange-Outer Crucible Weldment',
'F0275N150NLN Flange-Outer Crucible Weldment',
'F0275N150NLN Flange-Outer Crucible Weldment',(#12638));
#12637=PRODUCT_CATEGORY('','');
#12638=PRODUCT_CONTEXT('',#12640,'mechanical');
#12639=APPLICATION_PROTOCOL_DEFINITION('international standard',
'ap242_managed_model_based_3d_engineering',2020,#12640);
#12640=APPLICATION_CONTEXT('managed model based 3d engineering');
ENDSEC;
END-ISO-10303-21;
