ISO-10303-21;
HEADER;
/* Generated by software containing ST-Developer
 * from STEP Tools, Inc. (www.steptools.com) 
 */
/* OPTION: using custom renumber hook */

FILE_DESCRIPTION(
/* description */ ('STEP AP242 Edition 2',
'CAx-IF Rec.Pracs.---Representation and Presentation of Product Manufa
cturing Information (PMI)---4.0---2014-10-13',
'CAx-IF Rec.Pracs.---3D Tessellated Geometry---0.4---2014-09-14','2;1',
'CAx-IF Rec.Pracs.---User Defined Attributes---1.5---2016-08-15'),
/* implementation_level */ '2;1');

FILE_NAME(
/* name */ 'NP-Crucible Assembly - SS-600-4',
/* time_stamp */ '2026-07-15T12:54:19Z',
/* author */ (''),
/* organization */ (''),
/* preprocessor_version */ 'ST-DEVELOPER v20',
/* originating_system */ 'ONSHAPE BY PTC INC, 1.217',
/* authorisation */ '  ');

FILE_SCHEMA (('AP242_MANAGED_MODEL_BASED_3D_ENGINEERING_MIM_LF { 1 0 10303 442 3 1 4 }'));
ENDSEC;

DATA;
#10=SHAPE_REPRESENTATION_RELATIONSHIP('','',#1765,#11);
#11=ADVANCED_BREP_SHAPE_REPRESENTATION('',(#1763),#3157);
#12=ELLIPSE('',#1942,0.00502894342779872,0.003556);
#13=ELLIPSE('',#1943,0.00502894342779873,0.003556);
#14=ELLIPSE('',#1951,0.00502894342779872,0.003556);
#15=ELLIPSE('',#1954,0.00502894342779872,0.003556);
#16=(
BOUNDED_CURVE()
B_SPLINE_CURVE(2,(#2553,#2554,#2555),.UNSPECIFIED.,.F.,.F.)
B_SPLINE_CURVE_WITH_KNOTS((3,3),(0.,0.202069852977459),.UNSPECIFIED.)
CURVE()
GEOMETRIC_REPRESENTATION_ITEM()
RATIONAL_B_SPLINE_CURVE((1.,1.03795484930199,1.))
REPRESENTATION_ITEM('')
);
#17=(
BOUNDED_CURVE()
B_SPLINE_CURVE(2,(#2557,#2558,#2559),.UNSPECIFIED.,.F.,.F.)
B_SPLINE_CURVE_WITH_KNOTS((3,3),(0.202069852977458,0.404139705954917),
 .UNSPECIFIED.)
CURVE()
GEOMETRIC_REPRESENTATION_ITEM()
RATIONAL_B_SPLINE_CURVE((1.,1.03795484930196,1.))
REPRESENTATION_ITEM('')
);
#18=(
BOUNDED_CURVE()
B_SPLINE_CURVE(2,(#2561,#2562,#2563),.UNSPECIFIED.,.F.,.F.)
B_SPLINE_CURVE_WITH_KNOTS((3,3),(0.202069852977459,0.404139705954918),
 .UNSPECIFIED.)
CURVE()
GEOMETRIC_REPRESENTATION_ITEM()
RATIONAL_B_SPLINE_CURVE((1.,1.03795484930209,1.))
REPRESENTATION_ITEM('')
);
#19=(
BOUNDED_CURVE()
B_SPLINE_CURVE(2,(#2565,#2566,#2567),.UNSPECIFIED.,.F.,.F.)
B_SPLINE_CURVE_WITH_KNOTS((3,3),(0.,0.202069852977458),.UNSPECIFIED.)
CURVE()
GEOMETRIC_REPRESENTATION_ITEM()
RATIONAL_B_SPLINE_CURVE((1.,1.03795484930196,1.))
REPRESENTATION_ITEM('')
);
#20=(
BOUNDED_CURVE()
B_SPLINE_CURVE(2,(#2569,#2570,#2571),.UNSPECIFIED.,.F.,.F.)
B_SPLINE_CURVE_WITH_KNOTS((3,3),(0.20206985297746,0.40413970595492),
 .UNSPECIFIED.)
CURVE()
GEOMETRIC_REPRESENTATION_ITEM()
RATIONAL_B_SPLINE_CURVE((1.,1.03795484930201,1.))
REPRESENTATION_ITEM('')
);
#21=(
BOUNDED_CURVE()
B_SPLINE_CURVE(2,(#2573,#2574,#2575),.UNSPECIFIED.,.F.,.F.)
B_SPLINE_CURVE_WITH_KNOTS((3,3),(0.,0.202069852977459),.UNSPECIFIED.)
CURVE()
GEOMETRIC_REPRESENTATION_ITEM()
RATIONAL_B_SPLINE_CURVE((1.,1.03795484930205,1.))
REPRESENTATION_ITEM('')
);
#22=(
BOUNDED_CURVE()
B_SPLINE_CURVE(2,(#2577,#2578,#2579),.UNSPECIFIED.,.F.,.F.)
B_SPLINE_CURVE_WITH_KNOTS((3,3),(0.,0.20206985297746),.UNSPECIFIED.)
CURVE()
GEOMETRIC_REPRESENTATION_ITEM()
RATIONAL_B_SPLINE_CURVE((1.,1.03795484930208,1.))
REPRESENTATION_ITEM('')
);
#23=(
BOUNDED_CURVE()
B_SPLINE_CURVE(2,(#2581,#2582,#2583),.UNSPECIFIED.,.F.,.F.)
B_SPLINE_CURVE_WITH_KNOTS((3,3),(0.20206985297746,0.40413970595492),
 .UNSPECIFIED.)
CURVE()
GEOMETRIC_REPRESENTATION_ITEM()
RATIONAL_B_SPLINE_CURVE((1.,1.03795484930208,1.))
REPRESENTATION_ITEM('')
);
#24=(
BOUNDED_CURVE()
B_SPLINE_CURVE(2,(#2585,#2586,#2587),.UNSPECIFIED.,.F.,.F.)
B_SPLINE_CURVE_WITH_KNOTS((3,3),(0.,0.20206985297746),.UNSPECIFIED.)
CURVE()
GEOMETRIC_REPRESENTATION_ITEM()
RATIONAL_B_SPLINE_CURVE((1.,1.03795484930204,1.))
REPRESENTATION_ITEM('')
);
#25=(
BOUNDED_CURVE()
B_SPLINE_CURVE(2,(#2589,#2590,#2591),.UNSPECIFIED.,.F.,.F.)
B_SPLINE_CURVE_WITH_KNOTS((3,3),(0.202069852977459,0.404139705954918),
 .UNSPECIFIED.)
CURVE()
GEOMETRIC_REPRESENTATION_ITEM()
RATIONAL_B_SPLINE_CURVE((1.,1.03795484930202,1.))
REPRESENTATION_ITEM('')
);
#26=(
BOUNDED_CURVE()
B_SPLINE_CURVE(2,(#2593,#2594,#2595),.UNSPECIFIED.,.F.,.F.)
B_SPLINE_CURVE_WITH_KNOTS((3,3),(0.,0.202069852977459),.UNSPECIFIED.)
CURVE()
GEOMETRIC_REPRESENTATION_ITEM()
RATIONAL_B_SPLINE_CURVE((1.,1.03795484930201,1.))
REPRESENTATION_ITEM('')
);
#27=(
BOUNDED_CURVE()
B_SPLINE_CURVE(2,(#2597,#2598,#2599),.UNSPECIFIED.,.F.,.F.)
B_SPLINE_CURVE_WITH_KNOTS((3,3),(0.202069852977459,0.404139705954918),
 .UNSPECIFIED.)
CURVE()
GEOMETRIC_REPRESENTATION_ITEM()
RATIONAL_B_SPLINE_CURVE((1.,1.03795484930198,1.))
REPRESENTATION_ITEM('')
);
#28=(
BOUNDED_CURVE()
B_SPLINE_CURVE(2,(#2610,#2611,#2612),.UNSPECIFIED.,.F.,.F.)
B_SPLINE_CURVE_WITH_KNOTS((3,3),(0.202069852977458,0.404139705954917),
 .UNSPECIFIED.)
CURVE()
GEOMETRIC_REPRESENTATION_ITEM()
RATIONAL_B_SPLINE_CURVE((1.,1.03795484930203,1.))
REPRESENTATION_ITEM('')
);
#29=(
BOUNDED_CURVE()
B_SPLINE_CURVE(2,(#2618,#2619,#2620),.UNSPECIFIED.,.F.,.F.)
B_SPLINE_CURVE_WITH_KNOTS((3,3),(0.,0.202069852977458),.UNSPECIFIED.)
CURVE()
GEOMETRIC_REPRESENTATION_ITEM()
RATIONAL_B_SPLINE_CURVE((1.,1.03795484930203,1.))
REPRESENTATION_ITEM('')
);
#30=(
BOUNDED_CURVE()
B_SPLINE_CURVE(2,(#2622,#2623,#2624),.UNSPECIFIED.,.F.,.F.)
B_SPLINE_CURVE_WITH_KNOTS((3,3),(0.,0.202069852977459),.UNSPECIFIED.)
CURVE()
GEOMETRIC_REPRESENTATION_ITEM()
RATIONAL_B_SPLINE_CURVE((1.,1.03795484930203,1.))
REPRESENTATION_ITEM('')
);
#31=(
BOUNDED_CURVE()
B_SPLINE_CURVE(2,(#2626,#2627,#2628),.UNSPECIFIED.,.F.,.F.)
B_SPLINE_CURVE_WITH_KNOTS((3,3),(0.202069852977459,0.404139705954917),
 .UNSPECIFIED.)
CURVE()
GEOMETRIC_REPRESENTATION_ITEM()
RATIONAL_B_SPLINE_CURVE((1.,1.03795484930203,1.))
REPRESENTATION_ITEM('')
);
#32=(
BOUNDED_CURVE()
B_SPLINE_CURVE(2,(#2632,#2633,#2634),.UNSPECIFIED.,.F.,.F.)
B_SPLINE_CURVE_WITH_KNOTS((3,3),(0.202069852977459,0.404139705954918),
 .UNSPECIFIED.)
CURVE()
GEOMETRIC_REPRESENTATION_ITEM()
RATIONAL_B_SPLINE_CURVE((1.,1.0379548493021,1.))
REPRESENTATION_ITEM('')
);
#33=(
BOUNDED_CURVE()
B_SPLINE_CURVE(2,(#2638,#2639,#2640),.UNSPECIFIED.,.F.,.F.)
B_SPLINE_CURVE_WITH_KNOTS((3,3),(0.,0.202069852977459),.UNSPECIFIED.)
CURVE()
GEOMETRIC_REPRESENTATION_ITEM()
RATIONAL_B_SPLINE_CURVE((1.,1.03795484930207,1.))
REPRESENTATION_ITEM('')
);
#34=(
BOUNDED_CURVE()
B_SPLINE_CURVE(2,(#2642,#2643,#2644),.UNSPECIFIED.,.F.,.F.)
B_SPLINE_CURVE_WITH_KNOTS((3,3),(0.,0.202069852977459),.UNSPECIFIED.)
CURVE()
GEOMETRIC_REPRESENTATION_ITEM()
RATIONAL_B_SPLINE_CURVE((1.,1.03795484930212,1.))
REPRESENTATION_ITEM('')
);
#35=(
BOUNDED_CURVE()
B_SPLINE_CURVE(2,(#2646,#2647,#2648),.UNSPECIFIED.,.F.,.F.)
B_SPLINE_CURVE_WITH_KNOTS((3,3),(0.202069852977459,0.404139705954919),
 .UNSPECIFIED.)
CURVE()
GEOMETRIC_REPRESENTATION_ITEM()
RATIONAL_B_SPLINE_CURVE((1.,1.03795484930205,1.))
REPRESENTATION_ITEM('')
);
#36=(
BOUNDED_CURVE()
B_SPLINE_CURVE(2,(#2652,#2653,#2654),.UNSPECIFIED.,.F.,.F.)
B_SPLINE_CURVE_WITH_KNOTS((3,3),(0.,0.202069852977459),.UNSPECIFIED.)
CURVE()
GEOMETRIC_REPRESENTATION_ITEM()
RATIONAL_B_SPLINE_CURVE((1.,1.03795484930208,1.))
REPRESENTATION_ITEM('')
);
#37=(
BOUNDED_CURVE()
B_SPLINE_CURVE(2,(#2656,#2657,#2658),.UNSPECIFIED.,.F.,.F.)
B_SPLINE_CURVE_WITH_KNOTS((3,3),(0.202069852977459,0.404139705954918),
 .UNSPECIFIED.)
CURVE()
GEOMETRIC_REPRESENTATION_ITEM()
RATIONAL_B_SPLINE_CURVE((1.,1.03795484930202,1.))
REPRESENTATION_ITEM('')
);
#38=(
BOUNDED_CURVE()
B_SPLINE_CURVE(2,(#2662,#2663,#2664),.UNSPECIFIED.,.F.,.F.)
B_SPLINE_CURVE_WITH_KNOTS((3,3),(0.202069852977458,0.404139705954917),
 .UNSPECIFIED.)
CURVE()
GEOMETRIC_REPRESENTATION_ITEM()
RATIONAL_B_SPLINE_CURVE((1.,1.03795484930211,1.))
REPRESENTATION_ITEM('')
);
#39=(
BOUNDED_CURVE()
B_SPLINE_CURVE(2,(#2666,#2667,#2668),.UNSPECIFIED.,.F.,.F.)
B_SPLINE_CURVE_WITH_KNOTS((3,3),(0.,0.202069852977458),.UNSPECIFIED.)
CURVE()
GEOMETRIC_REPRESENTATION_ITEM()
RATIONAL_B_SPLINE_CURVE((1.,1.03795484930199,1.))
REPRESENTATION_ITEM('')
);
#40=(
BOUNDED_CURVE()
B_SPLINE_CURVE(2,(#2745,#2746,#2747),.UNSPECIFIED.,.F.,.F.)
B_SPLINE_CURVE_WITH_KNOTS((3,3),(0.,0.202069852977458),.UNSPECIFIED.)
CURVE()
GEOMETRIC_REPRESENTATION_ITEM()
RATIONAL_B_SPLINE_CURVE((1.,1.03795484930202,1.))
REPRESENTATION_ITEM('')
);
#41=(
BOUNDED_CURVE()
B_SPLINE_CURVE(2,(#2749,#2750,#2751),.UNSPECIFIED.,.F.,.F.)
B_SPLINE_CURVE_WITH_KNOTS((3,3),(0.202069852977458,0.404139705954917),
 .UNSPECIFIED.)
CURVE()
GEOMETRIC_REPRESENTATION_ITEM()
RATIONAL_B_SPLINE_CURVE((1.,1.03795484930203,1.))
REPRESENTATION_ITEM('')
);
#42=(
BOUNDED_CURVE()
B_SPLINE_CURVE(2,(#2753,#2754,#2755),.UNSPECIFIED.,.F.,.F.)
B_SPLINE_CURVE_WITH_KNOTS((3,3),(0.202069852977459,0.404139705954918),
 .UNSPECIFIED.)
CURVE()
GEOMETRIC_REPRESENTATION_ITEM()
RATIONAL_B_SPLINE_CURVE((1.,1.03795484930208,1.))
REPRESENTATION_ITEM('')
);
#43=(
BOUNDED_CURVE()
B_SPLINE_CURVE(2,(#2757,#2758,#2759),.UNSPECIFIED.,.F.,.F.)
B_SPLINE_CURVE_WITH_KNOTS((3,3),(0.,0.202069852977458),.UNSPECIFIED.)
CURVE()
GEOMETRIC_REPRESENTATION_ITEM()
RATIONAL_B_SPLINE_CURVE((1.,1.03795484930203,1.))
REPRESENTATION_ITEM('')
);
#44=(
BOUNDED_CURVE()
B_SPLINE_CURVE(2,(#2761,#2762,#2763),.UNSPECIFIED.,.F.,.F.)
B_SPLINE_CURVE_WITH_KNOTS((3,3),(0.202069852977459,0.404139705954918),
 .UNSPECIFIED.)
CURVE()
GEOMETRIC_REPRESENTATION_ITEM()
RATIONAL_B_SPLINE_CURVE((1.,1.03795484930203,1.))
REPRESENTATION_ITEM('')
);
#45=(
BOUNDED_CURVE()
B_SPLINE_CURVE(2,(#2765,#2766,#2767),.UNSPECIFIED.,.F.,.F.)
B_SPLINE_CURVE_WITH_KNOTS((3,3),(0.,0.202069852977459),.UNSPECIFIED.)
CURVE()
GEOMETRIC_REPRESENTATION_ITEM()
RATIONAL_B_SPLINE_CURVE((1.,1.03795484930208,1.))
REPRESENTATION_ITEM('')
);
#46=(
BOUNDED_CURVE()
B_SPLINE_CURVE(2,(#2769,#2770,#2771),.UNSPECIFIED.,.F.,.F.)
B_SPLINE_CURVE_WITH_KNOTS((3,3),(0.,0.202069852977459),.UNSPECIFIED.)
CURVE()
GEOMETRIC_REPRESENTATION_ITEM()
RATIONAL_B_SPLINE_CURVE((1.,1.03795484930208,1.))
REPRESENTATION_ITEM('')
);
#47=(
BOUNDED_CURVE()
B_SPLINE_CURVE(2,(#2773,#2774,#2775),.UNSPECIFIED.,.F.,.F.)
B_SPLINE_CURVE_WITH_KNOTS((3,3),(0.202069852977459,0.404139705954918),
 .UNSPECIFIED.)
CURVE()
GEOMETRIC_REPRESENTATION_ITEM()
RATIONAL_B_SPLINE_CURVE((1.,1.03795484930208,1.))
REPRESENTATION_ITEM('')
);
#48=(
BOUNDED_CURVE()
B_SPLINE_CURVE(2,(#2777,#2778,#2779),.UNSPECIFIED.,.F.,.F.)
B_SPLINE_CURVE_WITH_KNOTS((3,3),(0.,0.202069852977459),.UNSPECIFIED.)
CURVE()
GEOMETRIC_REPRESENTATION_ITEM()
RATIONAL_B_SPLINE_CURVE((1.,1.03795484930203,1.))
REPRESENTATION_ITEM('')
);
#49=(
BOUNDED_CURVE()
B_SPLINE_CURVE(2,(#2781,#2782,#2783),.UNSPECIFIED.,.F.,.F.)
B_SPLINE_CURVE_WITH_KNOTS((3,3),(0.202069852977459,0.404139705954917),
 .UNSPECIFIED.)
CURVE()
GEOMETRIC_REPRESENTATION_ITEM()
RATIONAL_B_SPLINE_CURVE((1.,1.03795484930208,1.))
REPRESENTATION_ITEM('')
);
#50=(
BOUNDED_CURVE()
B_SPLINE_CURVE(2,(#2785,#2786,#2787),.UNSPECIFIED.,.F.,.F.)
B_SPLINE_CURVE_WITH_KNOTS((3,3),(0.,0.202069852977459),.UNSPECIFIED.)
CURVE()
GEOMETRIC_REPRESENTATION_ITEM()
RATIONAL_B_SPLINE_CURVE((1.,1.03795484930203,1.))
REPRESENTATION_ITEM('')
);
#51=(
BOUNDED_CURVE()
B_SPLINE_CURVE(2,(#2789,#2790,#2791),.UNSPECIFIED.,.F.,.F.)
B_SPLINE_CURVE_WITH_KNOTS((3,3),(0.202069852977458,0.404139705954917),
 .UNSPECIFIED.)
CURVE()
GEOMETRIC_REPRESENTATION_ITEM()
RATIONAL_B_SPLINE_CURVE((1.,1.03795484930202,1.))
REPRESENTATION_ITEM('')
);
#52=(
BOUNDED_CURVE()
B_SPLINE_CURVE(2,(#2793,#2794,#2795),.UNSPECIFIED.,.F.,.F.)
B_SPLINE_CURVE_WITH_KNOTS((3,3),(0.,0.202069852977459),.UNSPECIFIED.)
CURVE()
GEOMETRIC_REPRESENTATION_ITEM()
RATIONAL_B_SPLINE_CURVE((1.,1.03795484930202,1.))
REPRESENTATION_ITEM('')
);
#53=(
BOUNDED_CURVE()
B_SPLINE_CURVE(2,(#2797,#2798,#2799),.UNSPECIFIED.,.F.,.F.)
B_SPLINE_CURVE_WITH_KNOTS((3,3),(0.202069852977459,0.404139705954918),
 .UNSPECIFIED.)
CURVE()
GEOMETRIC_REPRESENTATION_ITEM()
RATIONAL_B_SPLINE_CURVE((1.,1.03795484930198,1.))
REPRESENTATION_ITEM('')
);
#54=(
BOUNDED_CURVE()
B_SPLINE_CURVE(2,(#2801,#2802,#2803),.UNSPECIFIED.,.F.,.F.)
B_SPLINE_CURVE_WITH_KNOTS((3,3),(0.202069852977459,0.404139705954919),
 .UNSPECIFIED.)
CURVE()
GEOMETRIC_REPRESENTATION_ITEM()
RATIONAL_B_SPLINE_CURVE((1.,1.03795484930206,1.))
REPRESENTATION_ITEM('')
);
#55=(
BOUNDED_CURVE()
B_SPLINE_CURVE(2,(#2805,#2806,#2807),.UNSPECIFIED.,.F.,.F.)
B_SPLINE_CURVE_WITH_KNOTS((3,3),(0.,0.202069852977459),.UNSPECIFIED.)
CURVE()
GEOMETRIC_REPRESENTATION_ITEM()
RATIONAL_B_SPLINE_CURVE((1.,1.03795484930203,1.))
REPRESENTATION_ITEM('')
);
#56=(
BOUNDED_CURVE()
B_SPLINE_CURVE(2,(#2809,#2810,#2811),.UNSPECIFIED.,.F.,.F.)
B_SPLINE_CURVE_WITH_KNOTS((3,3),(0.202069852977459,0.404139705954918),
 .UNSPECIFIED.)
CURVE()
GEOMETRIC_REPRESENTATION_ITEM()
RATIONAL_B_SPLINE_CURVE((1.,1.03795484930208,1.))
REPRESENTATION_ITEM('')
);
#57=(
BOUNDED_CURVE()
B_SPLINE_CURVE(2,(#2813,#2814,#2815),.UNSPECIFIED.,.F.,.F.)
B_SPLINE_CURVE_WITH_KNOTS((3,3),(0.,0.202069852977459),.UNSPECIFIED.)
CURVE()
GEOMETRIC_REPRESENTATION_ITEM()
RATIONAL_B_SPLINE_CURVE((1.,1.03795484930204,1.))
REPRESENTATION_ITEM('')
);
#58=(
BOUNDED_CURVE()
B_SPLINE_CURVE(2,(#2817,#2818,#2819),.UNSPECIFIED.,.F.,.F.)
B_SPLINE_CURVE_WITH_KNOTS((3,3),(0.,0.202069852977459),.UNSPECIFIED.)
CURVE()
GEOMETRIC_REPRESENTATION_ITEM()
RATIONAL_B_SPLINE_CURVE((1.,1.03795484930207,1.))
REPRESENTATION_ITEM('')
);
#59=(
BOUNDED_CURVE()
B_SPLINE_CURVE(2,(#2821,#2822,#2823),.UNSPECIFIED.,.F.,.F.)
B_SPLINE_CURVE_WITH_KNOTS((3,3),(0.202069852977459,0.404139705954918),
 .UNSPECIFIED.)
CURVE()
GEOMETRIC_REPRESENTATION_ITEM()
RATIONAL_B_SPLINE_CURVE((1.,1.03795484930206,1.))
REPRESENTATION_ITEM('')
);
#60=(
BOUNDED_CURVE()
B_SPLINE_CURVE(2,(#2825,#2826,#2827),.UNSPECIFIED.,.F.,.F.)
B_SPLINE_CURVE_WITH_KNOTS((3,3),(0.,0.202069852977459),.UNSPECIFIED.)
CURVE()
GEOMETRIC_REPRESENTATION_ITEM()
RATIONAL_B_SPLINE_CURVE((1.,1.03795484930203,1.))
REPRESENTATION_ITEM('')
);
#61=(
BOUNDED_CURVE()
B_SPLINE_CURVE(2,(#2829,#2830,#2831),.UNSPECIFIED.,.F.,.F.)
B_SPLINE_CURVE_WITH_KNOTS((3,3),(0.202069852977459,0.404139705954918),
 .UNSPECIFIED.)
CURVE()
GEOMETRIC_REPRESENTATION_ITEM()
RATIONAL_B_SPLINE_CURVE((1.,1.03795484930205,1.))
REPRESENTATION_ITEM('')
);
#62=(
BOUNDED_CURVE()
B_SPLINE_CURVE(2,(#2833,#2834,#2835),.UNSPECIFIED.,.F.,.F.)
B_SPLINE_CURVE_WITH_KNOTS((3,3),(0.,0.202069852977459),.UNSPECIFIED.)
CURVE()
GEOMETRIC_REPRESENTATION_ITEM()
RATIONAL_B_SPLINE_CURVE((1.,1.03795484930208,1.))
REPRESENTATION_ITEM('')
);
#63=(
BOUNDED_CURVE()
B_SPLINE_CURVE(2,(#2837,#2838,#2839),.UNSPECIFIED.,.F.,.F.)
B_SPLINE_CURVE_WITH_KNOTS((3,3),(0.202069852977459,0.404139705954917),
 .UNSPECIFIED.)
CURVE()
GEOMETRIC_REPRESENTATION_ITEM()
RATIONAL_B_SPLINE_CURVE((1.,1.03795484930203,1.))
REPRESENTATION_ITEM('')
);
#64=(
BOUNDED_CURVE()
B_SPLINE_CURVE(2,(#2841,#2842,#2843),.UNSPECIFIED.,.F.,.F.)
B_SPLINE_CURVE_WITH_KNOTS((3,3),(0.,0.202069852977459),.UNSPECIFIED.)
CURVE()
GEOMETRIC_REPRESENTATION_ITEM()
RATIONAL_B_SPLINE_CURVE((1.,1.03795484930197,1.))
REPRESENTATION_ITEM('')
);
#65=(
BOUNDED_CURVE()
B_SPLINE_CURVE(2,(#2845,#2846,#2847),.UNSPECIFIED.,.F.,.F.)
B_SPLINE_CURVE_WITH_KNOTS((3,3),(0.202069852977459,0.404139705954918),
 .UNSPECIFIED.)
CURVE()
GEOMETRIC_REPRESENTATION_ITEM()
RATIONAL_B_SPLINE_CURVE((1.,1.037954849302,1.))
REPRESENTATION_ITEM('')
);
#66=(
BOUNDED_CURVE()
B_SPLINE_CURVE(2,(#2849,#2850,#2851),.UNSPECIFIED.,.F.,.F.)
B_SPLINE_CURVE_WITH_KNOTS((3,3),(0.202069852977459,0.404139705954919),
 .UNSPECIFIED.)
CURVE()
GEOMETRIC_REPRESENTATION_ITEM()
RATIONAL_B_SPLINE_CURVE((1.,1.03795484930203,1.))
REPRESENTATION_ITEM('')
);
#67=(
BOUNDED_CURVE()
B_SPLINE_CURVE(2,(#2853,#2854,#2855),.UNSPECIFIED.,.F.,.F.)
B_SPLINE_CURVE_WITH_KNOTS((3,3),(0.,0.202069852977459),.UNSPECIFIED.)
CURVE()
GEOMETRIC_REPRESENTATION_ITEM()
RATIONAL_B_SPLINE_CURVE((1.,1.037954849302,1.))
REPRESENTATION_ITEM('')
);
#68=(
BOUNDED_CURVE()
B_SPLINE_CURVE(2,(#2857,#2858,#2859),.UNSPECIFIED.,.F.,.F.)
B_SPLINE_CURVE_WITH_KNOTS((3,3),(0.20206985297746,0.40413970595492),
 .UNSPECIFIED.)
CURVE()
GEOMETRIC_REPRESENTATION_ITEM()
RATIONAL_B_SPLINE_CURVE((1.,1.03795484930205,1.))
REPRESENTATION_ITEM('')
);
#69=(
BOUNDED_CURVE()
B_SPLINE_CURVE(2,(#2861,#2862,#2863),.UNSPECIFIED.,.F.,.F.)
B_SPLINE_CURVE_WITH_KNOTS((3,3),(0.,0.202069852977459),.UNSPECIFIED.)
CURVE()
GEOMETRIC_REPRESENTATION_ITEM()
RATIONAL_B_SPLINE_CURVE((1.,1.03795484930204,1.))
REPRESENTATION_ITEM('')
);
#70=(
BOUNDED_CURVE()
B_SPLINE_CURVE(2,(#2865,#2866,#2867),.UNSPECIFIED.,.F.,.F.)
B_SPLINE_CURVE_WITH_KNOTS((3,3),(0.,0.20206985297746),.UNSPECIFIED.)
CURVE()
GEOMETRIC_REPRESENTATION_ITEM()
RATIONAL_B_SPLINE_CURVE((1.,1.03795484930205,1.))
REPRESENTATION_ITEM('')
);
#71=(
BOUNDED_CURVE()
B_SPLINE_CURVE(2,(#2869,#2870,#2871),.UNSPECIFIED.,.F.,.F.)
B_SPLINE_CURVE_WITH_KNOTS((3,3),(0.20206985297746,0.404139705954919),
 .UNSPECIFIED.)
CURVE()
GEOMETRIC_REPRESENTATION_ITEM()
RATIONAL_B_SPLINE_CURVE((1.,1.03795484930204,1.))
REPRESENTATION_ITEM('')
);
#72=(
BOUNDED_CURVE()
B_SPLINE_CURVE(2,(#2873,#2874,#2875),.UNSPECIFIED.,.F.,.F.)
B_SPLINE_CURVE_WITH_KNOTS((3,3),(0.,0.20206985297746),.UNSPECIFIED.)
CURVE()
GEOMETRIC_REPRESENTATION_ITEM()
RATIONAL_B_SPLINE_CURVE((1.,1.03795484930204,1.))
REPRESENTATION_ITEM('')
);
#73=(
BOUNDED_CURVE()
B_SPLINE_CURVE(2,(#2877,#2878,#2879),.UNSPECIFIED.,.F.,.F.)
B_SPLINE_CURVE_WITH_KNOTS((3,3),(0.202069852977459,0.404139705954918),
 .UNSPECIFIED.)
CURVE()
GEOMETRIC_REPRESENTATION_ITEM()
RATIONAL_B_SPLINE_CURVE((1.,1.03795484930201,1.))
REPRESENTATION_ITEM('')
);
#74=(
BOUNDED_CURVE()
B_SPLINE_CURVE(2,(#2881,#2882,#2883),.UNSPECIFIED.,.F.,.F.)
B_SPLINE_CURVE_WITH_KNOTS((3,3),(0.,0.202069852977459),.UNSPECIFIED.)
CURVE()
GEOMETRIC_REPRESENTATION_ITEM()
RATIONAL_B_SPLINE_CURVE((1.,1.03795484930201,1.))
REPRESENTATION_ITEM('')
);
#75=(
BOUNDED_CURVE()
B_SPLINE_CURVE(2,(#2885,#2886,#2887),.UNSPECIFIED.,.F.,.F.)
B_SPLINE_CURVE_WITH_KNOTS((3,3),(0.202069852977459,0.404139705954918),
 .UNSPECIFIED.)
CURVE()
GEOMETRIC_REPRESENTATION_ITEM()
RATIONAL_B_SPLINE_CURVE((1.,1.03795484930197,1.))
REPRESENTATION_ITEM('')
);
#76=(
BOUNDED_CURVE()
B_SPLINE_CURVE(2,(#2892,#2893,#2894),.UNSPECIFIED.,.F.,.F.)
B_SPLINE_CURVE_WITH_KNOTS((3,3),(0.202069852977458,0.404139705954917),
 .UNSPECIFIED.)
CURVE()
GEOMETRIC_REPRESENTATION_ITEM()
RATIONAL_B_SPLINE_CURVE((1.,1.03795484930214,1.))
REPRESENTATION_ITEM('')
);
#77=(
BOUNDED_CURVE()
B_SPLINE_CURVE(2,(#2900,#2901,#2902),.UNSPECIFIED.,.F.,.F.)
B_SPLINE_CURVE_WITH_KNOTS((3,3),(0.,0.202069852977458),.UNSPECIFIED.)
CURVE()
GEOMETRIC_REPRESENTATION_ITEM()
RATIONAL_B_SPLINE_CURVE((1.,1.03795484930208,1.))
REPRESENTATION_ITEM('')
);
#78=(
BOUNDED_CURVE()
B_SPLINE_CURVE(2,(#2904,#2905,#2906),.UNSPECIFIED.,.F.,.F.)
B_SPLINE_CURVE_WITH_KNOTS((3,3),(0.,0.202069852977459),.UNSPECIFIED.)
CURVE()
GEOMETRIC_REPRESENTATION_ITEM()
RATIONAL_B_SPLINE_CURVE((1.,1.03795484930207,1.))
REPRESENTATION_ITEM('')
);
#79=(
BOUNDED_CURVE()
B_SPLINE_CURVE(2,(#2908,#2909,#2910),.UNSPECIFIED.,.F.,.F.)
B_SPLINE_CURVE_WITH_KNOTS((3,3),(0.202069852977459,0.404139705954917),
 .UNSPECIFIED.)
CURVE()
GEOMETRIC_REPRESENTATION_ITEM()
RATIONAL_B_SPLINE_CURVE((1.,1.03795484930191,1.))
REPRESENTATION_ITEM('')
);
#80=(
BOUNDED_CURVE()
B_SPLINE_CURVE(2,(#2914,#2915,#2916),.UNSPECIFIED.,.F.,.F.)
B_SPLINE_CURVE_WITH_KNOTS((3,3),(0.202069852977459,0.404139705954918),
 .UNSPECIFIED.)
CURVE()
GEOMETRIC_REPRESENTATION_ITEM()
RATIONAL_B_SPLINE_CURVE((1.,1.03795484930208,1.))
REPRESENTATION_ITEM('')
);
#81=(
BOUNDED_CURVE()
B_SPLINE_CURVE(2,(#2920,#2921,#2922),.UNSPECIFIED.,.F.,.F.)
B_SPLINE_CURVE_WITH_KNOTS((3,3),(0.,0.202069852977459),.UNSPECIFIED.)
CURVE()
GEOMETRIC_REPRESENTATION_ITEM()
RATIONAL_B_SPLINE_CURVE((1.,1.03795484930208,1.))
REPRESENTATION_ITEM('')
);
#82=(
BOUNDED_CURVE()
B_SPLINE_CURVE(2,(#2924,#2925,#2926),.UNSPECIFIED.,.F.,.F.)
B_SPLINE_CURVE_WITH_KNOTS((3,3),(0.,0.202069852977459),.UNSPECIFIED.)
CURVE()
GEOMETRIC_REPRESENTATION_ITEM()
RATIONAL_B_SPLINE_CURVE((1.,1.03795484930207,1.))
REPRESENTATION_ITEM('')
);
#83=(
BOUNDED_CURVE()
B_SPLINE_CURVE(2,(#2928,#2929,#2930),.UNSPECIFIED.,.F.,.F.)
B_SPLINE_CURVE_WITH_KNOTS((3,3),(0.202069852977459,0.404139705954918),
 .UNSPECIFIED.)
CURVE()
GEOMETRIC_REPRESENTATION_ITEM()
RATIONAL_B_SPLINE_CURVE((1.,1.03795484930208,1.))
REPRESENTATION_ITEM('')
);
#84=(
BOUNDED_CURVE()
B_SPLINE_CURVE(2,(#2934,#2935,#2936),.UNSPECIFIED.,.F.,.F.)
B_SPLINE_CURVE_WITH_KNOTS((3,3),(0.,0.202069852977459),.UNSPECIFIED.)
CURVE()
GEOMETRIC_REPRESENTATION_ITEM()
RATIONAL_B_SPLINE_CURVE((1.,1.03795484930208,1.))
REPRESENTATION_ITEM('')
);
#85=(
BOUNDED_CURVE()
B_SPLINE_CURVE(2,(#2938,#2939,#2940),.UNSPECIFIED.,.F.,.F.)
B_SPLINE_CURVE_WITH_KNOTS((3,3),(0.202069852977459,0.404139705954917),
 .UNSPECIFIED.)
CURVE()
GEOMETRIC_REPRESENTATION_ITEM()
RATIONAL_B_SPLINE_CURVE((1.,1.03795484930208,1.))
REPRESENTATION_ITEM('')
);
#86=(
BOUNDED_CURVE()
B_SPLINE_CURVE(2,(#2944,#2945,#2946),.UNSPECIFIED.,.F.,.F.)
B_SPLINE_CURVE_WITH_KNOTS((3,3),(0.202069852977459,0.404139705954917),
 .UNSPECIFIED.)
CURVE()
GEOMETRIC_REPRESENTATION_ITEM()
RATIONAL_B_SPLINE_CURVE((1.,1.03795484930202,1.))
REPRESENTATION_ITEM('')
);
#87=(
BOUNDED_CURVE()
B_SPLINE_CURVE(2,(#2948,#2949,#2950),.UNSPECIFIED.,.F.,.F.)
B_SPLINE_CURVE_WITH_KNOTS((3,3),(0.,0.202069852977459),.UNSPECIFIED.)
CURVE()
GEOMETRIC_REPRESENTATION_ITEM()
RATIONAL_B_SPLINE_CURVE((1.,1.03795484930201,1.))
REPRESENTATION_ITEM('')
);
#88=(
BOUNDED_CURVE()
B_SPLINE_CURVE(2,(#2952,#2953,#2954),.UNSPECIFIED.,.F.,.F.)
B_SPLINE_CURVE_WITH_KNOTS((3,3),(0.202069852977459,0.404139705954919),
 .UNSPECIFIED.)
CURVE()
GEOMETRIC_REPRESENTATION_ITEM()
RATIONAL_B_SPLINE_CURVE((1.,1.03795484930199,1.))
REPRESENTATION_ITEM('')
);
#89=(
BOUNDED_CURVE()
B_SPLINE_CURVE(2,(#2960,#2961,#2962),.UNSPECIFIED.,.F.,.F.)
B_SPLINE_CURVE_WITH_KNOTS((3,3),(0.,0.202069852977459),.UNSPECIFIED.)
CURVE()
GEOMETRIC_REPRESENTATION_ITEM()
RATIONAL_B_SPLINE_CURVE((1.,1.03795484930193,1.))
REPRESENTATION_ITEM('')
);
#90=(
BOUNDED_CURVE()
B_SPLINE_CURVE(2,(#2964,#2965,#2966),.UNSPECIFIED.,.F.,.F.)
B_SPLINE_CURVE_WITH_KNOTS((3,3),(0.,0.202069852977459),.UNSPECIFIED.)
CURVE()
GEOMETRIC_REPRESENTATION_ITEM()
RATIONAL_B_SPLINE_CURVE((1.,1.03795484930203,1.))
REPRESENTATION_ITEM('')
);
#91=(
BOUNDED_CURVE()
B_SPLINE_CURVE(2,(#2968,#2969,#2970),.UNSPECIFIED.,.F.,.F.)
B_SPLINE_CURVE_WITH_KNOTS((3,3),(0.202069852977459,0.404139705954917),
 .UNSPECIFIED.)
CURVE()
GEOMETRIC_REPRESENTATION_ITEM()
RATIONAL_B_SPLINE_CURVE((1.,1.0379548493021,1.))
REPRESENTATION_ITEM('')
);
#92=(
BOUNDED_CURVE()
B_SPLINE_CURVE(2,(#2974,#2975,#2976),.UNSPECIFIED.,.F.,.F.)
B_SPLINE_CURVE_WITH_KNOTS((3,3),(0.202069852977459,0.404139705954918),
 .UNSPECIFIED.)
CURVE()
GEOMETRIC_REPRESENTATION_ITEM()
RATIONAL_B_SPLINE_CURVE((1.,1.0379548493021,1.))
REPRESENTATION_ITEM('')
);
#93=(
BOUNDED_CURVE()
B_SPLINE_CURVE(2,(#2980,#2981,#2982),.UNSPECIFIED.,.F.,.F.)
B_SPLINE_CURVE_WITH_KNOTS((3,3),(0.,0.202069852977459),.UNSPECIFIED.)
CURVE()
GEOMETRIC_REPRESENTATION_ITEM()
RATIONAL_B_SPLINE_CURVE((1.,1.03795484930202,1.))
REPRESENTATION_ITEM('')
);
#94=(
BOUNDED_CURVE()
B_SPLINE_CURVE(2,(#2984,#2985,#2986),.UNSPECIFIED.,.F.,.F.)
B_SPLINE_CURVE_WITH_KNOTS((3,3),(0.,0.202069852977459),.UNSPECIFIED.)
CURVE()
GEOMETRIC_REPRESENTATION_ITEM()
RATIONAL_B_SPLINE_CURVE((1.,1.03795484930208,1.))
REPRESENTATION_ITEM('')
);
#95=(
BOUNDED_CURVE()
B_SPLINE_CURVE(2,(#2988,#2989,#2990),.UNSPECIFIED.,.F.,.F.)
B_SPLINE_CURVE_WITH_KNOTS((3,3),(0.202069852977459,0.404139705954917),
 .UNSPECIFIED.)
CURVE()
GEOMETRIC_REPRESENTATION_ITEM()
RATIONAL_B_SPLINE_CURVE((1.,1.03795484930203,1.))
REPRESENTATION_ITEM('')
);
#96=(
BOUNDED_CURVE()
B_SPLINE_CURVE(2,(#2994,#2995,#2996),.UNSPECIFIED.,.F.,.F.)
B_SPLINE_CURVE_WITH_KNOTS((3,3),(0.,0.202069852977459),.UNSPECIFIED.)
CURVE()
GEOMETRIC_REPRESENTATION_ITEM()
RATIONAL_B_SPLINE_CURVE((1.,1.03795484930206,1.))
REPRESENTATION_ITEM('')
);
#97=(
BOUNDED_CURVE()
B_SPLINE_CURVE(2,(#2998,#2999,#3000),.UNSPECIFIED.,.F.,.F.)
B_SPLINE_CURVE_WITH_KNOTS((3,3),(0.202069852977459,0.404139705954918),
 .UNSPECIFIED.)
CURVE()
GEOMETRIC_REPRESENTATION_ITEM()
RATIONAL_B_SPLINE_CURVE((1.,1.03795484930205,1.))
REPRESENTATION_ITEM('')
);
#98=(
BOUNDED_CURVE()
B_SPLINE_CURVE(2,(#3004,#3005,#3006),.UNSPECIFIED.,.F.,.F.)
B_SPLINE_CURVE_WITH_KNOTS((3,3),(0.202069852977459,0.404139705954917),
 .UNSPECIFIED.)
CURVE()
GEOMETRIC_REPRESENTATION_ITEM()
RATIONAL_B_SPLINE_CURVE((1.,1.03795484930211,1.))
REPRESENTATION_ITEM('')
);
#99=(
BOUNDED_CURVE()
B_SPLINE_CURVE(2,(#3008,#3009,#3010),.UNSPECIFIED.,.F.,.F.)
B_SPLINE_CURVE_WITH_KNOTS((3,3),(0.,0.202069852977459),.UNSPECIFIED.)
CURVE()
GEOMETRIC_REPRESENTATION_ITEM()
RATIONAL_B_SPLINE_CURVE((1.,1.03795484930201,1.))
REPRESENTATION_ITEM('')
);
#100=(
BOUNDED_CURVE()
B_SPLINE_CURVE(2,(#3012,#3013,#3014),.UNSPECIFIED.,.F.,.F.)
B_SPLINE_CURVE_WITH_KNOTS((3,3),(0.202069852977459,0.404139705954918),
 .UNSPECIFIED.)
CURVE()
GEOMETRIC_REPRESENTATION_ITEM()
RATIONAL_B_SPLINE_CURVE((1.,1.03795484930206,1.))
REPRESENTATION_ITEM('')
);
#101=(
BOUNDED_CURVE()
B_SPLINE_CURVE(2,(#3020,#3021,#3022),.UNSPECIFIED.,.F.,.F.)
B_SPLINE_CURVE_WITH_KNOTS((3,3),(0.,0.202069852977459),.UNSPECIFIED.)
CURVE()
GEOMETRIC_REPRESENTATION_ITEM()
RATIONAL_B_SPLINE_CURVE((1.,1.03795484930206,1.))
REPRESENTATION_ITEM('')
);
#102=(
BOUNDED_CURVE()
B_SPLINE_CURVE(2,(#3024,#3025,#3026),.UNSPECIFIED.,.F.,.F.)
B_SPLINE_CURVE_WITH_KNOTS((3,3),(0.,0.202069852977459),.UNSPECIFIED.)
CURVE()
GEOMETRIC_REPRESENTATION_ITEM()
RATIONAL_B_SPLINE_CURVE((1.,1.03795484930204,1.))
REPRESENTATION_ITEM('')
);
#103=(
BOUNDED_CURVE()
B_SPLINE_CURVE(2,(#3028,#3029,#3030),.UNSPECIFIED.,.F.,.F.)
B_SPLINE_CURVE_WITH_KNOTS((3,3),(0.202069852977459,0.404139705954918),
 .UNSPECIFIED.)
CURVE()
GEOMETRIC_REPRESENTATION_ITEM()
RATIONAL_B_SPLINE_CURVE((1.,1.03795484930202,1.))
REPRESENTATION_ITEM('')
);
#104=(
BOUNDED_CURVE()
B_SPLINE_CURVE(2,(#3034,#3035,#3036),.UNSPECIFIED.,.F.,.F.)
B_SPLINE_CURVE_WITH_KNOTS((3,3),(0.202069852977459,0.404139705954918),
 .UNSPECIFIED.)
CURVE()
GEOMETRIC_REPRESENTATION_ITEM()
RATIONAL_B_SPLINE_CURVE((1.,1.03795484930206,1.))
REPRESENTATION_ITEM('')
);
#105=(
BOUNDED_CURVE()
B_SPLINE_CURVE(2,(#3040,#3041,#3042),.UNSPECIFIED.,.F.,.F.)
B_SPLINE_CURVE_WITH_KNOTS((3,3),(0.,0.202069852977459),.UNSPECIFIED.)
CURVE()
GEOMETRIC_REPRESENTATION_ITEM()
RATIONAL_B_SPLINE_CURVE((1.,1.03795484930206,1.))
REPRESENTATION_ITEM('')
);
#106=(
BOUNDED_CURVE()
B_SPLINE_CURVE(2,(#3044,#3045,#3046),.UNSPECIFIED.,.F.,.F.)
B_SPLINE_CURVE_WITH_KNOTS((3,3),(0.,0.202069852977459),.UNSPECIFIED.)
CURVE()
GEOMETRIC_REPRESENTATION_ITEM()
RATIONAL_B_SPLINE_CURVE((1.,1.03795484930205,1.))
REPRESENTATION_ITEM('')
);
#107=(
BOUNDED_CURVE()
B_SPLINE_CURVE(2,(#3048,#3049,#3050),.UNSPECIFIED.,.F.,.F.)
B_SPLINE_CURVE_WITH_KNOTS((3,3),(0.202069852977459,0.404139705954918),
 .UNSPECIFIED.)
CURVE()
GEOMETRIC_REPRESENTATION_ITEM()
RATIONAL_B_SPLINE_CURVE((1.,1.03795484930205,1.))
REPRESENTATION_ITEM('')
);
#108=(
BOUNDED_CURVE()
B_SPLINE_CURVE(2,(#3054,#3055,#3056),.UNSPECIFIED.,.F.,.F.)
B_SPLINE_CURVE_WITH_KNOTS((3,3),(0.,0.202069852977459),.UNSPECIFIED.)
CURVE()
GEOMETRIC_REPRESENTATION_ITEM()
RATIONAL_B_SPLINE_CURVE((1.,1.03795484930204,1.))
REPRESENTATION_ITEM('')
);
#109=(
BOUNDED_CURVE()
B_SPLINE_CURVE(2,(#3058,#3059,#3060),.UNSPECIFIED.,.F.,.F.)
B_SPLINE_CURVE_WITH_KNOTS((3,3),(0.202069852977459,0.404139705954918),
 .UNSPECIFIED.)
CURVE()
GEOMETRIC_REPRESENTATION_ITEM()
RATIONAL_B_SPLINE_CURVE((1.,1.03795484930205,1.))
REPRESENTATION_ITEM('')
);
#110=(
BOUNDED_CURVE()
B_SPLINE_CURVE(2,(#3064,#3065,#3066),.UNSPECIFIED.,.F.,.F.)
B_SPLINE_CURVE_WITH_KNOTS((3,3),(0.202069852977459,0.404139705954918),
 .UNSPECIFIED.)
CURVE()
GEOMETRIC_REPRESENTATION_ITEM()
RATIONAL_B_SPLINE_CURVE((1.,1.03795484930205,1.))
REPRESENTATION_ITEM('')
);
#111=(
BOUNDED_CURVE()
B_SPLINE_CURVE(2,(#3068,#3069,#3070),.UNSPECIFIED.,.F.,.F.)
B_SPLINE_CURVE_WITH_KNOTS((3,3),(0.,0.202069852977459),.UNSPECIFIED.)
CURVE()
GEOMETRIC_REPRESENTATION_ITEM()
RATIONAL_B_SPLINE_CURVE((1.,1.03795484930206,1.))
REPRESENTATION_ITEM('')
);
#112=CONICAL_SURFACE('',#1771,0.00651383,0.785398163397448);
#113=CONICAL_SURFACE('',#1798,0.00944082040890869,1.0471975511966);
#114=CONICAL_SURFACE('',#1799,0.00944082040890869,1.0471975511966);
#115=CONICAL_SURFACE('',#1800,0.00944082040890869,1.0471975511966);
#116=CONICAL_SURFACE('',#1801,0.00944082040890869,1.0471975511966);
#117=CONICAL_SURFACE('',#1802,0.00944082040890869,1.0471975511966);
#118=CONICAL_SURFACE('',#1803,0.00944082040890869,1.0471975511966);
#119=CONICAL_SURFACE('',#1816,0.00651383,0.785398163397448);
#120=CONICAL_SURFACE('',#1818,0.00651383,0.785398163397448);
#121=CONICAL_SURFACE('',#1820,0.00651383,0.785398163397448);
#122=CONICAL_SURFACE('',#1822,0.00944082040890869,1.0471975511966);
#123=CONICAL_SURFACE('',#1824,0.00944082040890869,1.0471975511966);
#124=CONICAL_SURFACE('',#1826,0.00944082040890869,1.0471975511966);
#125=CONICAL_SURFACE('',#1828,0.00944082040890869,1.0471975511966);
#126=CONICAL_SURFACE('',#1830,0.00944082040890869,1.0471975511966);
#127=CONICAL_SURFACE('',#1832,0.00944082040890869,1.0471975511966);
#128=CONICAL_SURFACE('',#1865,0.00944082040890869,1.0471975511966);
#129=CONICAL_SURFACE('',#1866,0.00944082040890869,1.0471975511966);
#130=CONICAL_SURFACE('',#1867,0.00944082040890869,1.0471975511966);
#131=CONICAL_SURFACE('',#1868,0.00944082040890869,1.0471975511966);
#132=CONICAL_SURFACE('',#1869,0.00944082040890869,1.0471975511966);
#133=CONICAL_SURFACE('',#1870,0.00944082040890869,1.0471975511966);
#134=CONICAL_SURFACE('',#1871,0.00944082040890869,1.0471975511966);
#135=CONICAL_SURFACE('',#1872,0.00944082040890869,1.0471975511966);
#136=CONICAL_SURFACE('',#1873,0.00944082040890869,1.0471975511966);
#137=CONICAL_SURFACE('',#1874,0.00944082040890869,1.0471975511966);
#138=CONICAL_SURFACE('',#1875,0.00944082040890869,1.0471975511966);
#139=CONICAL_SURFACE('',#1876,0.00944082040890869,1.0471975511966);
#140=CONICAL_SURFACE('',#1877,0.00944082040890869,1.0471975511966);
#141=CONICAL_SURFACE('',#1878,0.00944082040890869,1.0471975511966);
#142=CONICAL_SURFACE('',#1879,0.00944082040890869,1.0471975511966);
#143=CONICAL_SURFACE('',#1880,0.00944082040890869,1.0471975511966);
#144=CONICAL_SURFACE('',#1881,0.00944082040890869,1.0471975511966);
#145=CONICAL_SURFACE('',#1882,0.00944082040890869,1.0471975511966);
#146=CONICAL_SURFACE('',#1905,0.00944082040890869,1.0471975511966);
#147=CONICAL_SURFACE('',#1907,0.00944082040890869,1.0471975511966);
#148=CONICAL_SURFACE('',#1909,0.00944082040890869,1.0471975511966);
#149=CONICAL_SURFACE('',#1911,0.00944082040890869,1.0471975511966);
#150=CONICAL_SURFACE('',#1913,0.00944082040890869,1.0471975511966);
#151=CONICAL_SURFACE('',#1915,0.00944082040890869,1.0471975511966);
#152=CONICAL_SURFACE('',#1917,0.00944082040890869,1.0471975511966);
#153=CONICAL_SURFACE('',#1919,0.00944082040890869,1.0471975511966);
#154=CONICAL_SURFACE('',#1921,0.00944082040890869,1.0471975511966);
#155=CONICAL_SURFACE('',#1923,0.00944082040890869,1.0471975511966);
#156=CONICAL_SURFACE('',#1925,0.00944082040890869,1.0471975511966);
#157=CONICAL_SURFACE('',#1927,0.00944082040890869,1.0471975511966);
#158=CONICAL_SURFACE('',#1929,0.00944082040890869,1.0471975511966);
#159=CONICAL_SURFACE('',#1931,0.00944082040890869,1.0471975511966);
#160=CONICAL_SURFACE('',#1933,0.00944082040890869,1.0471975511966);
#161=CONICAL_SURFACE('',#1935,0.00944082040890869,1.0471975511966);
#162=CONICAL_SURFACE('',#1937,0.00944082040890869,1.0471975511966);
#163=CONICAL_SURFACE('',#1939,0.00944082040890869,1.0471975511966);
#164=LINE('',#2454,#224);
#165=LINE('',#2457,#225);
#166=LINE('',#2459,#226);
#167=LINE('',#2461,#227);
#168=LINE('',#2466,#228);
#169=LINE('',#2469,#229);
#170=LINE('',#2470,#230);
#171=LINE('',#2472,#231);
#172=LINE('',#2474,#232);
#173=LINE('',#2476,#233);
#174=LINE('',#2478,#234);
#175=LINE('',#2480,#235);
#176=LINE('',#2482,#236);
#177=LINE('',#2484,#237);
#178=LINE('',#2486,#238);
#179=LINE('',#2488,#239);
#180=LINE('',#2490,#240);
#181=LINE('',#2492,#241);
#182=LINE('',#2494,#242);
#183=LINE('',#2496,#243);
#184=LINE('',#2499,#244);
#185=LINE('',#2501,#245);
#186=LINE('',#2502,#246);
#187=LINE('',#2504,#247);
#188=LINE('',#2506,#248);
#189=LINE('',#2508,#249);
#190=LINE('',#2510,#250);
#191=LINE('',#2512,#251);
#192=LINE('',#2530,#252);
#193=LINE('',#2534,#253);
#194=LINE('',#2536,#254);
#195=LINE('',#2538,#255);
#196=LINE('',#2542,#256);
#197=LINE('',#2544,#257);
#198=LINE('',#2546,#258);
#199=LINE('',#2548,#259);
#200=LINE('',#2615,#260);
#201=LINE('',#2616,#261);
#202=LINE('',#2630,#262);
#203=LINE('',#2637,#263);
#204=LINE('',#2650,#264);
#205=LINE('',#2660,#265);
#206=LINE('',#2897,#266);
#207=LINE('',#2898,#267);
#208=LINE('',#2912,#268);
#209=LINE('',#2919,#269);
#210=LINE('',#2932,#270);
#211=LINE('',#2942,#271);
#212=LINE('',#2957,#272);
#213=LINE('',#2958,#273);
#214=LINE('',#2972,#274);
#215=LINE('',#2979,#275);
#216=LINE('',#2992,#276);
#217=LINE('',#3002,#277);
#218=LINE('',#3017,#278);
#219=LINE('',#3018,#279);
#220=LINE('',#3032,#280);
#221=LINE('',#3039,#281);
#222=LINE('',#3052,#282);
#223=LINE('',#3062,#283);
#224=VECTOR('',#1983,1.);
#225=VECTOR('',#1984,1.);
#226=VECTOR('',#1985,1.);
#227=VECTOR('',#1986,1.);
#228=VECTOR('',#1993,1.);
#229=VECTOR('',#1994,1.);
#230=VECTOR('',#1995,1.);
#231=VECTOR('',#1998,1.);
#232=VECTOR('',#1999,1.);
#233=VECTOR('',#2000,1.);
#234=VECTOR('',#2001,1.);
#235=VECTOR('',#2002,1.);
#236=VECTOR('',#2003,1.);
#237=VECTOR('',#2004,1.);
#238=VECTOR('',#2005,1.);
#239=VECTOR('',#2006,1.);
#240=VECTOR('',#2007,1.);
#241=VECTOR('',#2010,1.);
#242=VECTOR('',#2011,1.);
#243=VECTOR('',#2014,1.);
#244=VECTOR('',#2015,1.);
#245=VECTOR('',#2016,1.);
#246=VECTOR('',#2017,1.);
#247=VECTOR('',#2018,1.);
#248=VECTOR('',#2019,1.);
#249=VECTOR('',#2020,1.);
#250=VECTOR('',#2021,1.);
#251=VECTOR('',#2022,1.);
#252=VECTOR('',#2043,1.);
#253=VECTOR('',#2048,1.);
#254=VECTOR('',#2051,1.);
#255=VECTOR('',#2054,1.);
#256=VECTOR('',#2059,1.);
#257=VECTOR('',#2062,1.);
#258=VECTOR('',#2065,1.);
#259=VECTOR('',#2068,1.);
#260=VECTOR('',#2099,1.);
#261=VECTOR('',#2100,1.);
#262=VECTOR('',#2103,1.);
#263=VECTOR('',#2106,1.);
#264=VECTOR('',#2109,1.);
#265=VECTOR('',#2112,1.);
#266=VECTOR('',#2255,1.);
#267=VECTOR('',#2256,1.);
#268=VECTOR('',#2259,1.);
#269=VECTOR('',#2262,1.);
#270=VECTOR('',#2265,1.);
#271=VECTOR('',#2268,1.);
#272=VECTOR('',#2273,1.);
#273=VECTOR('',#2274,1.);
#274=VECTOR('',#2277,1.);
#275=VECTOR('',#2280,1.);
#276=VECTOR('',#2283,1.);
#277=VECTOR('',#2286,1.);
#278=VECTOR('',#2291,1.);
#279=VECTOR('',#2292,1.);
#280=VECTOR('',#2295,1.);
#281=VECTOR('',#2298,1.);
#282=VECTOR('',#2301,1.);
#283=VECTOR('',#2304,1.);
#284=PLANE('',#1770);
#285=PLANE('',#1773);
#286=PLANE('',#1774);
#287=PLANE('',#1775);
#288=PLANE('',#1776);
#289=PLANE('',#1779);
#290=PLANE('',#1786);
#291=PLANE('',#1787);
#292=PLANE('',#1789);
#293=PLANE('',#1790);
#294=PLANE('',#1791);
#295=PLANE('',#1793);
#296=PLANE('',#1794);
#297=PLANE('',#1795);
#298=PLANE('',#1797);
#299=PLANE('',#1810);
#300=PLANE('',#1811);
#301=PLANE('',#1812);
#302=PLANE('',#1813);
#303=PLANE('',#1814);
#304=PLANE('',#1815);
#305=PLANE('',#1842);
#306=PLANE('',#1849);
#307=PLANE('',#1856);
#308=PLANE('',#1863);
#309=PLANE('',#1885);
#310=PLANE('',#1886);
#311=PLANE('',#1887);
#312=PLANE('',#1888);
#313=PLANE('',#1889);
#314=PLANE('',#1890);
#315=PLANE('',#1891);
#316=PLANE('',#1892);
#317=PLANE('',#1893);
#318=PLANE('',#1894);
#319=PLANE('',#1895);
#320=PLANE('',#1896);
#321=PLANE('',#1897);
#322=PLANE('',#1898);
#323=PLANE('',#1899);
#324=PLANE('',#1900);
#325=PLANE('',#1901);
#326=PLANE('',#1902);
#327=PLANE('',#1903);
#328=PLANE('',#1956);
#329=PLANE('',#1958);
#330=PLANE('',#1960);
#331=PLANE('',#1962);
#332=PLANE('',#1964);
#333=PLANE('',#1972);
#334=ORIENTED_EDGE('',*,*,#814,.T.);
#335=ORIENTED_EDGE('',*,*,#815,.F.);
#336=ORIENTED_EDGE('',*,*,#815,.T.);
#337=ORIENTED_EDGE('',*,*,#816,.F.);
#338=ORIENTED_EDGE('',*,*,#817,.F.);
#339=ORIENTED_EDGE('',*,*,#818,.F.);
#340=ORIENTED_EDGE('',*,*,#819,.F.);
#341=ORIENTED_EDGE('',*,*,#820,.T.);
#342=ORIENTED_EDGE('',*,*,#814,.F.);
#343=ORIENTED_EDGE('',*,*,#821,.F.);
#344=ORIENTED_EDGE('',*,*,#822,.F.);
#345=ORIENTED_EDGE('',*,*,#816,.T.);
#346=ORIENTED_EDGE('',*,*,#823,.T.);
#347=ORIENTED_EDGE('',*,*,#824,.T.);
#348=ORIENTED_EDGE('',*,*,#825,.T.);
#349=ORIENTED_EDGE('',*,*,#826,.F.);
#350=ORIENTED_EDGE('',*,*,#827,.T.);
#351=ORIENTED_EDGE('',*,*,#828,.T.);
#352=ORIENTED_EDGE('',*,*,#829,.F.);
#353=ORIENTED_EDGE('',*,*,#830,.F.);
#354=ORIENTED_EDGE('',*,*,#831,.T.);
#355=ORIENTED_EDGE('',*,*,#832,.T.);
#356=ORIENTED_EDGE('',*,*,#833,.F.);
#357=ORIENTED_EDGE('',*,*,#817,.T.);
#358=ORIENTED_EDGE('',*,*,#822,.T.);
#359=ORIENTED_EDGE('',*,*,#818,.T.);
#360=ORIENTED_EDGE('',*,*,#833,.T.);
#361=ORIENTED_EDGE('',*,*,#834,.F.);
#362=ORIENTED_EDGE('',*,*,#835,.F.);
#363=ORIENTED_EDGE('',*,*,#836,.T.);
#364=ORIENTED_EDGE('',*,*,#837,.T.);
#365=ORIENTED_EDGE('',*,*,#838,.F.);
#366=ORIENTED_EDGE('',*,*,#823,.F.);
#367=ORIENTED_EDGE('',*,*,#819,.T.);
#368=ORIENTED_EDGE('',*,*,#835,.T.);
#369=ORIENTED_EDGE('',*,*,#839,.F.);
#370=ORIENTED_EDGE('',*,*,#840,.T.);
#371=ORIENTED_EDGE('',*,*,#841,.T.);
#372=ORIENTED_EDGE('',*,*,#842,.T.);
#373=ORIENTED_EDGE('',*,*,#843,.T.);
#374=ORIENTED_EDGE('',*,*,#844,.F.);
#375=ORIENTED_EDGE('',*,*,#845,.T.);
#376=ORIENTED_EDGE('',*,*,#820,.F.);
#377=ORIENTED_EDGE('',*,*,#845,.F.);
#378=ORIENTED_EDGE('',*,*,#846,.T.);
#379=ORIENTED_EDGE('',*,*,#847,.T.);
#380=ORIENTED_EDGE('',*,*,#848,.T.);
#381=ORIENTED_EDGE('',*,*,#849,.T.);
#382=ORIENTED_EDGE('',*,*,#850,.T.);
#383=ORIENTED_EDGE('',*,*,#851,.T.);
#384=ORIENTED_EDGE('',*,*,#821,.T.);
#385=ORIENTED_EDGE('',*,*,#838,.T.);
#386=ORIENTED_EDGE('',*,*,#852,.T.);
#387=ORIENTED_EDGE('',*,*,#824,.F.);
#388=ORIENTED_EDGE('',*,*,#853,.T.);
#389=ORIENTED_EDGE('',*,*,#837,.F.);
#390=ORIENTED_EDGE('',*,*,#854,.F.);
#391=ORIENTED_EDGE('',*,*,#825,.F.);
#392=ORIENTED_EDGE('',*,*,#852,.F.);
#393=ORIENTED_EDGE('',*,*,#855,.T.);
#394=ORIENTED_EDGE('',*,*,#826,.T.);
#395=ORIENTED_EDGE('',*,*,#854,.T.);
#396=ORIENTED_EDGE('',*,*,#836,.F.);
#397=ORIENTED_EDGE('',*,*,#855,.F.);
#398=ORIENTED_EDGE('',*,*,#844,.T.);
#399=ORIENTED_EDGE('',*,*,#856,.T.);
#400=ORIENTED_EDGE('',*,*,#827,.F.);
#401=ORIENTED_EDGE('',*,*,#857,.T.);
#402=ORIENTED_EDGE('',*,*,#843,.F.);
#403=ORIENTED_EDGE('',*,*,#858,.F.);
#404=ORIENTED_EDGE('',*,*,#828,.F.);
#405=ORIENTED_EDGE('',*,*,#856,.F.);
#406=ORIENTED_EDGE('',*,*,#859,.F.);
#407=ORIENTED_EDGE('',*,*,#829,.T.);
#408=ORIENTED_EDGE('',*,*,#858,.T.);
#409=ORIENTED_EDGE('',*,*,#842,.F.);
#410=ORIENTED_EDGE('',*,*,#859,.T.);
#411=ORIENTED_EDGE('',*,*,#841,.F.);
#412=ORIENTED_EDGE('',*,*,#860,.T.);
#413=ORIENTED_EDGE('',*,*,#830,.T.);
#414=ORIENTED_EDGE('',*,*,#860,.F.);
#415=ORIENTED_EDGE('',*,*,#840,.F.);
#416=ORIENTED_EDGE('',*,*,#861,.F.);
#417=ORIENTED_EDGE('',*,*,#831,.F.);
#418=ORIENTED_EDGE('',*,*,#862,.T.);
#419=ORIENTED_EDGE('',*,*,#834,.T.);
#420=ORIENTED_EDGE('',*,*,#832,.F.);
#421=ORIENTED_EDGE('',*,*,#861,.T.);
#422=ORIENTED_EDGE('',*,*,#839,.T.);
#423=ORIENTED_EDGE('',*,*,#847,.F.);
#424=ORIENTED_EDGE('',*,*,#863,.F.);
#425=ORIENTED_EDGE('',*,*,#864,.F.);
#426=ORIENTED_EDGE('',*,*,#865,.F.);
#427=ORIENTED_EDGE('',*,*,#848,.F.);
#428=ORIENTED_EDGE('',*,*,#866,.F.);
#429=ORIENTED_EDGE('',*,*,#867,.F.);
#430=ORIENTED_EDGE('',*,*,#849,.F.);
#431=ORIENTED_EDGE('',*,*,#868,.F.);
#432=ORIENTED_EDGE('',*,*,#850,.F.);
#433=ORIENTED_EDGE('',*,*,#869,.F.);
#434=ORIENTED_EDGE('',*,*,#870,.F.);
#435=ORIENTED_EDGE('',*,*,#871,.F.);
#436=ORIENTED_EDGE('',*,*,#872,.F.);
#437=ORIENTED_EDGE('',*,*,#851,.F.);
#438=ORIENTED_EDGE('',*,*,#873,.F.);
#439=ORIENTED_EDGE('',*,*,#874,.F.);
#440=ORIENTED_EDGE('',*,*,#846,.F.);
#441=ORIENTED_EDGE('',*,*,#875,.T.);
#442=ORIENTED_EDGE('',*,*,#853,.F.);
#443=ORIENTED_EDGE('',*,*,#876,.T.);
#444=ORIENTED_EDGE('',*,*,#857,.F.);
#445=ORIENTED_EDGE('',*,*,#877,.T.);
#446=ORIENTED_EDGE('',*,*,#862,.F.);
#447=ORIENTED_EDGE('',*,*,#878,.T.);
#448=ORIENTED_EDGE('',*,*,#879,.F.);
#449=ORIENTED_EDGE('',*,*,#863,.T.);
#450=ORIENTED_EDGE('',*,*,#874,.T.);
#451=ORIENTED_EDGE('',*,*,#880,.T.);
#452=ORIENTED_EDGE('',*,*,#881,.T.);
#453=ORIENTED_EDGE('',*,*,#882,.T.);
#454=ORIENTED_EDGE('',*,*,#883,.T.);
#455=ORIENTED_EDGE('',*,*,#884,.F.);
#456=ORIENTED_EDGE('',*,*,#866,.T.);
#457=ORIENTED_EDGE('',*,*,#864,.T.);
#458=ORIENTED_EDGE('',*,*,#879,.T.);
#459=ORIENTED_EDGE('',*,*,#885,.T.);
#460=ORIENTED_EDGE('',*,*,#886,.F.);
#461=ORIENTED_EDGE('',*,*,#868,.T.);
#462=ORIENTED_EDGE('',*,*,#865,.T.);
#463=ORIENTED_EDGE('',*,*,#884,.T.);
#464=ORIENTED_EDGE('',*,*,#887,.T.);
#465=ORIENTED_EDGE('',*,*,#888,.T.);
#466=ORIENTED_EDGE('',*,*,#889,.T.);
#467=ORIENTED_EDGE('',*,*,#890,.F.);
#468=ORIENTED_EDGE('',*,*,#869,.T.);
#469=ORIENTED_EDGE('',*,*,#867,.T.);
#470=ORIENTED_EDGE('',*,*,#886,.T.);
#471=ORIENTED_EDGE('',*,*,#891,.T.);
#472=ORIENTED_EDGE('',*,*,#892,.T.);
#473=ORIENTED_EDGE('',*,*,#893,.F.);
#474=ORIENTED_EDGE('',*,*,#871,.T.);
#475=ORIENTED_EDGE('',*,*,#870,.T.);
#476=ORIENTED_EDGE('',*,*,#890,.T.);
#477=ORIENTED_EDGE('',*,*,#894,.T.);
#478=ORIENTED_EDGE('',*,*,#880,.F.);
#479=ORIENTED_EDGE('',*,*,#873,.T.);
#480=ORIENTED_EDGE('',*,*,#872,.T.);
#481=ORIENTED_EDGE('',*,*,#893,.T.);
#482=ORIENTED_EDGE('',*,*,#895,.T.);
#483=ORIENTED_EDGE('',*,*,#896,.T.);
#484=ORIENTED_EDGE('',*,*,#875,.F.);
#485=ORIENTED_EDGE('',*,*,#897,.T.);
#486=ORIENTED_EDGE('',*,*,#876,.F.);
#487=ORIENTED_EDGE('',*,*,#898,.T.);
#488=ORIENTED_EDGE('',*,*,#877,.F.);
#489=ORIENTED_EDGE('',*,*,#881,.F.);
#490=ORIENTED_EDGE('',*,*,#894,.F.);
#491=ORIENTED_EDGE('',*,*,#899,.F.);
#492=ORIENTED_EDGE('',*,*,#882,.F.);
#493=ORIENTED_EDGE('',*,*,#878,.F.);
#494=ORIENTED_EDGE('',*,*,#900,.F.);
#495=ORIENTED_EDGE('',*,*,#887,.F.);
#496=ORIENTED_EDGE('',*,*,#883,.F.);
#497=ORIENTED_EDGE('',*,*,#901,.F.);
#498=ORIENTED_EDGE('',*,*,#885,.F.);
#499=ORIENTED_EDGE('',*,*,#902,.F.);
#500=ORIENTED_EDGE('',*,*,#888,.F.);
#501=ORIENTED_EDGE('',*,*,#891,.F.);
#502=ORIENTED_EDGE('',*,*,#889,.F.);
#503=ORIENTED_EDGE('',*,*,#903,.F.);
#504=ORIENTED_EDGE('',*,*,#892,.F.);
#505=ORIENTED_EDGE('',*,*,#904,.F.);
#506=ORIENTED_EDGE('',*,*,#895,.F.);
#507=ORIENTED_EDGE('',*,*,#905,.T.);
#508=ORIENTED_EDGE('',*,*,#896,.F.);
#509=ORIENTED_EDGE('',*,*,#906,.T.);
#510=ORIENTED_EDGE('',*,*,#897,.F.);
#511=ORIENTED_EDGE('',*,*,#907,.T.);
#512=ORIENTED_EDGE('',*,*,#898,.F.);
#513=ORIENTED_EDGE('',*,*,#900,.T.);
#514=ORIENTED_EDGE('',*,*,#899,.T.);
#515=ORIENTED_EDGE('',*,*,#904,.T.);
#516=ORIENTED_EDGE('',*,*,#903,.T.);
#517=ORIENTED_EDGE('',*,*,#902,.T.);
#518=ORIENTED_EDGE('',*,*,#901,.T.);
#519=ORIENTED_EDGE('',*,*,#908,.T.);
#520=ORIENTED_EDGE('',*,*,#905,.F.);
#521=ORIENTED_EDGE('',*,*,#909,.T.);
#522=ORIENTED_EDGE('',*,*,#910,.T.);
#523=ORIENTED_EDGE('',*,*,#911,.T.);
#524=ORIENTED_EDGE('',*,*,#912,.T.);
#525=ORIENTED_EDGE('',*,*,#913,.T.);
#526=ORIENTED_EDGE('',*,*,#914,.T.);
#527=ORIENTED_EDGE('',*,*,#906,.F.);
#528=ORIENTED_EDGE('',*,*,#915,.T.);
#529=ORIENTED_EDGE('',*,*,#916,.T.);
#530=ORIENTED_EDGE('',*,*,#917,.T.);
#531=ORIENTED_EDGE('',*,*,#918,.T.);
#532=ORIENTED_EDGE('',*,*,#919,.T.);
#533=ORIENTED_EDGE('',*,*,#920,.T.);
#534=ORIENTED_EDGE('',*,*,#907,.F.);
#535=ORIENTED_EDGE('',*,*,#921,.T.);
#536=ORIENTED_EDGE('',*,*,#922,.T.);
#537=ORIENTED_EDGE('',*,*,#923,.T.);
#538=ORIENTED_EDGE('',*,*,#924,.T.);
#539=ORIENTED_EDGE('',*,*,#925,.T.);
#540=ORIENTED_EDGE('',*,*,#926,.T.);
#541=ORIENTED_EDGE('',*,*,#908,.F.);
#542=ORIENTED_EDGE('',*,*,#927,.T.);
#543=ORIENTED_EDGE('',*,*,#910,.F.);
#544=ORIENTED_EDGE('',*,*,#928,.F.);
#545=ORIENTED_EDGE('',*,*,#929,.F.);
#546=ORIENTED_EDGE('',*,*,#930,.F.);
#547=ORIENTED_EDGE('',*,*,#911,.F.);
#548=ORIENTED_EDGE('',*,*,#931,.F.);
#549=ORIENTED_EDGE('',*,*,#932,.F.);
#550=ORIENTED_EDGE('',*,*,#912,.F.);
#551=ORIENTED_EDGE('',*,*,#933,.F.);
#552=ORIENTED_EDGE('',*,*,#913,.F.);
#553=ORIENTED_EDGE('',*,*,#934,.F.);
#554=ORIENTED_EDGE('',*,*,#935,.F.);
#555=ORIENTED_EDGE('',*,*,#936,.F.);
#556=ORIENTED_EDGE('',*,*,#937,.F.);
#557=ORIENTED_EDGE('',*,*,#914,.F.);
#558=ORIENTED_EDGE('',*,*,#938,.F.);
#559=ORIENTED_EDGE('',*,*,#939,.F.);
#560=ORIENTED_EDGE('',*,*,#909,.F.);
#561=ORIENTED_EDGE('',*,*,#916,.F.);
#562=ORIENTED_EDGE('',*,*,#940,.F.);
#563=ORIENTED_EDGE('',*,*,#941,.F.);
#564=ORIENTED_EDGE('',*,*,#942,.F.);
#565=ORIENTED_EDGE('',*,*,#917,.F.);
#566=ORIENTED_EDGE('',*,*,#943,.F.);
#567=ORIENTED_EDGE('',*,*,#944,.F.);
#568=ORIENTED_EDGE('',*,*,#918,.F.);
#569=ORIENTED_EDGE('',*,*,#945,.F.);
#570=ORIENTED_EDGE('',*,*,#919,.F.);
#571=ORIENTED_EDGE('',*,*,#946,.F.);
#572=ORIENTED_EDGE('',*,*,#947,.F.);
#573=ORIENTED_EDGE('',*,*,#948,.F.);
#574=ORIENTED_EDGE('',*,*,#949,.F.);
#575=ORIENTED_EDGE('',*,*,#920,.F.);
#576=ORIENTED_EDGE('',*,*,#950,.F.);
#577=ORIENTED_EDGE('',*,*,#951,.F.);
#578=ORIENTED_EDGE('',*,*,#915,.F.);
#579=ORIENTED_EDGE('',*,*,#922,.F.);
#580=ORIENTED_EDGE('',*,*,#952,.F.);
#581=ORIENTED_EDGE('',*,*,#953,.F.);
#582=ORIENTED_EDGE('',*,*,#954,.F.);
#583=ORIENTED_EDGE('',*,*,#923,.F.);
#584=ORIENTED_EDGE('',*,*,#955,.F.);
#585=ORIENTED_EDGE('',*,*,#956,.F.);
#586=ORIENTED_EDGE('',*,*,#924,.F.);
#587=ORIENTED_EDGE('',*,*,#957,.F.);
#588=ORIENTED_EDGE('',*,*,#925,.F.);
#589=ORIENTED_EDGE('',*,*,#958,.F.);
#590=ORIENTED_EDGE('',*,*,#959,.F.);
#591=ORIENTED_EDGE('',*,*,#960,.F.);
#592=ORIENTED_EDGE('',*,*,#961,.F.);
#593=ORIENTED_EDGE('',*,*,#926,.F.);
#594=ORIENTED_EDGE('',*,*,#962,.F.);
#595=ORIENTED_EDGE('',*,*,#963,.F.);
#596=ORIENTED_EDGE('',*,*,#921,.F.);
#597=ORIENTED_EDGE('',*,*,#964,.T.);
#598=ORIENTED_EDGE('',*,*,#927,.F.);
#599=ORIENTED_EDGE('',*,*,#965,.T.);
#600=ORIENTED_EDGE('',*,*,#966,.F.);
#601=ORIENTED_EDGE('',*,*,#928,.T.);
#602=ORIENTED_EDGE('',*,*,#939,.T.);
#603=ORIENTED_EDGE('',*,*,#967,.T.);
#604=ORIENTED_EDGE('',*,*,#968,.T.);
#605=ORIENTED_EDGE('',*,*,#969,.T.);
#606=ORIENTED_EDGE('',*,*,#970,.T.);
#607=ORIENTED_EDGE('',*,*,#971,.F.);
#608=ORIENTED_EDGE('',*,*,#931,.T.);
#609=ORIENTED_EDGE('',*,*,#929,.T.);
#610=ORIENTED_EDGE('',*,*,#966,.T.);
#611=ORIENTED_EDGE('',*,*,#972,.T.);
#612=ORIENTED_EDGE('',*,*,#973,.F.);
#613=ORIENTED_EDGE('',*,*,#933,.T.);
#614=ORIENTED_EDGE('',*,*,#930,.T.);
#615=ORIENTED_EDGE('',*,*,#971,.T.);
#616=ORIENTED_EDGE('',*,*,#974,.T.);
#617=ORIENTED_EDGE('',*,*,#975,.T.);
#618=ORIENTED_EDGE('',*,*,#976,.T.);
#619=ORIENTED_EDGE('',*,*,#977,.F.);
#620=ORIENTED_EDGE('',*,*,#934,.T.);
#621=ORIENTED_EDGE('',*,*,#932,.T.);
#622=ORIENTED_EDGE('',*,*,#973,.T.);
#623=ORIENTED_EDGE('',*,*,#978,.T.);
#624=ORIENTED_EDGE('',*,*,#979,.T.);
#625=ORIENTED_EDGE('',*,*,#980,.F.);
#626=ORIENTED_EDGE('',*,*,#936,.T.);
#627=ORIENTED_EDGE('',*,*,#935,.T.);
#628=ORIENTED_EDGE('',*,*,#977,.T.);
#629=ORIENTED_EDGE('',*,*,#981,.T.);
#630=ORIENTED_EDGE('',*,*,#967,.F.);
#631=ORIENTED_EDGE('',*,*,#938,.T.);
#632=ORIENTED_EDGE('',*,*,#937,.T.);
#633=ORIENTED_EDGE('',*,*,#980,.T.);
#634=ORIENTED_EDGE('',*,*,#982,.T.);
#635=ORIENTED_EDGE('',*,*,#983,.T.);
#636=ORIENTED_EDGE('',*,*,#984,.F.);
#637=ORIENTED_EDGE('',*,*,#940,.T.);
#638=ORIENTED_EDGE('',*,*,#951,.T.);
#639=ORIENTED_EDGE('',*,*,#985,.T.);
#640=ORIENTED_EDGE('',*,*,#986,.T.);
#641=ORIENTED_EDGE('',*,*,#987,.T.);
#642=ORIENTED_EDGE('',*,*,#988,.T.);
#643=ORIENTED_EDGE('',*,*,#989,.F.);
#644=ORIENTED_EDGE('',*,*,#943,.T.);
#645=ORIENTED_EDGE('',*,*,#941,.T.);
#646=ORIENTED_EDGE('',*,*,#984,.T.);
#647=ORIENTED_EDGE('',*,*,#990,.T.);
#648=ORIENTED_EDGE('',*,*,#991,.F.);
#649=ORIENTED_EDGE('',*,*,#945,.T.);
#650=ORIENTED_EDGE('',*,*,#942,.T.);
#651=ORIENTED_EDGE('',*,*,#989,.T.);
#652=ORIENTED_EDGE('',*,*,#992,.T.);
#653=ORIENTED_EDGE('',*,*,#993,.T.);
#654=ORIENTED_EDGE('',*,*,#994,.T.);
#655=ORIENTED_EDGE('',*,*,#995,.F.);
#656=ORIENTED_EDGE('',*,*,#946,.T.);
#657=ORIENTED_EDGE('',*,*,#944,.T.);
#658=ORIENTED_EDGE('',*,*,#991,.T.);
#659=ORIENTED_EDGE('',*,*,#996,.T.);
#660=ORIENTED_EDGE('',*,*,#997,.T.);
#661=ORIENTED_EDGE('',*,*,#998,.F.);
#662=ORIENTED_EDGE('',*,*,#948,.T.);
#663=ORIENTED_EDGE('',*,*,#947,.T.);
#664=ORIENTED_EDGE('',*,*,#995,.T.);
#665=ORIENTED_EDGE('',*,*,#999,.T.);
#666=ORIENTED_EDGE('',*,*,#985,.F.);
#667=ORIENTED_EDGE('',*,*,#950,.T.);
#668=ORIENTED_EDGE('',*,*,#949,.T.);
#669=ORIENTED_EDGE('',*,*,#998,.T.);
#670=ORIENTED_EDGE('',*,*,#1000,.T.);
#671=ORIENTED_EDGE('',*,*,#1001,.T.);
#672=ORIENTED_EDGE('',*,*,#1002,.F.);
#673=ORIENTED_EDGE('',*,*,#952,.T.);
#674=ORIENTED_EDGE('',*,*,#963,.T.);
#675=ORIENTED_EDGE('',*,*,#1003,.T.);
#676=ORIENTED_EDGE('',*,*,#1004,.T.);
#677=ORIENTED_EDGE('',*,*,#1005,.T.);
#678=ORIENTED_EDGE('',*,*,#1006,.T.);
#679=ORIENTED_EDGE('',*,*,#1007,.F.);
#680=ORIENTED_EDGE('',*,*,#955,.T.);
#681=ORIENTED_EDGE('',*,*,#953,.T.);
#682=ORIENTED_EDGE('',*,*,#1002,.T.);
#683=ORIENTED_EDGE('',*,*,#1008,.T.);
#684=ORIENTED_EDGE('',*,*,#1009,.F.);
#685=ORIENTED_EDGE('',*,*,#957,.T.);
#686=ORIENTED_EDGE('',*,*,#954,.T.);
#687=ORIENTED_EDGE('',*,*,#1007,.T.);
#688=ORIENTED_EDGE('',*,*,#1010,.T.);
#689=ORIENTED_EDGE('',*,*,#1011,.T.);
#690=ORIENTED_EDGE('',*,*,#1012,.T.);
#691=ORIENTED_EDGE('',*,*,#1013,.F.);
#692=ORIENTED_EDGE('',*,*,#958,.T.);
#693=ORIENTED_EDGE('',*,*,#956,.T.);
#694=ORIENTED_EDGE('',*,*,#1009,.T.);
#695=ORIENTED_EDGE('',*,*,#1014,.T.);
#696=ORIENTED_EDGE('',*,*,#1015,.T.);
#697=ORIENTED_EDGE('',*,*,#1016,.F.);
#698=ORIENTED_EDGE('',*,*,#960,.T.);
#699=ORIENTED_EDGE('',*,*,#959,.T.);
#700=ORIENTED_EDGE('',*,*,#1013,.T.);
#701=ORIENTED_EDGE('',*,*,#1017,.T.);
#702=ORIENTED_EDGE('',*,*,#1003,.F.);
#703=ORIENTED_EDGE('',*,*,#962,.T.);
#704=ORIENTED_EDGE('',*,*,#961,.T.);
#705=ORIENTED_EDGE('',*,*,#1016,.T.);
#706=ORIENTED_EDGE('',*,*,#1018,.T.);
#707=ORIENTED_EDGE('',*,*,#964,.F.);
#708=ORIENTED_EDGE('',*,*,#1019,.F.);
#709=ORIENTED_EDGE('',*,*,#968,.F.);
#710=ORIENTED_EDGE('',*,*,#981,.F.);
#711=ORIENTED_EDGE('',*,*,#1020,.F.);
#712=ORIENTED_EDGE('',*,*,#969,.F.);
#713=ORIENTED_EDGE('',*,*,#965,.F.);
#714=ORIENTED_EDGE('',*,*,#1021,.F.);
#715=ORIENTED_EDGE('',*,*,#974,.F.);
#716=ORIENTED_EDGE('',*,*,#970,.F.);
#717=ORIENTED_EDGE('',*,*,#1022,.F.);
#718=ORIENTED_EDGE('',*,*,#972,.F.);
#719=ORIENTED_EDGE('',*,*,#1023,.F.);
#720=ORIENTED_EDGE('',*,*,#975,.F.);
#721=ORIENTED_EDGE('',*,*,#978,.F.);
#722=ORIENTED_EDGE('',*,*,#976,.F.);
#723=ORIENTED_EDGE('',*,*,#1024,.F.);
#724=ORIENTED_EDGE('',*,*,#979,.F.);
#725=ORIENTED_EDGE('',*,*,#1025,.F.);
#726=ORIENTED_EDGE('',*,*,#982,.F.);
#727=ORIENTED_EDGE('',*,*,#986,.F.);
#728=ORIENTED_EDGE('',*,*,#999,.F.);
#729=ORIENTED_EDGE('',*,*,#1026,.F.);
#730=ORIENTED_EDGE('',*,*,#987,.F.);
#731=ORIENTED_EDGE('',*,*,#983,.F.);
#732=ORIENTED_EDGE('',*,*,#1027,.F.);
#733=ORIENTED_EDGE('',*,*,#992,.F.);
#734=ORIENTED_EDGE('',*,*,#988,.F.);
#735=ORIENTED_EDGE('',*,*,#1028,.F.);
#736=ORIENTED_EDGE('',*,*,#990,.F.);
#737=ORIENTED_EDGE('',*,*,#1029,.F.);
#738=ORIENTED_EDGE('',*,*,#993,.F.);
#739=ORIENTED_EDGE('',*,*,#996,.F.);
#740=ORIENTED_EDGE('',*,*,#994,.F.);
#741=ORIENTED_EDGE('',*,*,#1030,.F.);
#742=ORIENTED_EDGE('',*,*,#997,.F.);
#743=ORIENTED_EDGE('',*,*,#1031,.F.);
#744=ORIENTED_EDGE('',*,*,#1000,.F.);
#745=ORIENTED_EDGE('',*,*,#1004,.F.);
#746=ORIENTED_EDGE('',*,*,#1017,.F.);
#747=ORIENTED_EDGE('',*,*,#1032,.F.);
#748=ORIENTED_EDGE('',*,*,#1005,.F.);
#749=ORIENTED_EDGE('',*,*,#1001,.F.);
#750=ORIENTED_EDGE('',*,*,#1033,.F.);
#751=ORIENTED_EDGE('',*,*,#1010,.F.);
#752=ORIENTED_EDGE('',*,*,#1006,.F.);
#753=ORIENTED_EDGE('',*,*,#1034,.F.);
#754=ORIENTED_EDGE('',*,*,#1008,.F.);
#755=ORIENTED_EDGE('',*,*,#1035,.F.);
#756=ORIENTED_EDGE('',*,*,#1011,.F.);
#757=ORIENTED_EDGE('',*,*,#1014,.F.);
#758=ORIENTED_EDGE('',*,*,#1012,.F.);
#759=ORIENTED_EDGE('',*,*,#1036,.F.);
#760=ORIENTED_EDGE('',*,*,#1015,.F.);
#761=ORIENTED_EDGE('',*,*,#1037,.F.);
#762=ORIENTED_EDGE('',*,*,#1018,.F.);
#763=ORIENTED_EDGE('',*,*,#1019,.T.);
#764=ORIENTED_EDGE('',*,*,#1038,.T.);
#765=ORIENTED_EDGE('',*,*,#1039,.F.);
#766=ORIENTED_EDGE('',*,*,#1021,.T.);
#767=ORIENTED_EDGE('',*,*,#1020,.T.);
#768=ORIENTED_EDGE('',*,*,#1025,.T.);
#769=ORIENTED_EDGE('',*,*,#1024,.T.);
#770=ORIENTED_EDGE('',*,*,#1023,.T.);
#771=ORIENTED_EDGE('',*,*,#1022,.T.);
#772=ORIENTED_EDGE('',*,*,#1040,.T.);
#773=ORIENTED_EDGE('',*,*,#1041,.T.);
#774=ORIENTED_EDGE('',*,*,#1027,.T.);
#775=ORIENTED_EDGE('',*,*,#1026,.T.);
#776=ORIENTED_EDGE('',*,*,#1031,.T.);
#777=ORIENTED_EDGE('',*,*,#1030,.T.);
#778=ORIENTED_EDGE('',*,*,#1029,.T.);
#779=ORIENTED_EDGE('',*,*,#1028,.T.);
#780=ORIENTED_EDGE('',*,*,#1042,.T.);
#781=ORIENTED_EDGE('',*,*,#1033,.T.);
#782=ORIENTED_EDGE('',*,*,#1032,.T.);
#783=ORIENTED_EDGE('',*,*,#1037,.T.);
#784=ORIENTED_EDGE('',*,*,#1036,.T.);
#785=ORIENTED_EDGE('',*,*,#1035,.T.);
#786=ORIENTED_EDGE('',*,*,#1034,.T.);
#787=ORIENTED_EDGE('',*,*,#1039,.T.);
#788=ORIENTED_EDGE('',*,*,#1043,.F.);
#789=ORIENTED_EDGE('',*,*,#1044,.T.);
#790=ORIENTED_EDGE('',*,*,#1045,.F.);
#791=ORIENTED_EDGE('',*,*,#1038,.F.);
#792=ORIENTED_EDGE('',*,*,#1046,.T.);
#793=ORIENTED_EDGE('',*,*,#1040,.F.);
#794=ORIENTED_EDGE('',*,*,#1047,.T.);
#795=ORIENTED_EDGE('',*,*,#1041,.F.);
#796=ORIENTED_EDGE('',*,*,#1048,.T.);
#797=ORIENTED_EDGE('',*,*,#1042,.F.);
#798=ORIENTED_EDGE('',*,*,#1049,.T.);
#799=ORIENTED_EDGE('',*,*,#1050,.F.);
#800=ORIENTED_EDGE('',*,*,#1046,.F.);
#801=ORIENTED_EDGE('',*,*,#1051,.F.);
#802=ORIENTED_EDGE('',*,*,#1044,.F.);
#803=ORIENTED_EDGE('',*,*,#1052,.T.);
#804=ORIENTED_EDGE('',*,*,#1043,.T.);
#805=ORIENTED_EDGE('',*,*,#1045,.T.);
#806=ORIENTED_EDGE('',*,*,#1051,.T.);
#807=ORIENTED_EDGE('',*,*,#1047,.F.);
#808=ORIENTED_EDGE('',*,*,#1053,.T.);
#809=ORIENTED_EDGE('',*,*,#1048,.F.);
#810=ORIENTED_EDGE('',*,*,#1050,.T.);
#811=ORIENTED_EDGE('',*,*,#1049,.F.);
#812=ORIENTED_EDGE('',*,*,#1053,.F.);
#813=ORIENTED_EDGE('',*,*,#1052,.F.);
#814=EDGE_CURVE('',#1054,#1054,#1208,.T.);
#815=EDGE_CURVE('',#1055,#1055,#1209,.T.);
#816=EDGE_CURVE('',#1056,#1057,#164,.T.);
#817=EDGE_CURVE('',#1058,#1056,#165,.T.);
#818=EDGE_CURVE('',#1059,#1058,#166,.T.);
#819=EDGE_CURVE('',#1057,#1059,#167,.T.);
#820=EDGE_CURVE('',#1060,#1060,#1210,.T.);
#821=EDGE_CURVE('',#1061,#1062,#168,.T.);
#822=EDGE_CURVE('',#1056,#1061,#169,.T.);
#823=EDGE_CURVE('',#1057,#1062,#170,.T.);
#824=EDGE_CURVE('',#1061,#1063,#171,.T.);
#825=EDGE_CURVE('',#1063,#1064,#172,.T.);
#826=EDGE_CURVE('',#1065,#1064,#173,.T.);
#827=EDGE_CURVE('',#1065,#1066,#174,.T.);
#828=EDGE_CURVE('',#1066,#1067,#175,.T.);
#829=EDGE_CURVE('',#1068,#1067,#176,.T.);
#830=EDGE_CURVE('',#1069,#1068,#177,.T.);
#831=EDGE_CURVE('',#1069,#1070,#178,.T.);
#832=EDGE_CURVE('',#1070,#1071,#179,.T.);
#833=EDGE_CURVE('',#1058,#1071,#180,.T.);
#834=EDGE_CURVE('',#1072,#1071,#181,.T.);
#835=EDGE_CURVE('',#1059,#1072,#182,.T.);
#836=EDGE_CURVE('',#1073,#1074,#183,.T.);
#837=EDGE_CURVE('',#1074,#1075,#184,.T.);
#838=EDGE_CURVE('',#1062,#1075,#185,.T.);
#839=EDGE_CURVE('',#1076,#1072,#186,.T.);
#840=EDGE_CURVE('',#1076,#1077,#187,.T.);
#841=EDGE_CURVE('',#1077,#1078,#188,.T.);
#842=EDGE_CURVE('',#1078,#1079,#189,.T.);
#843=EDGE_CURVE('',#1079,#1080,#190,.T.);
#844=EDGE_CURVE('',#1073,#1080,#191,.T.);
#845=EDGE_CURVE('',#1081,#1081,#1211,.T.);
#846=EDGE_CURVE('',#1082,#1083,#1212,.T.);
#847=EDGE_CURVE('',#1083,#1084,#1213,.T.);
#848=EDGE_CURVE('',#1084,#1085,#1214,.T.);
#849=EDGE_CURVE('',#1085,#1086,#1215,.T.);
#850=EDGE_CURVE('',#1086,#1087,#1216,.T.);
#851=EDGE_CURVE('',#1087,#1082,#1217,.T.);
#852=EDGE_CURVE('',#1075,#1063,#192,.T.);
#853=EDGE_CURVE('',#1088,#1088,#1218,.T.);
#854=EDGE_CURVE('',#1064,#1074,#193,.T.);
#855=EDGE_CURVE('',#1073,#1065,#194,.T.);
#856=EDGE_CURVE('',#1080,#1066,#195,.T.);
#857=EDGE_CURVE('',#1089,#1089,#1219,.T.);
#858=EDGE_CURVE('',#1067,#1079,#196,.T.);
#859=EDGE_CURVE('',#1068,#1078,#197,.T.);
#860=EDGE_CURVE('',#1077,#1069,#198,.T.);
#861=EDGE_CURVE('',#1070,#1076,#199,.T.);
#862=EDGE_CURVE('',#1090,#1090,#1220,.T.);
#863=EDGE_CURVE('',#1091,#1083,#16,.T.);
#864=EDGE_CURVE('',#1084,#1091,#17,.T.);
#865=EDGE_CURVE('',#1085,#1092,#18,.T.);
#866=EDGE_CURVE('',#1092,#1084,#19,.T.);
#867=EDGE_CURVE('',#1086,#1093,#20,.T.);
#868=EDGE_CURVE('',#1093,#1085,#21,.T.);
#869=EDGE_CURVE('',#1094,#1086,#22,.T.);
#870=EDGE_CURVE('',#1087,#1094,#23,.T.);
#871=EDGE_CURVE('',#1095,#1087,#24,.T.);
#872=EDGE_CURVE('',#1082,#1095,#25,.T.);
#873=EDGE_CURVE('',#1096,#1082,#26,.T.);
#874=EDGE_CURVE('',#1083,#1096,#27,.T.);
#875=EDGE_CURVE('',#1097,#1097,#1221,.T.);
#876=EDGE_CURVE('',#1098,#1098,#1222,.T.);
#877=EDGE_CURVE('',#1099,#1099,#1223,.T.);
#878=EDGE_CURVE('',#1100,#1101,#28,.T.);
#879=EDGE_CURVE('',#1091,#1101,#200,.T.);
#880=EDGE_CURVE('',#1096,#1102,#201,.T.);
#881=EDGE_CURVE('',#1102,#1100,#29,.T.);
#882=EDGE_CURVE('',#1101,#1103,#30,.T.);
#883=EDGE_CURVE('',#1103,#1104,#31,.T.);
#884=EDGE_CURVE('',#1092,#1104,#202,.T.);
#885=EDGE_CURVE('',#1105,#1106,#32,.T.);
#886=EDGE_CURVE('',#1093,#1106,#203,.T.);
#887=EDGE_CURVE('',#1104,#1105,#33,.T.);
#888=EDGE_CURVE('',#1106,#1107,#34,.T.);
#889=EDGE_CURVE('',#1107,#1108,#35,.T.);
#890=EDGE_CURVE('',#1094,#1108,#204,.T.);
#891=EDGE_CURVE('',#1108,#1109,#36,.T.);
#892=EDGE_CURVE('',#1109,#1110,#37,.T.);
#893=EDGE_CURVE('',#1095,#1110,#205,.T.);
#894=EDGE_CURVE('',#1111,#1102,#38,.T.);
#895=EDGE_CURVE('',#1110,#1111,#39,.T.);
#896=EDGE_CURVE('',#1112,#1112,#1224,.T.);
#897=EDGE_CURVE('',#1113,#1113,#1225,.T.);
#898=EDGE_CURVE('',#1114,#1114,#1226,.T.);
#899=EDGE_CURVE('',#1100,#1111,#1227,.T.);
#900=EDGE_CURVE('',#1103,#1100,#1228,.T.);
#901=EDGE_CURVE('',#1105,#1103,#1229,.T.);
#902=EDGE_CURVE('',#1107,#1105,#1230,.T.);
#903=EDGE_CURVE('',#1109,#1107,#1231,.T.);
#904=EDGE_CURVE('',#1111,#1109,#1232,.T.);
#905=EDGE_CURVE('',#1115,#1115,#1233,.T.);
#906=EDGE_CURVE('',#1116,#1116,#1234,.T.);
#907=EDGE_CURVE('',#1117,#1117,#1235,.T.);
#908=EDGE_CURVE('',#1118,#1118,#1236,.T.);
#909=EDGE_CURVE('',#1119,#1120,#1237,.T.);
#910=EDGE_CURVE('',#1120,#1121,#1238,.T.);
#911=EDGE_CURVE('',#1121,#1122,#1239,.T.);
#912=EDGE_CURVE('',#1122,#1123,#1240,.T.);
#913=EDGE_CURVE('',#1123,#1124,#1241,.T.);
#914=EDGE_CURVE('',#1124,#1119,#1242,.T.);
#915=EDGE_CURVE('',#1125,#1126,#1243,.T.);
#916=EDGE_CURVE('',#1126,#1127,#1244,.T.);
#917=EDGE_CURVE('',#1127,#1128,#1245,.T.);
#918=EDGE_CURVE('',#1128,#1129,#1246,.T.);
#919=EDGE_CURVE('',#1129,#1130,#1247,.T.);
#920=EDGE_CURVE('',#1130,#1125,#1248,.T.);
#921=EDGE_CURVE('',#1131,#1132,#1249,.T.);
#922=EDGE_CURVE('',#1132,#1133,#1250,.T.);
#923=EDGE_CURVE('',#1133,#1134,#1251,.T.);
#924=EDGE_CURVE('',#1134,#1135,#1252,.T.);
#925=EDGE_CURVE('',#1135,#1136,#1253,.T.);
#926=EDGE_CURVE('',#1136,#1131,#1254,.T.);
#927=EDGE_CURVE('',#1137,#1137,#1255,.T.);
#928=EDGE_CURVE('',#1138,#1120,#40,.T.);
#929=EDGE_CURVE('',#1121,#1138,#41,.T.);
#930=EDGE_CURVE('',#1122,#1139,#42,.T.);
#931=EDGE_CURVE('',#1139,#1121,#43,.T.);
#932=EDGE_CURVE('',#1123,#1140,#44,.T.);
#933=EDGE_CURVE('',#1140,#1122,#45,.T.);
#934=EDGE_CURVE('',#1141,#1123,#46,.T.);
#935=EDGE_CURVE('',#1124,#1141,#47,.T.);
#936=EDGE_CURVE('',#1142,#1124,#48,.T.);
#937=EDGE_CURVE('',#1119,#1142,#49,.T.);
#938=EDGE_CURVE('',#1143,#1119,#50,.T.);
#939=EDGE_CURVE('',#1120,#1143,#51,.T.);
#940=EDGE_CURVE('',#1144,#1126,#52,.T.);
#941=EDGE_CURVE('',#1127,#1144,#53,.T.);
#942=EDGE_CURVE('',#1128,#1145,#54,.T.);
#943=EDGE_CURVE('',#1145,#1127,#55,.T.);
#944=EDGE_CURVE('',#1129,#1146,#56,.T.);
#945=EDGE_CURVE('',#1146,#1128,#57,.T.);
#946=EDGE_CURVE('',#1147,#1129,#58,.T.);
#947=EDGE_CURVE('',#1130,#1147,#59,.T.);
#948=EDGE_CURVE('',#1148,#1130,#60,.T.);
#949=EDGE_CURVE('',#1125,#1148,#61,.T.);
#950=EDGE_CURVE('',#1149,#1125,#62,.T.);
#951=EDGE_CURVE('',#1126,#1149,#63,.T.);
#952=EDGE_CURVE('',#1150,#1132,#64,.T.);
#953=EDGE_CURVE('',#1133,#1150,#65,.T.);
#954=EDGE_CURVE('',#1134,#1151,#66,.T.);
#955=EDGE_CURVE('',#1151,#1133,#67,.T.);
#956=EDGE_CURVE('',#1135,#1152,#68,.T.);
#957=EDGE_CURVE('',#1152,#1134,#69,.T.);
#958=EDGE_CURVE('',#1153,#1135,#70,.T.);
#959=EDGE_CURVE('',#1136,#1153,#71,.T.);
#960=EDGE_CURVE('',#1154,#1136,#72,.T.);
#961=EDGE_CURVE('',#1131,#1154,#73,.T.);
#962=EDGE_CURVE('',#1155,#1131,#74,.T.);
#963=EDGE_CURVE('',#1132,#1155,#75,.T.);
#964=EDGE_CURVE('',#1156,#1156,#1256,.T.);
#965=EDGE_CURVE('',#1157,#1158,#76,.T.);
#966=EDGE_CURVE('',#1138,#1158,#206,.T.);
#967=EDGE_CURVE('',#1143,#1159,#207,.T.);
#968=EDGE_CURVE('',#1159,#1157,#77,.T.);
#969=EDGE_CURVE('',#1158,#1160,#78,.T.);
#970=EDGE_CURVE('',#1160,#1161,#79,.T.);
#971=EDGE_CURVE('',#1139,#1161,#208,.T.);
#972=EDGE_CURVE('',#1162,#1163,#80,.T.);
#973=EDGE_CURVE('',#1140,#1163,#209,.T.);
#974=EDGE_CURVE('',#1161,#1162,#81,.T.);
#975=EDGE_CURVE('',#1163,#1164,#82,.T.);
#976=EDGE_CURVE('',#1164,#1165,#83,.T.);
#977=EDGE_CURVE('',#1141,#1165,#210,.T.);
#978=EDGE_CURVE('',#1165,#1166,#84,.T.);
#979=EDGE_CURVE('',#1166,#1167,#85,.T.);
#980=EDGE_CURVE('',#1142,#1167,#211,.T.);
#981=EDGE_CURVE('',#1168,#1159,#86,.T.);
#982=EDGE_CURVE('',#1167,#1168,#87,.T.);
#983=EDGE_CURVE('',#1169,#1170,#88,.T.);
#984=EDGE_CURVE('',#1144,#1170,#212,.T.);
#985=EDGE_CURVE('',#1149,#1171,#213,.T.);
#986=EDGE_CURVE('',#1171,#1169,#89,.T.);
#987=EDGE_CURVE('',#1170,#1172,#90,.T.);
#988=EDGE_CURVE('',#1172,#1173,#91,.T.);
#989=EDGE_CURVE('',#1145,#1173,#214,.T.);
#990=EDGE_CURVE('',#1174,#1175,#92,.T.);
#991=EDGE_CURVE('',#1146,#1175,#215,.T.);
#992=EDGE_CURVE('',#1173,#1174,#93,.T.);
#993=EDGE_CURVE('',#1175,#1176,#94,.T.);
#994=EDGE_CURVE('',#1176,#1177,#95,.T.);
#995=EDGE_CURVE('',#1147,#1177,#216,.T.);
#996=EDGE_CURVE('',#1177,#1178,#96,.T.);
#997=EDGE_CURVE('',#1178,#1179,#97,.T.);
#998=EDGE_CURVE('',#1148,#1179,#217,.T.);
#999=EDGE_CURVE('',#1180,#1171,#98,.T.);
#1000=EDGE_CURVE('',#1179,#1180,#99,.T.);
#1001=EDGE_CURVE('',#1181,#1182,#100,.T.);
#1002=EDGE_CURVE('',#1150,#1182,#218,.T.);
#1003=EDGE_CURVE('',#1155,#1183,#219,.T.);
#1004=EDGE_CURVE('',#1183,#1181,#101,.T.);
#1005=EDGE_CURVE('',#1182,#1184,#102,.T.);
#1006=EDGE_CURVE('',#1184,#1185,#103,.T.);
#1007=EDGE_CURVE('',#1151,#1185,#220,.T.);
#1008=EDGE_CURVE('',#1186,#1187,#104,.T.);
#1009=EDGE_CURVE('',#1152,#1187,#221,.T.);
#1010=EDGE_CURVE('',#1185,#1186,#105,.T.);
#1011=EDGE_CURVE('',#1187,#1188,#106,.T.);
#1012=EDGE_CURVE('',#1188,#1189,#107,.T.);
#1013=EDGE_CURVE('',#1153,#1189,#222,.T.);
#1014=EDGE_CURVE('',#1189,#1190,#108,.T.);
#1015=EDGE_CURVE('',#1190,#1191,#109,.T.);
#1016=EDGE_CURVE('',#1154,#1191,#223,.T.);
#1017=EDGE_CURVE('',#1192,#1183,#110,.T.);
#1018=EDGE_CURVE('',#1191,#1192,#111,.T.);
#1019=EDGE_CURVE('',#1193,#1193,#1257,.T.);
#1020=EDGE_CURVE('',#1157,#1168,#1258,.T.);
#1021=EDGE_CURVE('',#1160,#1157,#1259,.T.);
#1022=EDGE_CURVE('',#1162,#1160,#1260,.T.);
#1023=EDGE_CURVE('',#1164,#1162,#1261,.T.);
#1024=EDGE_CURVE('',#1166,#1164,#1262,.T.);
#1025=EDGE_CURVE('',#1168,#1166,#1263,.T.);
#1026=EDGE_CURVE('',#1169,#1180,#1264,.T.);
#1027=EDGE_CURVE('',#1172,#1169,#1265,.T.);
#1028=EDGE_CURVE('',#1174,#1172,#1266,.T.);
#1029=EDGE_CURVE('',#1176,#1174,#1267,.T.);
#1030=EDGE_CURVE('',#1178,#1176,#1268,.T.);
#1031=EDGE_CURVE('',#1180,#1178,#1269,.T.);
#1032=EDGE_CURVE('',#1181,#1192,#1270,.T.);
#1033=EDGE_CURVE('',#1184,#1181,#1271,.T.);
#1034=EDGE_CURVE('',#1186,#1184,#1272,.T.);
#1035=EDGE_CURVE('',#1188,#1186,#1273,.T.);
#1036=EDGE_CURVE('',#1190,#1188,#1274,.T.);
#1037=EDGE_CURVE('',#1192,#1190,#1275,.T.);
#1038=EDGE_CURVE('',#1194,#1195,#12,.T.);
#1039=EDGE_CURVE('',#1194,#1195,#13,.T.);
#1040=EDGE_CURVE('',#1196,#1196,#1276,.T.);
#1041=EDGE_CURVE('',#1197,#1197,#1277,.T.);
#1042=EDGE_CURVE('',#1198,#1198,#1278,.T.);
#1043=EDGE_CURVE('',#1194,#1195,#14,.T.);
#1044=EDGE_CURVE('',#1199,#1199,#1279,.T.);
#1045=EDGE_CURVE('',#1195,#1194,#15,.T.);
#1046=EDGE_CURVE('',#1200,#1200,#1280,.T.);
#1047=EDGE_CURVE('',#1201,#1201,#1281,.T.);
#1048=EDGE_CURVE('',#1202,#1202,#1282,.T.);
#1049=EDGE_CURVE('',#1203,#1203,#1283,.T.);
#1050=EDGE_CURVE('',#1204,#1204,#1284,.T.);
#1051=EDGE_CURVE('',#1205,#1205,#1285,.T.);
#1052=EDGE_CURVE('',#1206,#1206,#1286,.T.);
#1053=EDGE_CURVE('',#1207,#1207,#1287,.T.);
#1054=VERTEX_POINT('',#2450);
#1055=VERTEX_POINT('',#2452);
#1056=VERTEX_POINT('',#2455);
#1057=VERTEX_POINT('',#2456);
#1058=VERTEX_POINT('',#2458);
#1059=VERTEX_POINT('',#2460);
#1060=VERTEX_POINT('',#2464);
#1061=VERTEX_POINT('',#2467);
#1062=VERTEX_POINT('',#2468);
#1063=VERTEX_POINT('',#2473);
#1064=VERTEX_POINT('',#2475);
#1065=VERTEX_POINT('',#2477);
#1066=VERTEX_POINT('',#2479);
#1067=VERTEX_POINT('',#2481);
#1068=VERTEX_POINT('',#2483);
#1069=VERTEX_POINT('',#2485);
#1070=VERTEX_POINT('',#2487);
#1071=VERTEX_POINT('',#2489);
#1072=VERTEX_POINT('',#2493);
#1073=VERTEX_POINT('',#2497);
#1074=VERTEX_POINT('',#2498);
#1075=VERTEX_POINT('',#2500);
#1076=VERTEX_POINT('',#2503);
#1077=VERTEX_POINT('',#2505);
#1078=VERTEX_POINT('',#2507);
#1079=VERTEX_POINT('',#2509);
#1080=VERTEX_POINT('',#2511);
#1081=VERTEX_POINT('',#2515);
#1082=VERTEX_POINT('',#2518);
#1083=VERTEX_POINT('',#2519);
#1084=VERTEX_POINT('',#2521);
#1085=VERTEX_POINT('',#2523);
#1086=VERTEX_POINT('',#2525);
#1087=VERTEX_POINT('',#2527);
#1088=VERTEX_POINT('',#2533);
#1089=VERTEX_POINT('',#2541);
#1090=VERTEX_POINT('',#2550);
#1091=VERTEX_POINT('',#2556);
#1092=VERTEX_POINT('',#2564);
#1093=VERTEX_POINT('',#2572);
#1094=VERTEX_POINT('',#2580);
#1095=VERTEX_POINT('',#2588);
#1096=VERTEX_POINT('',#2596);
#1097=VERTEX_POINT('',#2602);
#1098=VERTEX_POINT('',#2605);
#1099=VERTEX_POINT('',#2608);
#1100=VERTEX_POINT('',#2613);
#1101=VERTEX_POINT('',#2614);
#1102=VERTEX_POINT('',#2617);
#1103=VERTEX_POINT('',#2625);
#1104=VERTEX_POINT('',#2629);
#1105=VERTEX_POINT('',#2635);
#1106=VERTEX_POINT('',#2636);
#1107=VERTEX_POINT('',#2645);
#1108=VERTEX_POINT('',#2649);
#1109=VERTEX_POINT('',#2655);
#1110=VERTEX_POINT('',#2659);
#1111=VERTEX_POINT('',#2665);
#1112=VERTEX_POINT('',#2671);
#1113=VERTEX_POINT('',#2674);
#1114=VERTEX_POINT('',#2677);
#1115=VERTEX_POINT('',#2692);
#1116=VERTEX_POINT('',#2695);
#1117=VERTEX_POINT('',#2698);
#1118=VERTEX_POINT('',#2701);
#1119=VERTEX_POINT('',#2704);
#1120=VERTEX_POINT('',#2705);
#1121=VERTEX_POINT('',#2707);
#1122=VERTEX_POINT('',#2709);
#1123=VERTEX_POINT('',#2711);
#1124=VERTEX_POINT('',#2713);
#1125=VERTEX_POINT('',#2717);
#1126=VERTEX_POINT('',#2718);
#1127=VERTEX_POINT('',#2720);
#1128=VERTEX_POINT('',#2722);
#1129=VERTEX_POINT('',#2724);
#1130=VERTEX_POINT('',#2726);
#1131=VERTEX_POINT('',#2730);
#1132=VERTEX_POINT('',#2731);
#1133=VERTEX_POINT('',#2733);
#1134=VERTEX_POINT('',#2735);
#1135=VERTEX_POINT('',#2737);
#1136=VERTEX_POINT('',#2739);
#1137=VERTEX_POINT('',#2743);
#1138=VERTEX_POINT('',#2748);
#1139=VERTEX_POINT('',#2756);
#1140=VERTEX_POINT('',#2764);
#1141=VERTEX_POINT('',#2772);
#1142=VERTEX_POINT('',#2780);
#1143=VERTEX_POINT('',#2788);
#1144=VERTEX_POINT('',#2796);
#1145=VERTEX_POINT('',#2804);
#1146=VERTEX_POINT('',#2812);
#1147=VERTEX_POINT('',#2820);
#1148=VERTEX_POINT('',#2828);
#1149=VERTEX_POINT('',#2836);
#1150=VERTEX_POINT('',#2844);
#1151=VERTEX_POINT('',#2852);
#1152=VERTEX_POINT('',#2860);
#1153=VERTEX_POINT('',#2868);
#1154=VERTEX_POINT('',#2876);
#1155=VERTEX_POINT('',#2884);
#1156=VERTEX_POINT('',#2890);
#1157=VERTEX_POINT('',#2895);
#1158=VERTEX_POINT('',#2896);
#1159=VERTEX_POINT('',#2899);
#1160=VERTEX_POINT('',#2907);
#1161=VERTEX_POINT('',#2911);
#1162=VERTEX_POINT('',#2917);
#1163=VERTEX_POINT('',#2918);
#1164=VERTEX_POINT('',#2927);
#1165=VERTEX_POINT('',#2931);
#1166=VERTEX_POINT('',#2937);
#1167=VERTEX_POINT('',#2941);
#1168=VERTEX_POINT('',#2947);
#1169=VERTEX_POINT('',#2955);
#1170=VERTEX_POINT('',#2956);
#1171=VERTEX_POINT('',#2959);
#1172=VERTEX_POINT('',#2967);
#1173=VERTEX_POINT('',#2971);
#1174=VERTEX_POINT('',#2977);
#1175=VERTEX_POINT('',#2978);
#1176=VERTEX_POINT('',#2987);
#1177=VERTEX_POINT('',#2991);
#1178=VERTEX_POINT('',#2997);
#1179=VERTEX_POINT('',#3001);
#1180=VERTEX_POINT('',#3007);
#1181=VERTEX_POINT('',#3015);
#1182=VERTEX_POINT('',#3016);
#1183=VERTEX_POINT('',#3019);
#1184=VERTEX_POINT('',#3027);
#1185=VERTEX_POINT('',#3031);
#1186=VERTEX_POINT('',#3037);
#1187=VERTEX_POINT('',#3038);
#1188=VERTEX_POINT('',#3047);
#1189=VERTEX_POINT('',#3051);
#1190=VERTEX_POINT('',#3057);
#1191=VERTEX_POINT('',#3061);
#1192=VERTEX_POINT('',#3067);
#1193=VERTEX_POINT('',#3073);
#1194=VERTEX_POINT('',#3112);
#1195=VERTEX_POINT('',#3113);
#1196=VERTEX_POINT('',#3117);
#1197=VERTEX_POINT('',#3120);
#1198=VERTEX_POINT('',#3123);
#1199=VERTEX_POINT('',#3127);
#1200=VERTEX_POINT('',#3131);
#1201=VERTEX_POINT('',#3134);
#1202=VERTEX_POINT('',#3137);
#1203=VERTEX_POINT('',#3140);
#1204=VERTEX_POINT('',#3143);
#1205=VERTEX_POINT('',#3146);
#1206=VERTEX_POINT('',#3149);
#1207=VERTEX_POINT('',#3153);
#1208=CIRCLE('',#1768,0.00588391);
#1209=CIRCLE('',#1769,0.00588391);
#1210=CIRCLE('',#1772,0.00714375);
#1211=CIRCLE('',#1778,0.00714375);
#1212=CIRCLE('',#1780,0.008763);
#1213=CIRCLE('',#1781,0.008763);
#1214=CIRCLE('',#1782,0.008763);
#1215=CIRCLE('',#1783,0.008763);
#1216=CIRCLE('',#1784,0.008763);
#1217=CIRCLE('',#1785,0.008763);
#1218=CIRCLE('',#1788,0.00588391);
#1219=CIRCLE('',#1792,0.00588391);
#1220=CIRCLE('',#1796,0.00588391);
#1221=CIRCLE('',#1805,0.00588391);
#1222=CIRCLE('',#1807,0.00588391);
#1223=CIRCLE('',#1809,0.00588391);
#1224=CIRCLE('',#1817,0.00714375);
#1225=CIRCLE('',#1819,0.00714375);
#1226=CIRCLE('',#1821,0.00714375);
#1227=CIRCLE('',#1823,0.008763);
#1228=CIRCLE('',#1825,0.008763);
#1229=CIRCLE('',#1827,0.008763);
#1230=CIRCLE('',#1829,0.008763);
#1231=CIRCLE('',#1831,0.008763);
#1232=CIRCLE('',#1833,0.008763);
#1233=CIRCLE('',#1835,0.00714375);
#1234=CIRCLE('',#1837,0.00714375);
#1235=CIRCLE('',#1839,0.00714375);
#1236=CIRCLE('',#1841,0.008763);
#1237=CIRCLE('',#1843,0.008763);
#1238=CIRCLE('',#1844,0.008763);
#1239=CIRCLE('',#1845,0.008763);
#1240=CIRCLE('',#1846,0.008763);
#1241=CIRCLE('',#1847,0.008763);
#1242=CIRCLE('',#1848,0.008763);
#1243=CIRCLE('',#1850,0.008763);
#1244=CIRCLE('',#1851,0.008763);
#1245=CIRCLE('',#1852,0.008763);
#1246=CIRCLE('',#1853,0.008763);
#1247=CIRCLE('',#1854,0.008763);
#1248=CIRCLE('',#1855,0.008763);
#1249=CIRCLE('',#1857,0.008763);
#1250=CIRCLE('',#1858,0.008763);
#1251=CIRCLE('',#1859,0.008763);
#1252=CIRCLE('',#1860,0.008763);
#1253=CIRCLE('',#1861,0.008763);
#1254=CIRCLE('',#1862,0.008763);
#1255=CIRCLE('',#1864,0.0047625);
#1256=CIRCLE('',#1884,0.0047625);
#1257=CIRCLE('',#1904,0.003556);
#1258=CIRCLE('',#1906,0.008763);
#1259=CIRCLE('',#1908,0.008763);
#1260=CIRCLE('',#1910,0.008763);
#1261=CIRCLE('',#1912,0.008763);
#1262=CIRCLE('',#1914,0.008763);
#1263=CIRCLE('',#1916,0.008763);
#1264=CIRCLE('',#1918,0.008763);
#1265=CIRCLE('',#1920,0.008763);
#1266=CIRCLE('',#1922,0.008763);
#1267=CIRCLE('',#1924,0.008763);
#1268=CIRCLE('',#1926,0.008763);
#1269=CIRCLE('',#1928,0.008763);
#1270=CIRCLE('',#1930,0.008763);
#1271=CIRCLE('',#1932,0.008763);
#1272=CIRCLE('',#1934,0.008763);
#1273=CIRCLE('',#1936,0.008763);
#1274=CIRCLE('',#1938,0.008763);
#1275=CIRCLE('',#1940,0.008763);
#1276=CIRCLE('',#1945,0.008763);
#1277=CIRCLE('',#1947,0.008763);
#1278=CIRCLE('',#1949,0.008763);
#1279=CIRCLE('',#1952,0.003556);
#1280=CIRCLE('',#1955,0.003556);
#1281=CIRCLE('',#1957,0.0047625);
#1282=CIRCLE('',#1959,0.0047625);
#1283=CIRCLE('',#1961,0.0047625);
#1284=CIRCLE('',#1963,0.0047625);
#1285=CIRCLE('',#1965,0.0047625);
#1286=CIRCLE('',#1967,0.003556);
#1287=CIRCLE('',#1970,0.0047625);
#1288=EDGE_LOOP('',(#334));
#1289=EDGE_LOOP('',(#335));
#1290=EDGE_LOOP('',(#336));
#1291=EDGE_LOOP('',(#337,#338,#339,#340));
#1292=EDGE_LOOP('',(#341));
#1293=EDGE_LOOP('',(#342));
#1294=EDGE_LOOP('',(#343,#344,#345,#346));
#1295=EDGE_LOOP('',(#347,#348,#349,#350,#351,#352,#353,#354,#355,#356,#357,
#358));
#1296=EDGE_LOOP('',(#359,#360,#361,#362));
#1297=EDGE_LOOP('',(#363,#364,#365,#366,#367,#368,#369,#370,#371,#372,#373,
#374));
#1298=EDGE_LOOP('',(#375));
#1299=EDGE_LOOP('',(#376));
#1300=EDGE_LOOP('',(#377));
#1301=EDGE_LOOP('',(#378,#379,#380,#381,#382,#383));
#1302=EDGE_LOOP('',(#384,#385,#386,#387));
#1303=EDGE_LOOP('',(#388));
#1304=EDGE_LOOP('',(#389,#390,#391,#392));
#1305=EDGE_LOOP('',(#393,#394,#395,#396));
#1306=EDGE_LOOP('',(#397,#398,#399,#400));
#1307=EDGE_LOOP('',(#401));
#1308=EDGE_LOOP('',(#402,#403,#404,#405));
#1309=EDGE_LOOP('',(#406,#407,#408,#409));
#1310=EDGE_LOOP('',(#410,#411,#412,#413));
#1311=EDGE_LOOP('',(#414,#415,#416,#417));
#1312=EDGE_LOOP('',(#418));
#1313=EDGE_LOOP('',(#419,#420,#421,#422));
#1314=EDGE_LOOP('',(#423,#424,#425));
#1315=EDGE_LOOP('',(#426,#427,#428));
#1316=EDGE_LOOP('',(#429,#430,#431));
#1317=EDGE_LOOP('',(#432,#433,#434));
#1318=EDGE_LOOP('',(#435,#436,#437));
#1319=EDGE_LOOP('',(#438,#439,#440));
#1320=EDGE_LOOP('',(#441));
#1321=EDGE_LOOP('',(#442));
#1322=EDGE_LOOP('',(#443));
#1323=EDGE_LOOP('',(#444));
#1324=EDGE_LOOP('',(#445));
#1325=EDGE_LOOP('',(#446));
#1326=EDGE_LOOP('',(#447,#448,#449,#450,#451,#452));
#1327=EDGE_LOOP('',(#453,#454,#455,#456,#457,#458));
#1328=EDGE_LOOP('',(#459,#460,#461,#462,#463,#464));
#1329=EDGE_LOOP('',(#465,#466,#467,#468,#469,#470));
#1330=EDGE_LOOP('',(#471,#472,#473,#474,#475,#476));
#1331=EDGE_LOOP('',(#477,#478,#479,#480,#481,#482));
#1332=EDGE_LOOP('',(#483));
#1333=EDGE_LOOP('',(#484));
#1334=EDGE_LOOP('',(#485));
#1335=EDGE_LOOP('',(#486));
#1336=EDGE_LOOP('',(#487));
#1337=EDGE_LOOP('',(#488));
#1338=EDGE_LOOP('',(#489,#490,#491));
#1339=EDGE_LOOP('',(#492,#493,#494));
#1340=EDGE_LOOP('',(#495,#496,#497));
#1341=EDGE_LOOP('',(#498,#499,#500));
#1342=EDGE_LOOP('',(#501,#502,#503));
#1343=EDGE_LOOP('',(#504,#505,#506));
#1344=EDGE_LOOP('',(#507));
#1345=EDGE_LOOP('',(#508));
#1346=EDGE_LOOP('',(#509));
#1347=EDGE_LOOP('',(#510));
#1348=EDGE_LOOP('',(#511));
#1349=EDGE_LOOP('',(#512));
#1350=EDGE_LOOP('',(#513,#514,#515,#516,#517,#518));
#1351=EDGE_LOOP('',(#519));
#1352=EDGE_LOOP('',(#520));
#1353=EDGE_LOOP('',(#521,#522,#523,#524,#525,#526));
#1354=EDGE_LOOP('',(#527));
#1355=EDGE_LOOP('',(#528,#529,#530,#531,#532,#533));
#1356=EDGE_LOOP('',(#534));
#1357=EDGE_LOOP('',(#535,#536,#537,#538,#539,#540));
#1358=EDGE_LOOP('',(#541));
#1359=EDGE_LOOP('',(#542));
#1360=EDGE_LOOP('',(#543,#544,#545));
#1361=EDGE_LOOP('',(#546,#547,#548));
#1362=EDGE_LOOP('',(#549,#550,#551));
#1363=EDGE_LOOP('',(#552,#553,#554));
#1364=EDGE_LOOP('',(#555,#556,#557));
#1365=EDGE_LOOP('',(#558,#559,#560));
#1366=EDGE_LOOP('',(#561,#562,#563));
#1367=EDGE_LOOP('',(#564,#565,#566));
#1368=EDGE_LOOP('',(#567,#568,#569));
#1369=EDGE_LOOP('',(#570,#571,#572));
#1370=EDGE_LOOP('',(#573,#574,#575));
#1371=EDGE_LOOP('',(#576,#577,#578));
#1372=EDGE_LOOP('',(#579,#580,#581));
#1373=EDGE_LOOP('',(#582,#583,#584));
#1374=EDGE_LOOP('',(#585,#586,#587));
#1375=EDGE_LOOP('',(#588,#589,#590));
#1376=EDGE_LOOP('',(#591,#592,#593));
#1377=EDGE_LOOP('',(#594,#595,#596));
#1378=EDGE_LOOP('',(#597));
#1379=EDGE_LOOP('',(#598));
#1380=EDGE_LOOP('',(#599,#600,#601,#602,#603,#604));
#1381=EDGE_LOOP('',(#605,#606,#607,#608,#609,#610));
#1382=EDGE_LOOP('',(#611,#612,#613,#614,#615,#616));
#1383=EDGE_LOOP('',(#617,#618,#619,#620,#621,#622));
#1384=EDGE_LOOP('',(#623,#624,#625,#626,#627,#628));
#1385=EDGE_LOOP('',(#629,#630,#631,#632,#633,#634));
#1386=EDGE_LOOP('',(#635,#636,#637,#638,#639,#640));
#1387=EDGE_LOOP('',(#641,#642,#643,#644,#645,#646));
#1388=EDGE_LOOP('',(#647,#648,#649,#650,#651,#652));
#1389=EDGE_LOOP('',(#653,#654,#655,#656,#657,#658));
#1390=EDGE_LOOP('',(#659,#660,#661,#662,#663,#664));
#1391=EDGE_LOOP('',(#665,#666,#667,#668,#669,#670));
#1392=EDGE_LOOP('',(#671,#672,#673,#674,#675,#676));
#1393=EDGE_LOOP('',(#677,#678,#679,#680,#681,#682));
#1394=EDGE_LOOP('',(#683,#684,#685,#686,#687,#688));
#1395=EDGE_LOOP('',(#689,#690,#691,#692,#693,#694));
#1396=EDGE_LOOP('',(#695,#696,#697,#698,#699,#700));
#1397=EDGE_LOOP('',(#701,#702,#703,#704,#705,#706));
#1398=EDGE_LOOP('',(#707));
#1399=EDGE_LOOP('',(#708));
#1400=EDGE_LOOP('',(#709,#710,#711));
#1401=EDGE_LOOP('',(#712,#713,#714));
#1402=EDGE_LOOP('',(#715,#716,#717));
#1403=EDGE_LOOP('',(#718,#719,#720));
#1404=EDGE_LOOP('',(#721,#722,#723));
#1405=EDGE_LOOP('',(#724,#725,#726));
#1406=EDGE_LOOP('',(#727,#728,#729));
#1407=EDGE_LOOP('',(#730,#731,#732));
#1408=EDGE_LOOP('',(#733,#734,#735));
#1409=EDGE_LOOP('',(#736,#737,#738));
#1410=EDGE_LOOP('',(#739,#740,#741));
#1411=EDGE_LOOP('',(#742,#743,#744));
#1412=EDGE_LOOP('',(#745,#746,#747));
#1413=EDGE_LOOP('',(#748,#749,#750));
#1414=EDGE_LOOP('',(#751,#752,#753));
#1415=EDGE_LOOP('',(#754,#755,#756));
#1416=EDGE_LOOP('',(#757,#758,#759));
#1417=EDGE_LOOP('',(#760,#761,#762));
#1418=EDGE_LOOP('',(#763));
#1419=EDGE_LOOP('',(#764,#765));
#1420=EDGE_LOOP('',(#766,#767,#768,#769,#770,#771));
#1421=EDGE_LOOP('',(#772));
#1422=EDGE_LOOP('',(#773));
#1423=EDGE_LOOP('',(#774,#775,#776,#777,#778,#779));
#1424=EDGE_LOOP('',(#780));
#1425=EDGE_LOOP('',(#781,#782,#783,#784,#785,#786));
#1426=EDGE_LOOP('',(#787,#788));
#1427=EDGE_LOOP('',(#789));
#1428=EDGE_LOOP('',(#790,#791));
#1429=EDGE_LOOP('',(#792));
#1430=EDGE_LOOP('',(#793));
#1431=EDGE_LOOP('',(#794));
#1432=EDGE_LOOP('',(#795));
#1433=EDGE_LOOP('',(#796));
#1434=EDGE_LOOP('',(#797));
#1435=EDGE_LOOP('',(#798));
#1436=EDGE_LOOP('',(#799));
#1437=EDGE_LOOP('',(#800));
#1438=EDGE_LOOP('',(#801));
#1439=EDGE_LOOP('',(#802));
#1440=EDGE_LOOP('',(#803));
#1441=EDGE_LOOP('',(#804,#805));
#1442=EDGE_LOOP('',(#806));
#1443=EDGE_LOOP('',(#807));
#1444=EDGE_LOOP('',(#808));
#1445=EDGE_LOOP('',(#809));
#1446=EDGE_LOOP('',(#810));
#1447=EDGE_LOOP('',(#811));
#1448=EDGE_LOOP('',(#812));
#1449=EDGE_LOOP('',(#813));
#1450=FACE_BOUND('',#1288,.T.);
#1451=FACE_BOUND('',#1289,.T.);
#1452=FACE_BOUND('',#1290,.T.);
#1453=FACE_BOUND('',#1291,.T.);
#1454=FACE_BOUND('',#1292,.T.);
#1455=FACE_BOUND('',#1293,.T.);
#1456=FACE_BOUND('',#1294,.T.);
#1457=FACE_BOUND('',#1295,.T.);
#1458=FACE_BOUND('',#1296,.T.);
#1459=FACE_BOUND('',#1297,.T.);
#1460=FACE_BOUND('',#1298,.T.);
#1461=FACE_BOUND('',#1299,.T.);
#1462=FACE_BOUND('',#1300,.T.);
#1463=FACE_BOUND('',#1301,.T.);
#1464=FACE_BOUND('',#1302,.T.);
#1465=FACE_BOUND('',#1303,.T.);
#1466=FACE_BOUND('',#1304,.T.);
#1467=FACE_BOUND('',#1305,.T.);
#1468=FACE_BOUND('',#1306,.T.);
#1469=FACE_BOUND('',#1307,.T.);
#1470=FACE_BOUND('',#1308,.T.);
#1471=FACE_BOUND('',#1309,.T.);
#1472=FACE_BOUND('',#1310,.T.);
#1473=FACE_BOUND('',#1311,.T.);
#1474=FACE_BOUND('',#1312,.T.);
#1475=FACE_BOUND('',#1313,.T.);
#1476=FACE_BOUND('',#1314,.T.);
#1477=FACE_BOUND('',#1315,.T.);
#1478=FACE_BOUND('',#1316,.T.);
#1479=FACE_BOUND('',#1317,.T.);
#1480=FACE_BOUND('',#1318,.T.);
#1481=FACE_BOUND('',#1319,.T.);
#1482=FACE_BOUND('',#1320,.T.);
#1483=FACE_BOUND('',#1321,.T.);
#1484=FACE_BOUND('',#1322,.T.);
#1485=FACE_BOUND('',#1323,.T.);
#1486=FACE_BOUND('',#1324,.T.);
#1487=FACE_BOUND('',#1325,.T.);
#1488=FACE_BOUND('',#1326,.T.);
#1489=FACE_BOUND('',#1327,.T.);
#1490=FACE_BOUND('',#1328,.T.);
#1491=FACE_BOUND('',#1329,.T.);
#1492=FACE_BOUND('',#1330,.T.);
#1493=FACE_BOUND('',#1331,.T.);
#1494=FACE_BOUND('',#1332,.T.);
#1495=FACE_BOUND('',#1333,.T.);
#1496=FACE_BOUND('',#1334,.T.);
#1497=FACE_BOUND('',#1335,.T.);
#1498=FACE_BOUND('',#1336,.T.);
#1499=FACE_BOUND('',#1337,.T.);
#1500=FACE_BOUND('',#1338,.T.);
#1501=FACE_BOUND('',#1339,.T.);
#1502=FACE_BOUND('',#1340,.T.);
#1503=FACE_BOUND('',#1341,.T.);
#1504=FACE_BOUND('',#1342,.T.);
#1505=FACE_BOUND('',#1343,.T.);
#1506=FACE_BOUND('',#1344,.T.);
#1507=FACE_BOUND('',#1345,.T.);
#1508=FACE_BOUND('',#1346,.T.);
#1509=FACE_BOUND('',#1347,.T.);
#1510=FACE_BOUND('',#1348,.T.);
#1511=FACE_BOUND('',#1349,.T.);
#1512=FACE_BOUND('',#1350,.T.);
#1513=FACE_BOUND('',#1351,.T.);
#1514=FACE_BOUND('',#1352,.T.);
#1515=FACE_BOUND('',#1353,.T.);
#1516=FACE_BOUND('',#1354,.T.);
#1517=FACE_BOUND('',#1355,.T.);
#1518=FACE_BOUND('',#1356,.T.);
#1519=FACE_BOUND('',#1357,.T.);
#1520=FACE_BOUND('',#1358,.T.);
#1521=FACE_BOUND('',#1359,.T.);
#1522=FACE_BOUND('',#1360,.T.);
#1523=FACE_BOUND('',#1361,.T.);
#1524=FACE_BOUND('',#1362,.T.);
#1525=FACE_BOUND('',#1363,.T.);
#1526=FACE_BOUND('',#1364,.T.);
#1527=FACE_BOUND('',#1365,.T.);
#1528=FACE_BOUND('',#1366,.T.);
#1529=FACE_BOUND('',#1367,.T.);
#1530=FACE_BOUND('',#1368,.T.);
#1531=FACE_BOUND('',#1369,.T.);
#1532=FACE_BOUND('',#1370,.T.);
#1533=FACE_BOUND('',#1371,.T.);
#1534=FACE_BOUND('',#1372,.T.);
#1535=FACE_BOUND('',#1373,.T.);
#1536=FACE_BOUND('',#1374,.T.);
#1537=FACE_BOUND('',#1375,.T.);
#1538=FACE_BOUND('',#1376,.T.);
#1539=FACE_BOUND('',#1377,.T.);
#1540=FACE_BOUND('',#1378,.T.);
#1541=FACE_BOUND('',#1379,.T.);
#1542=FACE_BOUND('',#1380,.T.);
#1543=FACE_BOUND('',#1381,.T.);
#1544=FACE_BOUND('',#1382,.T.);
#1545=FACE_BOUND('',#1383,.T.);
#1546=FACE_BOUND('',#1384,.T.);
#1547=FACE_BOUND('',#1385,.T.);
#1548=FACE_BOUND('',#1386,.T.);
#1549=FACE_BOUND('',#1387,.T.);
#1550=FACE_BOUND('',#1388,.T.);
#1551=FACE_BOUND('',#1389,.T.);
#1552=FACE_BOUND('',#1390,.T.);
#1553=FACE_BOUND('',#1391,.T.);
#1554=FACE_BOUND('',#1392,.T.);
#1555=FACE_BOUND('',#1393,.T.);
#1556=FACE_BOUND('',#1394,.T.);
#1557=FACE_BOUND('',#1395,.T.);
#1558=FACE_BOUND('',#1396,.T.);
#1559=FACE_BOUND('',#1397,.T.);
#1560=FACE_BOUND('',#1398,.T.);
#1561=FACE_BOUND('',#1399,.T.);
#1562=FACE_BOUND('',#1400,.T.);
#1563=FACE_BOUND('',#1401,.T.);
#1564=FACE_BOUND('',#1402,.T.);
#1565=FACE_BOUND('',#1403,.T.);
#1566=FACE_BOUND('',#1404,.T.);
#1567=FACE_BOUND('',#1405,.T.);
#1568=FACE_BOUND('',#1406,.T.);
#1569=FACE_BOUND('',#1407,.T.);
#1570=FACE_BOUND('',#1408,.T.);
#1571=FACE_BOUND('',#1409,.T.);
#1572=FACE_BOUND('',#1410,.T.);
#1573=FACE_BOUND('',#1411,.T.);
#1574=FACE_BOUND('',#1412,.T.);
#1575=FACE_BOUND('',#1413,.T.);
#1576=FACE_BOUND('',#1414,.T.);
#1577=FACE_BOUND('',#1415,.T.);
#1578=FACE_BOUND('',#1416,.T.);
#1579=FACE_BOUND('',#1417,.T.);
#1580=FACE_BOUND('',#1418,.T.);
#1581=FACE_BOUND('',#1419,.T.);
#1582=FACE_BOUND('',#1420,.T.);
#1583=FACE_BOUND('',#1421,.T.);
#1584=FACE_BOUND('',#1422,.T.);
#1585=FACE_BOUND('',#1423,.T.);
#1586=FACE_BOUND('',#1424,.T.);
#1587=FACE_BOUND('',#1425,.T.);
#1588=FACE_BOUND('',#1426,.T.);
#1589=FACE_BOUND('',#1427,.T.);
#1590=FACE_BOUND('',#1428,.T.);
#1591=FACE_BOUND('',#1429,.T.);
#1592=FACE_BOUND('',#1430,.T.);
#1593=FACE_BOUND('',#1431,.T.);
#1594=FACE_BOUND('',#1432,.T.);
#1595=FACE_BOUND('',#1433,.T.);
#1596=FACE_BOUND('',#1434,.T.);
#1597=FACE_BOUND('',#1435,.T.);
#1598=FACE_BOUND('',#1436,.T.);
#1599=FACE_BOUND('',#1437,.T.);
#1600=FACE_BOUND('',#1438,.T.);
#1601=FACE_BOUND('',#1439,.T.);
#1602=FACE_BOUND('',#1440,.T.);
#1603=FACE_BOUND('',#1441,.T.);
#1604=FACE_BOUND('',#1442,.T.);
#1605=FACE_BOUND('',#1443,.T.);
#1606=FACE_BOUND('',#1444,.T.);
#1607=FACE_BOUND('',#1445,.T.);
#1608=FACE_BOUND('',#1446,.T.);
#1609=FACE_BOUND('',#1447,.T.);
#1610=FACE_BOUND('',#1448,.T.);
#1611=FACE_BOUND('',#1449,.T.);
#1612=CYLINDRICAL_SURFACE('',#1767,0.00588391);
#1613=CYLINDRICAL_SURFACE('',#1777,0.00714375);
#1614=CYLINDRICAL_SURFACE('',#1804,0.00588391);
#1615=CYLINDRICAL_SURFACE('',#1806,0.00588391);
#1616=CYLINDRICAL_SURFACE('',#1808,0.00588391);
#1617=CYLINDRICAL_SURFACE('',#1834,0.00714375);
#1618=CYLINDRICAL_SURFACE('',#1836,0.00714375);
#1619=CYLINDRICAL_SURFACE('',#1838,0.00714375);
#1620=CYLINDRICAL_SURFACE('',#1840,0.008763);
#1621=CYLINDRICAL_SURFACE('',#1883,0.0047625);
#1622=CYLINDRICAL_SURFACE('',#1941,0.003556);
#1623=CYLINDRICAL_SURFACE('',#1944,0.008763);
#1624=CYLINDRICAL_SURFACE('',#1946,0.008763);
#1625=CYLINDRICAL_SURFACE('',#1948,0.008763);
#1626=CYLINDRICAL_SURFACE('',#1950,0.003556);
#1627=CYLINDRICAL_SURFACE('',#1953,0.003556);
#1628=CYLINDRICAL_SURFACE('',#1966,0.003556);
#1629=CYLINDRICAL_SURFACE('',#1968,0.0047625);
#1630=CYLINDRICAL_SURFACE('',#1969,0.0047625);
#1631=CYLINDRICAL_SURFACE('',#1971,0.0047625);
#1632=ADVANCED_FACE('',(#1450,#1451),#1612,.T.);
#1633=ADVANCED_FACE('',(#1452,#1453),#284,.T.);
#1634=ADVANCED_FACE('',(#1454,#1455),#112,.T.);
#1635=ADVANCED_FACE('',(#1456),#285,.T.);
#1636=ADVANCED_FACE('',(#1457),#286,.T.);
#1637=ADVANCED_FACE('',(#1458),#287,.T.);
#1638=ADVANCED_FACE('',(#1459),#288,.T.);
#1639=ADVANCED_FACE('',(#1460,#1461),#1613,.T.);
#1640=ADVANCED_FACE('',(#1462,#1463),#289,.T.);
#1641=ADVANCED_FACE('',(#1464),#290,.T.);
#1642=ADVANCED_FACE('',(#1465,#1466),#291,.T.);
#1643=ADVANCED_FACE('',(#1467),#292,.T.);
#1644=ADVANCED_FACE('',(#1468),#293,.T.);
#1645=ADVANCED_FACE('',(#1469,#1470),#294,.T.);
#1646=ADVANCED_FACE('',(#1471),#295,.T.);
#1647=ADVANCED_FACE('',(#1472),#296,.T.);
#1648=ADVANCED_FACE('',(#1473,#1474),#297,.T.);
#1649=ADVANCED_FACE('',(#1475),#298,.T.);
#1650=ADVANCED_FACE('',(#1476),#113,.T.);
#1651=ADVANCED_FACE('',(#1477),#114,.T.);
#1652=ADVANCED_FACE('',(#1478),#115,.T.);
#1653=ADVANCED_FACE('',(#1479),#116,.T.);
#1654=ADVANCED_FACE('',(#1480),#117,.T.);
#1655=ADVANCED_FACE('',(#1481),#118,.T.);
#1656=ADVANCED_FACE('',(#1482,#1483),#1614,.T.);
#1657=ADVANCED_FACE('',(#1484,#1485),#1615,.T.);
#1658=ADVANCED_FACE('',(#1486,#1487),#1616,.T.);
#1659=ADVANCED_FACE('',(#1488),#299,.T.);
#1660=ADVANCED_FACE('',(#1489),#300,.T.);
#1661=ADVANCED_FACE('',(#1490),#301,.T.);
#1662=ADVANCED_FACE('',(#1491),#302,.T.);
#1663=ADVANCED_FACE('',(#1492),#303,.T.);
#1664=ADVANCED_FACE('',(#1493),#304,.T.);
#1665=ADVANCED_FACE('',(#1494,#1495),#119,.T.);
#1666=ADVANCED_FACE('',(#1496,#1497),#120,.T.);
#1667=ADVANCED_FACE('',(#1498,#1499),#121,.T.);
#1668=ADVANCED_FACE('',(#1500),#122,.T.);
#1669=ADVANCED_FACE('',(#1501),#123,.T.);
#1670=ADVANCED_FACE('',(#1502),#124,.T.);
#1671=ADVANCED_FACE('',(#1503),#125,.T.);
#1672=ADVANCED_FACE('',(#1504),#126,.T.);
#1673=ADVANCED_FACE('',(#1505),#127,.T.);
#1674=ADVANCED_FACE('',(#1506,#1507),#1617,.T.);
#1675=ADVANCED_FACE('',(#1508,#1509),#1618,.T.);
#1676=ADVANCED_FACE('',(#1510,#1511),#1619,.T.);
#1677=ADVANCED_FACE('',(#1512,#1513),#1620,.T.);
#1678=ADVANCED_FACE('',(#1514,#1515),#305,.T.);
#1679=ADVANCED_FACE('',(#1516,#1517),#306,.T.);
#1680=ADVANCED_FACE('',(#1518,#1519),#307,.T.);
#1681=ADVANCED_FACE('',(#1520,#1521),#308,.T.);
#1682=ADVANCED_FACE('',(#1522),#128,.T.);
#1683=ADVANCED_FACE('',(#1523),#129,.T.);
#1684=ADVANCED_FACE('',(#1524),#130,.T.);
#1685=ADVANCED_FACE('',(#1525),#131,.T.);
#1686=ADVANCED_FACE('',(#1526),#132,.T.);
#1687=ADVANCED_FACE('',(#1527),#133,.T.);
#1688=ADVANCED_FACE('',(#1528),#134,.T.);
#1689=ADVANCED_FACE('',(#1529),#135,.T.);
#1690=ADVANCED_FACE('',(#1530),#136,.T.);
#1691=ADVANCED_FACE('',(#1531),#137,.T.);
#1692=ADVANCED_FACE('',(#1532),#138,.T.);
#1693=ADVANCED_FACE('',(#1533),#139,.T.);
#1694=ADVANCED_FACE('',(#1534),#140,.T.);
#1695=ADVANCED_FACE('',(#1535),#141,.T.);
#1696=ADVANCED_FACE('',(#1536),#142,.T.);
#1697=ADVANCED_FACE('',(#1537),#143,.T.);
#1698=ADVANCED_FACE('',(#1538),#144,.T.);
#1699=ADVANCED_FACE('',(#1539),#145,.T.);
#1700=ADVANCED_FACE('',(#1540,#1541),#1621,.F.);
#1701=ADVANCED_FACE('',(#1542),#309,.T.);
#1702=ADVANCED_FACE('',(#1543),#310,.T.);
#1703=ADVANCED_FACE('',(#1544),#311,.T.);
#1704=ADVANCED_FACE('',(#1545),#312,.T.);
#1705=ADVANCED_FACE('',(#1546),#313,.T.);
#1706=ADVANCED_FACE('',(#1547),#314,.T.);
#1707=ADVANCED_FACE('',(#1548),#315,.T.);
#1708=ADVANCED_FACE('',(#1549),#316,.T.);
#1709=ADVANCED_FACE('',(#1550),#317,.T.);
#1710=ADVANCED_FACE('',(#1551),#318,.T.);
#1711=ADVANCED_FACE('',(#1552),#319,.T.);
#1712=ADVANCED_FACE('',(#1553),#320,.T.);
#1713=ADVANCED_FACE('',(#1554),#321,.T.);
#1714=ADVANCED_FACE('',(#1555),#322,.T.);
#1715=ADVANCED_FACE('',(#1556),#323,.T.);
#1716=ADVANCED_FACE('',(#1557),#324,.T.);
#1717=ADVANCED_FACE('',(#1558),#325,.T.);
#1718=ADVANCED_FACE('',(#1559),#326,.T.);
#1719=ADVANCED_FACE('',(#1560,#1561),#327,.F.);
#1720=ADVANCED_FACE('',(#1562),#146,.T.);
#1721=ADVANCED_FACE('',(#1563),#147,.T.);
#1722=ADVANCED_FACE('',(#1564),#148,.T.);
#1723=ADVANCED_FACE('',(#1565),#149,.T.);
#1724=ADVANCED_FACE('',(#1566),#150,.T.);
#1725=ADVANCED_FACE('',(#1567),#151,.T.);
#1726=ADVANCED_FACE('',(#1568),#152,.T.);
#1727=ADVANCED_FACE('',(#1569),#153,.T.);
#1728=ADVANCED_FACE('',(#1570),#154,.T.);
#1729=ADVANCED_FACE('',(#1571),#155,.T.);
#1730=ADVANCED_FACE('',(#1572),#156,.T.);
#1731=ADVANCED_FACE('',(#1573),#157,.T.);
#1732=ADVANCED_FACE('',(#1574),#158,.T.);
#1733=ADVANCED_FACE('',(#1575),#159,.T.);
#1734=ADVANCED_FACE('',(#1576),#160,.T.);
#1735=ADVANCED_FACE('',(#1577),#161,.T.);
#1736=ADVANCED_FACE('',(#1578),#162,.T.);
#1737=ADVANCED_FACE('',(#1579),#163,.T.);
#1738=ADVANCED_FACE('',(#1580,#1581),#1622,.F.);
#1739=ADVANCED_FACE('',(#1582,#1583),#1623,.T.);
#1740=ADVANCED_FACE('',(#1584,#1585),#1624,.T.);
#1741=ADVANCED_FACE('',(#1586,#1587),#1625,.T.);
#1742=ADVANCED_FACE('',(#1588,#1589),#1626,.F.);
#1743=ADVANCED_FACE('',(#1590,#1591),#1627,.F.);
#1744=ADVANCED_FACE('',(#1592,#1593),#328,.T.);
#1745=ADVANCED_FACE('',(#1594,#1595),#329,.T.);
#1746=ADVANCED_FACE('',(#1596,#1597),#330,.T.);
#1747=ADVANCED_FACE('',(#1598,#1599),#331,.F.);
#1748=ADVANCED_FACE('',(#1600,#1601),#332,.F.);
#1749=ADVANCED_FACE('',(#1602,#1603),#1628,.F.);
#1750=ADVANCED_FACE('',(#1604,#1605),#1629,.F.);
#1751=ADVANCED_FACE('',(#1606,#1607),#1630,.F.);
#1752=ADVANCED_FACE('',(#1608,#1609),#1631,.F.);
#1753=ADVANCED_FACE('',(#1610,#1611),#333,.F.);
#1754=CLOSED_SHELL('',(#1632,#1633,#1634,#1635,#1636,#1637,#1638,#1639,
#1640,#1641,#1642,#1643,#1644,#1645,#1646,#1647,#1648,#1649,#1650,#1651,
#1652,#1653,#1654,#1655,#1656,#1657,#1658,#1659,#1660,#1661,#1662,#1663,
#1664,#1665,#1666,#1667,#1668,#1669,#1670,#1671,#1672,#1673,#1674,#1675,
#1676,#1677,#1678,#1679,#1680,#1681,#1682,#1683,#1684,#1685,#1686,#1687,
#1688,#1689,#1690,#1691,#1692,#1693,#1694,#1695,#1696,#1697,#1698,#1699,
#1700,#1701,#1702,#1703,#1704,#1705,#1706,#1707,#1708,#1709,#1710,#1711,
#1712,#1713,#1714,#1715,#1716,#1717,#1718,#1719,#1720,#1721,#1722,#1723,
#1724,#1725,#1726,#1727,#1728,#1729,#1730,#1731,#1732,#1733,#1734,#1735,
#1736,#1737,#1738,#1739,#1740,#1741,#1742,#1743,#1744,#1745,#1746,#1747,
#1748,#1749,#1750,#1751,#1752,#1753));
#1755=STYLED_ITEM('',(#1756),#1763);
#1756=PRESENTATION_STYLE_ASSIGNMENT((#1757));
#1757=SURFACE_STYLE_USAGE(.BOTH.,#1758);
#1758=SURFACE_SIDE_STYLE('',(#1759));
#1759=SURFACE_STYLE_FILL_AREA(#1760);
#1760=FILL_AREA_STYLE('',(#1761));
#1761=FILL_AREA_STYLE_COLOUR('',#1762);
#1762=COLOUR_RGB('',0.509803921568627,0.509803921568627,0.588235294117647);
#1763=MANIFOLD_SOLID_BREP('SS-600-4',#1754);
#1764=SHAPE_DEFINITION_REPRESENTATION(#3162,#1765);
#1765=SHAPE_REPRESENTATION('SS-600-4',(#1766),#3157);
#1766=AXIS2_PLACEMENT_3D('',#2447,#1973,#1974);
#1767=AXIS2_PLACEMENT_3D('',#2448,#1975,#1976);
#1768=AXIS2_PLACEMENT_3D('',#2449,#1977,#1978);
#1769=AXIS2_PLACEMENT_3D('',#2451,#1979,#1980);
#1770=AXIS2_PLACEMENT_3D('',#2453,#1981,#1982);
#1771=AXIS2_PLACEMENT_3D('',#2462,#1987,#1988);
#1772=AXIS2_PLACEMENT_3D('',#2463,#1989,#1990);
#1773=AXIS2_PLACEMENT_3D('',#2465,#1991,#1992);
#1774=AXIS2_PLACEMENT_3D('',#2471,#1996,#1997);
#1775=AXIS2_PLACEMENT_3D('',#2491,#2008,#2009);
#1776=AXIS2_PLACEMENT_3D('',#2495,#2012,#2013);
#1777=AXIS2_PLACEMENT_3D('',#2513,#2023,#2024);
#1778=AXIS2_PLACEMENT_3D('',#2514,#2025,#2026);
#1779=AXIS2_PLACEMENT_3D('',#2516,#2027,#2028);
#1780=AXIS2_PLACEMENT_3D('',#2517,#2029,#2030);
#1781=AXIS2_PLACEMENT_3D('',#2520,#2031,#2032);
#1782=AXIS2_PLACEMENT_3D('',#2522,#2033,#2034);
#1783=AXIS2_PLACEMENT_3D('',#2524,#2035,#2036);
#1784=AXIS2_PLACEMENT_3D('',#2526,#2037,#2038);
#1785=AXIS2_PLACEMENT_3D('',#2528,#2039,#2040);
#1786=AXIS2_PLACEMENT_3D('',#2529,#2041,#2042);
#1787=AXIS2_PLACEMENT_3D('',#2531,#2044,#2045);
#1788=AXIS2_PLACEMENT_3D('',#2532,#2046,#2047);
#1789=AXIS2_PLACEMENT_3D('',#2535,#2049,#2050);
#1790=AXIS2_PLACEMENT_3D('',#2537,#2052,#2053);
#1791=AXIS2_PLACEMENT_3D('',#2539,#2055,#2056);
#1792=AXIS2_PLACEMENT_3D('',#2540,#2057,#2058);
#1793=AXIS2_PLACEMENT_3D('',#2543,#2060,#2061);
#1794=AXIS2_PLACEMENT_3D('',#2545,#2063,#2064);
#1795=AXIS2_PLACEMENT_3D('',#2547,#2066,#2067);
#1796=AXIS2_PLACEMENT_3D('',#2549,#2069,#2070);
#1797=AXIS2_PLACEMENT_3D('',#2551,#2071,#2072);
#1798=AXIS2_PLACEMENT_3D('',#2552,#2073,#2074);
#1799=AXIS2_PLACEMENT_3D('',#2560,#2075,#2076);
#1800=AXIS2_PLACEMENT_3D('',#2568,#2077,#2078);
#1801=AXIS2_PLACEMENT_3D('',#2576,#2079,#2080);
#1802=AXIS2_PLACEMENT_3D('',#2584,#2081,#2082);
#1803=AXIS2_PLACEMENT_3D('',#2592,#2083,#2084);
#1804=AXIS2_PLACEMENT_3D('',#2600,#2085,#2086);
#1805=AXIS2_PLACEMENT_3D('',#2601,#2087,#2088);
#1806=AXIS2_PLACEMENT_3D('',#2603,#2089,#2090);
#1807=AXIS2_PLACEMENT_3D('',#2604,#2091,#2092);
#1808=AXIS2_PLACEMENT_3D('',#2606,#2093,#2094);
#1809=AXIS2_PLACEMENT_3D('',#2607,#2095,#2096);
#1810=AXIS2_PLACEMENT_3D('',#2609,#2097,#2098);
#1811=AXIS2_PLACEMENT_3D('',#2621,#2101,#2102);
#1812=AXIS2_PLACEMENT_3D('',#2631,#2104,#2105);
#1813=AXIS2_PLACEMENT_3D('',#2641,#2107,#2108);
#1814=AXIS2_PLACEMENT_3D('',#2651,#2110,#2111);
#1815=AXIS2_PLACEMENT_3D('',#2661,#2113,#2114);
#1816=AXIS2_PLACEMENT_3D('',#2669,#2115,#2116);
#1817=AXIS2_PLACEMENT_3D('',#2670,#2117,#2118);
#1818=AXIS2_PLACEMENT_3D('',#2672,#2119,#2120);
#1819=AXIS2_PLACEMENT_3D('',#2673,#2121,#2122);
#1820=AXIS2_PLACEMENT_3D('',#2675,#2123,#2124);
#1821=AXIS2_PLACEMENT_3D('',#2676,#2125,#2126);
#1822=AXIS2_PLACEMENT_3D('',#2678,#2127,#2128);
#1823=AXIS2_PLACEMENT_3D('',#2679,#2129,#2130);
#1824=AXIS2_PLACEMENT_3D('',#2680,#2131,#2132);
#1825=AXIS2_PLACEMENT_3D('',#2681,#2133,#2134);
#1826=AXIS2_PLACEMENT_3D('',#2682,#2135,#2136);
#1827=AXIS2_PLACEMENT_3D('',#2683,#2137,#2138);
#1828=AXIS2_PLACEMENT_3D('',#2684,#2139,#2140);
#1829=AXIS2_PLACEMENT_3D('',#2685,#2141,#2142);
#1830=AXIS2_PLACEMENT_3D('',#2686,#2143,#2144);
#1831=AXIS2_PLACEMENT_3D('',#2687,#2145,#2146);
#1832=AXIS2_PLACEMENT_3D('',#2688,#2147,#2148);
#1833=AXIS2_PLACEMENT_3D('',#2689,#2149,#2150);
#1834=AXIS2_PLACEMENT_3D('',#2690,#2151,#2152);
#1835=AXIS2_PLACEMENT_3D('',#2691,#2153,#2154);
#1836=AXIS2_PLACEMENT_3D('',#2693,#2155,#2156);
#1837=AXIS2_PLACEMENT_3D('',#2694,#2157,#2158);
#1838=AXIS2_PLACEMENT_3D('',#2696,#2159,#2160);
#1839=AXIS2_PLACEMENT_3D('',#2697,#2161,#2162);
#1840=AXIS2_PLACEMENT_3D('',#2699,#2163,#2164);
#1841=AXIS2_PLACEMENT_3D('',#2700,#2165,#2166);
#1842=AXIS2_PLACEMENT_3D('',#2702,#2167,#2168);
#1843=AXIS2_PLACEMENT_3D('',#2703,#2169,#2170);
#1844=AXIS2_PLACEMENT_3D('',#2706,#2171,#2172);
#1845=AXIS2_PLACEMENT_3D('',#2708,#2173,#2174);
#1846=AXIS2_PLACEMENT_3D('',#2710,#2175,#2176);
#1847=AXIS2_PLACEMENT_3D('',#2712,#2177,#2178);
#1848=AXIS2_PLACEMENT_3D('',#2714,#2179,#2180);
#1849=AXIS2_PLACEMENT_3D('',#2715,#2181,#2182);
#1850=AXIS2_PLACEMENT_3D('',#2716,#2183,#2184);
#1851=AXIS2_PLACEMENT_3D('',#2719,#2185,#2186);
#1852=AXIS2_PLACEMENT_3D('',#2721,#2187,#2188);
#1853=AXIS2_PLACEMENT_3D('',#2723,#2189,#2190);
#1854=AXIS2_PLACEMENT_3D('',#2725,#2191,#2192);
#1855=AXIS2_PLACEMENT_3D('',#2727,#2193,#2194);
#1856=AXIS2_PLACEMENT_3D('',#2728,#2195,#2196);
#1857=AXIS2_PLACEMENT_3D('',#2729,#2197,#2198);
#1858=AXIS2_PLACEMENT_3D('',#2732,#2199,#2200);
#1859=AXIS2_PLACEMENT_3D('',#2734,#2201,#2202);
#1860=AXIS2_PLACEMENT_3D('',#2736,#2203,#2204);
#1861=AXIS2_PLACEMENT_3D('',#2738,#2205,#2206);
#1862=AXIS2_PLACEMENT_3D('',#2740,#2207,#2208);
#1863=AXIS2_PLACEMENT_3D('',#2741,#2209,#2210);
#1864=AXIS2_PLACEMENT_3D('',#2742,#2211,#2212);
#1865=AXIS2_PLACEMENT_3D('',#2744,#2213,#2214);
#1866=AXIS2_PLACEMENT_3D('',#2752,#2215,#2216);
#1867=AXIS2_PLACEMENT_3D('',#2760,#2217,#2218);
#1868=AXIS2_PLACEMENT_3D('',#2768,#2219,#2220);
#1869=AXIS2_PLACEMENT_3D('',#2776,#2221,#2222);
#1870=AXIS2_PLACEMENT_3D('',#2784,#2223,#2224);
#1871=AXIS2_PLACEMENT_3D('',#2792,#2225,#2226);
#1872=AXIS2_PLACEMENT_3D('',#2800,#2227,#2228);
#1873=AXIS2_PLACEMENT_3D('',#2808,#2229,#2230);
#1874=AXIS2_PLACEMENT_3D('',#2816,#2231,#2232);
#1875=AXIS2_PLACEMENT_3D('',#2824,#2233,#2234);
#1876=AXIS2_PLACEMENT_3D('',#2832,#2235,#2236);
#1877=AXIS2_PLACEMENT_3D('',#2840,#2237,#2238);
#1878=AXIS2_PLACEMENT_3D('',#2848,#2239,#2240);
#1879=AXIS2_PLACEMENT_3D('',#2856,#2241,#2242);
#1880=AXIS2_PLACEMENT_3D('',#2864,#2243,#2244);
#1881=AXIS2_PLACEMENT_3D('',#2872,#2245,#2246);
#1882=AXIS2_PLACEMENT_3D('',#2880,#2247,#2248);
#1883=AXIS2_PLACEMENT_3D('',#2888,#2249,#2250);
#1884=AXIS2_PLACEMENT_3D('',#2889,#2251,#2252);
#1885=AXIS2_PLACEMENT_3D('',#2891,#2253,#2254);
#1886=AXIS2_PLACEMENT_3D('',#2903,#2257,#2258);
#1887=AXIS2_PLACEMENT_3D('',#2913,#2260,#2261);
#1888=AXIS2_PLACEMENT_3D('',#2923,#2263,#2264);
#1889=AXIS2_PLACEMENT_3D('',#2933,#2266,#2267);
#1890=AXIS2_PLACEMENT_3D('',#2943,#2269,#2270);
#1891=AXIS2_PLACEMENT_3D('',#2951,#2271,#2272);
#1892=AXIS2_PLACEMENT_3D('',#2963,#2275,#2276);
#1893=AXIS2_PLACEMENT_3D('',#2973,#2278,#2279);
#1894=AXIS2_PLACEMENT_3D('',#2983,#2281,#2282);
#1895=AXIS2_PLACEMENT_3D('',#2993,#2284,#2285);
#1896=AXIS2_PLACEMENT_3D('',#3003,#2287,#2288);
#1897=AXIS2_PLACEMENT_3D('',#3011,#2289,#2290);
#1898=AXIS2_PLACEMENT_3D('',#3023,#2293,#2294);
#1899=AXIS2_PLACEMENT_3D('',#3033,#2296,#2297);
#1900=AXIS2_PLACEMENT_3D('',#3043,#2299,#2300);
#1901=AXIS2_PLACEMENT_3D('',#3053,#2302,#2303);
#1902=AXIS2_PLACEMENT_3D('',#3063,#2305,#2306);
#1903=AXIS2_PLACEMENT_3D('',#3071,#2307,#2308);
#1904=AXIS2_PLACEMENT_3D('',#3072,#2309,#2310);
#1905=AXIS2_PLACEMENT_3D('',#3074,#2311,#2312);
#1906=AXIS2_PLACEMENT_3D('',#3075,#2313,#2314);
#1907=AXIS2_PLACEMENT_3D('',#3076,#2315,#2316);
#1908=AXIS2_PLACEMENT_3D('',#3077,#2317,#2318);
#1909=AXIS2_PLACEMENT_3D('',#3078,#2319,#2320);
#1910=AXIS2_PLACEMENT_3D('',#3079,#2321,#2322);
#1911=AXIS2_PLACEMENT_3D('',#3080,#2323,#2324);
#1912=AXIS2_PLACEMENT_3D('',#3081,#2325,#2326);
#1913=AXIS2_PLACEMENT_3D('',#3082,#2327,#2328);
#1914=AXIS2_PLACEMENT_3D('',#3083,#2329,#2330);
#1915=AXIS2_PLACEMENT_3D('',#3084,#2331,#2332);
#1916=AXIS2_PLACEMENT_3D('',#3085,#2333,#2334);
#1917=AXIS2_PLACEMENT_3D('',#3086,#2335,#2336);
#1918=AXIS2_PLACEMENT_3D('',#3087,#2337,#2338);
#1919=AXIS2_PLACEMENT_3D('',#3088,#2339,#2340);
#1920=AXIS2_PLACEMENT_3D('',#3089,#2341,#2342);
#1921=AXIS2_PLACEMENT_3D('',#3090,#2343,#2344);
#1922=AXIS2_PLACEMENT_3D('',#3091,#2345,#2346);
#1923=AXIS2_PLACEMENT_3D('',#3092,#2347,#2348);
#1924=AXIS2_PLACEMENT_3D('',#3093,#2349,#2350);
#1925=AXIS2_PLACEMENT_3D('',#3094,#2351,#2352);
#1926=AXIS2_PLACEMENT_3D('',#3095,#2353,#2354);
#1927=AXIS2_PLACEMENT_3D('',#3096,#2355,#2356);
#1928=AXIS2_PLACEMENT_3D('',#3097,#2357,#2358);
#1929=AXIS2_PLACEMENT_3D('',#3098,#2359,#2360);
#1930=AXIS2_PLACEMENT_3D('',#3099,#2361,#2362);
#1931=AXIS2_PLACEMENT_3D('',#3100,#2363,#2364);
#1932=AXIS2_PLACEMENT_3D('',#3101,#2365,#2366);
#1933=AXIS2_PLACEMENT_3D('',#3102,#2367,#2368);
#1934=AXIS2_PLACEMENT_3D('',#3103,#2369,#2370);
#1935=AXIS2_PLACEMENT_3D('',#3104,#2371,#2372);
#1936=AXIS2_PLACEMENT_3D('',#3105,#2373,#2374);
#1937=AXIS2_PLACEMENT_3D('',#3106,#2375,#2376);
#1938=AXIS2_PLACEMENT_3D('',#3107,#2377,#2378);
#1939=AXIS2_PLACEMENT_3D('',#3108,#2379,#2380);
#1940=AXIS2_PLACEMENT_3D('',#3109,#2381,#2382);
#1941=AXIS2_PLACEMENT_3D('',#3110,#2383,#2384);
#1942=AXIS2_PLACEMENT_3D('',#3111,#2385,#2386);
#1943=AXIS2_PLACEMENT_3D('',#3114,#2387,#2388);
#1944=AXIS2_PLACEMENT_3D('',#3115,#2389,#2390);
#1945=AXIS2_PLACEMENT_3D('',#3116,#2391,#2392);
#1946=AXIS2_PLACEMENT_3D('',#3118,#2393,#2394);
#1947=AXIS2_PLACEMENT_3D('',#3119,#2395,#2396);
#1948=AXIS2_PLACEMENT_3D('',#3121,#2397,#2398);
#1949=AXIS2_PLACEMENT_3D('',#3122,#2399,#2400);
#1950=AXIS2_PLACEMENT_3D('',#3124,#2401,#2402);
#1951=AXIS2_PLACEMENT_3D('',#3125,#2403,#2404);
#1952=AXIS2_PLACEMENT_3D('',#3126,#2405,#2406);
#1953=AXIS2_PLACEMENT_3D('',#3128,#2407,#2408);
#1954=AXIS2_PLACEMENT_3D('',#3129,#2409,#2410);
#1955=AXIS2_PLACEMENT_3D('',#3130,#2411,#2412);
#1956=AXIS2_PLACEMENT_3D('',#3132,#2413,#2414);
#1957=AXIS2_PLACEMENT_3D('',#3133,#2415,#2416);
#1958=AXIS2_PLACEMENT_3D('',#3135,#2417,#2418);
#1959=AXIS2_PLACEMENT_3D('',#3136,#2419,#2420);
#1960=AXIS2_PLACEMENT_3D('',#3138,#2421,#2422);
#1961=AXIS2_PLACEMENT_3D('',#3139,#2423,#2424);
#1962=AXIS2_PLACEMENT_3D('',#3141,#2425,#2426);
#1963=AXIS2_PLACEMENT_3D('',#3142,#2427,#2428);
#1964=AXIS2_PLACEMENT_3D('',#3144,#2429,#2430);
#1965=AXIS2_PLACEMENT_3D('',#3145,#2431,#2432);
#1966=AXIS2_PLACEMENT_3D('',#3147,#2433,#2434);
#1967=AXIS2_PLACEMENT_3D('',#3148,#2435,#2436);
#1968=AXIS2_PLACEMENT_3D('',#3150,#2437,#2438);
#1969=AXIS2_PLACEMENT_3D('',#3151,#2439,#2440);
#1970=AXIS2_PLACEMENT_3D('',#3152,#2441,#2442);
#1971=AXIS2_PLACEMENT_3D('',#3154,#2443,#2444);
#1972=AXIS2_PLACEMENT_3D('',#3155,#2445,#2446);
#1973=DIRECTION('',(0.,0.,1.));
#1974=DIRECTION('',(1.,0.,0.));
#1975=DIRECTION('',(0.,0.,-1.));
#1976=DIRECTION('',(1.,0.,0.));
#1977=DIRECTION('',(-3.88578058618805E-16,0.,1.));
#1978=DIRECTION('',(-1.,0.,-3.88578058618805E-16));
#1979=DIRECTION('',(-3.88578058618805E-16,0.,1.));
#1980=DIRECTION('',(-1.,0.,-3.88578058618805E-16));
#1981=DIRECTION('',(0.,0.,-1.));
#1982=DIRECTION('',(1.,0.,0.));
#1983=DIRECTION('',(0.,1.,0.));
#1984=DIRECTION('',(1.,0.,0.));
#1985=DIRECTION('',(0.,-1.,0.));
#1986=DIRECTION('',(-1.,0.,0.));
#1987=DIRECTION('',(0.,0.,-1.));
#1988=DIRECTION('',(-1.,0.,0.));
#1989=DIRECTION('',(-3.88578058618805E-16,0.,1.));
#1990=DIRECTION('',(-1.,0.,-3.88578058618805E-16));
#1991=DIRECTION('',(1.,0.,0.));
#1992=DIRECTION('',(0.,1.,0.));
#1993=DIRECTION('',(0.,1.,-1.23259516440783E-32));
#1994=DIRECTION('',(0.,0.,1.));
#1995=DIRECTION('',(0.,0.,1.));
#1996=DIRECTION('',(0.,-1.,0.));
#1997=DIRECTION('',(1.,0.,0.));
#1998=DIRECTION('',(1.,-1.11022302462516E-16,1.11022302462516E-16));
#1999=DIRECTION('',(-1.11022302462516E-16,1.23259516440783E-32,1.));
#2000=DIRECTION('',(1.,-1.11022302462516E-16,1.11022302462516E-16));
#2001=DIRECTION('',(0.,0.,1.));
#2002=DIRECTION('',(-1.,0.,0.));
#2003=DIRECTION('',(0.,0.,1.));
#2004=DIRECTION('',(1.,-1.11022302462516E-16,1.11022302462516E-16));
#2005=DIRECTION('',(1.11022302462516E-16,-1.23259516440783E-32,-1.));
#2006=DIRECTION('',(1.,-1.11022302462516E-16,1.11022302462516E-16));
#2007=DIRECTION('',(0.,0.,1.));
#2008=DIRECTION('',(-1.,0.,0.));
#2009=DIRECTION('',(0.,1.,0.));
#2010=DIRECTION('',(0.,-1.,1.23259516440783E-32));
#2011=DIRECTION('',(0.,0.,1.));
#2012=DIRECTION('',(0.,1.,0.));
#2013=DIRECTION('',(1.,0.,0.));
#2014=DIRECTION('',(1.,-1.11022302462516E-16,1.11022302462516E-16));
#2015=DIRECTION('',(1.11022302462516E-16,-1.23259516440783E-32,-1.));
#2016=DIRECTION('',(1.,-1.11022302462516E-16,1.11022302462516E-16));
#2017=DIRECTION('',(1.,-1.11022302462516E-16,1.11022302462516E-16));
#2018=DIRECTION('',(-1.11022302462516E-16,1.23259516440783E-32,1.));
#2019=DIRECTION('',(1.,-1.11022302462516E-16,1.11022302462516E-16));
#2020=DIRECTION('',(0.,0.,1.));
#2021=DIRECTION('',(1.,0.,0.));
#2022=DIRECTION('',(0.,0.,1.));
#2023=DIRECTION('',(0.,0.,-1.));
#2024=DIRECTION('',(1.,0.,0.));
#2025=DIRECTION('',(-3.88578058618805E-16,0.,1.));
#2026=DIRECTION('',(-1.,0.,-3.88578058618805E-16));
#2027=DIRECTION('',(0.,0.,1.));
#2028=DIRECTION('',(1.,0.,0.));
#2029=DIRECTION('',(-3.33066907387547E-16,0.,1.));
#2030=DIRECTION('',(-1.,0.,-3.33066907387547E-16));
#2031=DIRECTION('',(-3.33066907387547E-16,0.,1.));
#2032=DIRECTION('',(-1.,0.,-3.33066907387547E-16));
#2033=DIRECTION('',(-3.33066907387547E-16,0.,1.));
#2034=DIRECTION('',(-1.,0.,-3.33066907387547E-16));
#2035=DIRECTION('',(-3.33066907387547E-16,0.,1.));
#2036=DIRECTION('',(-1.,0.,-3.33066907387547E-16));
#2037=DIRECTION('',(-3.33066907387547E-16,0.,1.));
#2038=DIRECTION('',(-1.,0.,-3.33066907387547E-16));
#2039=DIRECTION('',(-3.33066907387547E-16,0.,1.));
#2040=DIRECTION('',(-1.,0.,-3.33066907387547E-16));
#2041=DIRECTION('',(0.,0.,-1.));
#2042=DIRECTION('',(1.,1.3684555315672E-48,0.));
#2043=DIRECTION('',(-1.11022302462516E-16,-1.,0.));
#2044=DIRECTION('',(1.,0.,0.));
#2045=DIRECTION('',(0.,1.,0.));
#2046=DIRECTION('',(-1.,0.,-2.22044604925031E-16));
#2047=DIRECTION('',(2.22044604925031E-16,0.,-1.));
#2048=DIRECTION('',(1.11022302462516E-16,1.,0.));
#2049=DIRECTION('',(0.,0.,1.));
#2050=DIRECTION('',(1.,1.3684555315672E-48,0.));
#2051=DIRECTION('',(0.,-1.,1.23259516440783E-32));
#2052=DIRECTION('',(1.,0.,0.));
#2053=DIRECTION('',(0.,1.,0.));
#2054=DIRECTION('',(0.,-1.,0.));
#2055=DIRECTION('',(0.,0.,1.));
#2056=DIRECTION('',(1.,0.,0.));
#2057=DIRECTION('',(2.22044604925031E-16,0.,-1.));
#2058=DIRECTION('',(1.,0.,2.22044604925031E-16));
#2059=DIRECTION('',(0.,1.,0.));
#2060=DIRECTION('',(-1.,0.,0.));
#2061=DIRECTION('',(0.,1.,0.));
#2062=DIRECTION('',(0.,1.,-1.23259516440783E-32));
#2063=DIRECTION('',(0.,0.,1.));
#2064=DIRECTION('',(1.,1.3684555315672E-48,0.));
#2065=DIRECTION('',(-1.11022302462516E-16,-1.,0.));
#2066=DIRECTION('',(-1.,0.,0.));
#2067=DIRECTION('',(0.,1.,0.));
#2068=DIRECTION('',(1.11022302462516E-16,1.,0.));
#2069=DIRECTION('',(1.,0.,2.22044604925031E-16));
#2070=DIRECTION('',(-2.22044604925031E-16,0.,1.));
#2071=DIRECTION('',(0.,0.,-1.));
#2072=DIRECTION('',(1.,1.3684555315672E-48,0.));
#2073=DIRECTION('',(0.,0.,-1.));
#2074=DIRECTION('',(-1.,0.,0.));
#2075=DIRECTION('',(0.,0.,-1.));
#2076=DIRECTION('',(-1.,0.,0.));
#2077=DIRECTION('',(0.,0.,-1.));
#2078=DIRECTION('',(-1.,0.,0.));
#2079=DIRECTION('',(0.,0.,-1.));
#2080=DIRECTION('',(-1.,0.,0.));
#2081=DIRECTION('',(0.,0.,-1.));
#2082=DIRECTION('',(-1.,0.,0.));
#2083=DIRECTION('',(0.,0.,-1.));
#2084=DIRECTION('',(-1.,0.,0.));
#2085=DIRECTION('',(1.,0.,0.));
#2086=DIRECTION('',(0.,0.,1.));
#2087=DIRECTION('',(-1.,0.,-2.22044604925031E-16));
#2088=DIRECTION('',(2.22044604925031E-16,0.,-1.));
#2089=DIRECTION('',(0.,0.,-1.));
#2090=DIRECTION('',(1.,0.,0.));
#2091=DIRECTION('',(2.22044604925031E-16,0.,-1.));
#2092=DIRECTION('',(1.,0.,2.22044604925031E-16));
#2093=DIRECTION('',(1.,0.,0.));
#2094=DIRECTION('',(0.,0.,1.));
#2095=DIRECTION('',(1.,0.,2.22044604925031E-16));
#2096=DIRECTION('',(-2.22044604925031E-16,0.,1.));
#2097=DIRECTION('',(-0.866025403784439,0.5,-1.92296268638356E-16));
#2098=DIRECTION('',(0.5,0.866025403784439,-3.33066907387547E-16));
#2099=DIRECTION('',(3.33066907387547E-16,0.,-1.));
#2100=DIRECTION('',(3.33066907387547E-16,0.,-1.));
#2101=DIRECTION('',(-0.866025403784439,-0.5,-1.92296268638356E-16));
#2102=DIRECTION('',(0.5,-0.866025403784439,-3.33066907387547E-16));
#2103=DIRECTION('',(3.33066907387547E-16,0.,-1.));
#2104=DIRECTION('',(0.,-1.,0.));
#2105=DIRECTION('',(1.,0.,6.2059711109013E-48));
#2106=DIRECTION('',(3.33066907387547E-16,0.,-1.));
#2107=DIRECTION('',(0.866025403784439,-0.5,1.92296268638356E-16));
#2108=DIRECTION('',(0.5,0.866025403784439,-3.33066907387547E-16));
#2109=DIRECTION('',(3.33066907387547E-16,0.,-1.));
#2110=DIRECTION('',(0.866025403784439,0.5,1.92296268638356E-16));
#2111=DIRECTION('',(0.5,-0.866025403784439,-3.33066907387547E-16));
#2112=DIRECTION('',(3.33066907387547E-16,0.,-1.));
#2113=DIRECTION('',(0.,1.,6.12303176911189E-17));
#2114=DIRECTION('',(1.,0.,0.));
#2115=DIRECTION('',(1.,0.,0.));
#2116=DIRECTION('',(0.,0.,-1.));
#2117=DIRECTION('',(-1.,0.,-2.22044604925031E-16));
#2118=DIRECTION('',(2.22044604925031E-16,0.,-1.));
#2119=DIRECTION('',(0.,0.,1.));
#2120=DIRECTION('',(1.,0.,0.));
#2121=DIRECTION('',(2.22044604925031E-16,0.,-1.));
#2122=DIRECTION('',(1.,0.,2.22044604925031E-16));
#2123=DIRECTION('',(-1.,0.,0.));
#2124=DIRECTION('',(0.,0.,1.));
#2125=DIRECTION('',(1.,0.,2.22044604925031E-16));
#2126=DIRECTION('',(-2.22044604925031E-16,0.,1.));
#2127=DIRECTION('',(0.,0.,1.));
#2128=DIRECTION('',(1.,0.,0.));
#2129=DIRECTION('',(3.88578058618805E-16,0.,-1.));
#2130=DIRECTION('',(-1.,0.,-3.88578058618805E-16));
#2131=DIRECTION('',(0.,0.,1.));
#2132=DIRECTION('',(1.,0.,0.));
#2133=DIRECTION('',(3.88578058618805E-16,0.,-1.));
#2134=DIRECTION('',(-1.,0.,-3.88578058618805E-16));
#2135=DIRECTION('',(0.,0.,1.));
#2136=DIRECTION('',(1.,0.,0.));
#2137=DIRECTION('',(3.88578058618805E-16,0.,-1.));
#2138=DIRECTION('',(-1.,0.,-3.88578058618805E-16));
#2139=DIRECTION('',(0.,0.,1.));
#2140=DIRECTION('',(1.,0.,0.));
#2141=DIRECTION('',(3.88578058618805E-16,0.,-1.));
#2142=DIRECTION('',(-1.,0.,-3.88578058618805E-16));
#2143=DIRECTION('',(0.,0.,1.));
#2144=DIRECTION('',(1.,0.,0.));
#2145=DIRECTION('',(3.88578058618805E-16,0.,-1.));
#2146=DIRECTION('',(-1.,0.,-3.88578058618805E-16));
#2147=DIRECTION('',(0.,0.,1.));
#2148=DIRECTION('',(1.,0.,0.));
#2149=DIRECTION('',(3.88578058618805E-16,0.,-1.));
#2150=DIRECTION('',(-1.,0.,-3.88578058618805E-16));
#2151=DIRECTION('',(1.,0.,0.));
#2152=DIRECTION('',(0.,0.,1.));
#2153=DIRECTION('',(-1.,0.,-2.22044604925031E-16));
#2154=DIRECTION('',(2.22044604925031E-16,0.,-1.));
#2155=DIRECTION('',(0.,0.,-1.));
#2156=DIRECTION('',(1.,0.,0.));
#2157=DIRECTION('',(2.22044604925031E-16,0.,-1.));
#2158=DIRECTION('',(1.,0.,2.22044604925031E-16));
#2159=DIRECTION('',(1.,0.,0.));
#2160=DIRECTION('',(0.,0.,1.));
#2161=DIRECTION('',(1.,0.,2.22044604925031E-16));
#2162=DIRECTION('',(-2.22044604925031E-16,0.,1.));
#2163=DIRECTION('',(0.,0.,-1.));
#2164=DIRECTION('',(1.,0.,0.));
#2165=DIRECTION('',(-3.88578058618805E-16,0.,1.));
#2166=DIRECTION('',(-1.,0.,-3.88578058618805E-16));
#2167=DIRECTION('',(-1.,0.,0.));
#2168=DIRECTION('',(0.,1.,0.));
#2169=DIRECTION('',(-1.,0.,-2.22044604925031E-16));
#2170=DIRECTION('',(2.22044604925031E-16,0.,-1.));
#2171=DIRECTION('',(-1.,0.,-2.22044604925031E-16));
#2172=DIRECTION('',(2.22044604925031E-16,0.,-1.));
#2173=DIRECTION('',(-1.,0.,-2.22044604925031E-16));
#2174=DIRECTION('',(2.22044604925031E-16,0.,-1.));
#2175=DIRECTION('',(-1.,0.,-2.22044604925031E-16));
#2176=DIRECTION('',(2.22044604925031E-16,0.,-1.));
#2177=DIRECTION('',(-1.,0.,-2.22044604925031E-16));
#2178=DIRECTION('',(2.22044604925031E-16,0.,-1.));
#2179=DIRECTION('',(-1.,0.,-2.22044604925031E-16));
#2180=DIRECTION('',(2.22044604925031E-16,0.,-1.));
#2181=DIRECTION('',(0.,0.,-1.));
#2182=DIRECTION('',(1.,0.,0.));
#2183=DIRECTION('',(2.22044604925031E-16,0.,-1.));
#2184=DIRECTION('',(1.,0.,2.22044604925031E-16));
#2185=DIRECTION('',(2.22044604925031E-16,0.,-1.));
#2186=DIRECTION('',(1.,0.,2.22044604925031E-16));
#2187=DIRECTION('',(2.22044604925031E-16,0.,-1.));
#2188=DIRECTION('',(1.,0.,2.22044604925031E-16));
#2189=DIRECTION('',(2.22044604925031E-16,0.,-1.));
#2190=DIRECTION('',(1.,0.,2.22044604925031E-16));
#2191=DIRECTION('',(2.22044604925031E-16,0.,-1.));
#2192=DIRECTION('',(1.,0.,2.22044604925031E-16));
#2193=DIRECTION('',(2.22044604925031E-16,0.,-1.));
#2194=DIRECTION('',(1.,0.,2.22044604925031E-16));
#2195=DIRECTION('',(1.,0.,0.));
#2196=DIRECTION('',(0.,1.,0.));
#2197=DIRECTION('',(1.,0.,2.22044604925031E-16));
#2198=DIRECTION('',(-2.22044604925031E-16,0.,1.));
#2199=DIRECTION('',(1.,0.,2.22044604925031E-16));
#2200=DIRECTION('',(-2.22044604925031E-16,0.,1.));
#2201=DIRECTION('',(1.,0.,2.22044604925031E-16));
#2202=DIRECTION('',(-2.22044604925031E-16,0.,1.));
#2203=DIRECTION('',(1.,0.,2.22044604925031E-16));
#2204=DIRECTION('',(-2.22044604925031E-16,0.,1.));
#2205=DIRECTION('',(1.,0.,2.22044604925031E-16));
#2206=DIRECTION('',(-2.22044604925031E-16,0.,1.));
#2207=DIRECTION('',(1.,0.,2.22044604925031E-16));
#2208=DIRECTION('',(-2.22044604925031E-16,0.,1.));
#2209=DIRECTION('',(0.,0.,-1.));
#2210=DIRECTION('',(1.,0.,0.));
#2211=DIRECTION('',(0.,0.,1.));
#2212=DIRECTION('',(1.,0.,0.));
#2213=DIRECTION('',(1.,0.,0.));
#2214=DIRECTION('',(0.,0.,-1.));
#2215=DIRECTION('',(1.,0.,0.));
#2216=DIRECTION('',(0.,0.,-1.));
#2217=DIRECTION('',(1.,0.,0.));
#2218=DIRECTION('',(0.,0.,-1.));
#2219=DIRECTION('',(1.,0.,0.));
#2220=DIRECTION('',(0.,0.,-1.));
#2221=DIRECTION('',(1.,0.,0.));
#2222=DIRECTION('',(0.,0.,-1.));
#2223=DIRECTION('',(1.,0.,0.));
#2224=DIRECTION('',(0.,0.,-1.));
#2225=DIRECTION('',(0.,0.,1.));
#2226=DIRECTION('',(1.,0.,0.));
#2227=DIRECTION('',(0.,0.,1.));
#2228=DIRECTION('',(1.,0.,0.));
#2229=DIRECTION('',(0.,0.,1.));
#2230=DIRECTION('',(1.,0.,0.));
#2231=DIRECTION('',(0.,0.,1.));
#2232=DIRECTION('',(1.,0.,0.));
#2233=DIRECTION('',(0.,0.,1.));
#2234=DIRECTION('',(1.,0.,0.));
#2235=DIRECTION('',(0.,0.,1.));
#2236=DIRECTION('',(1.,0.,0.));
#2237=DIRECTION('',(-1.,0.,0.));
#2238=DIRECTION('',(0.,0.,1.));
#2239=DIRECTION('',(-1.,0.,0.));
#2240=DIRECTION('',(0.,0.,1.));
#2241=DIRECTION('',(-1.,0.,0.));
#2242=DIRECTION('',(0.,0.,1.));
#2243=DIRECTION('',(-1.,0.,0.));
#2244=DIRECTION('',(0.,0.,1.));
#2245=DIRECTION('',(-1.,0.,0.));
#2246=DIRECTION('',(0.,0.,1.));
#2247=DIRECTION('',(-1.,0.,0.));
#2248=DIRECTION('',(0.,0.,1.));
#2249=DIRECTION('',(0.,0.,-1.));
#2250=DIRECTION('',(1.,0.,0.));
#2251=DIRECTION('',(0.,0.,1.));
#2252=DIRECTION('',(1.,0.,0.));
#2253=DIRECTION('',(1.92296268638356E-16,0.5,-0.866025403784439));
#2254=DIRECTION('',(1.,-9.61481343191782E-17,1.66533453693774E-16));
#2255=DIRECTION('',(1.,1.35958617011586E-32,2.22044604925031E-16));
#2256=DIRECTION('',(1.,1.35958617011586E-32,2.22044604925031E-16));
#2257=DIRECTION('',(1.92296268638356E-16,-0.5,-0.866025403784439));
#2258=DIRECTION('',(1.,9.61481343191782E-17,1.66533453693773E-16));
#2259=DIRECTION('',(1.,1.35958617011586E-32,2.22044604925031E-16));
#2260=DIRECTION('',(0.,-1.,0.));
#2261=DIRECTION('',(1.,0.,6.2059711109013E-48));
#2262=DIRECTION('',(1.,1.35958617011586E-32,2.22044604925031E-16));
#2263=DIRECTION('',(-1.92296268638356E-16,-0.5,0.866025403784439));
#2264=DIRECTION('',(1.,-9.61481343191783E-17,1.66533453693773E-16));
#2265=DIRECTION('',(1.,1.35958617011586E-32,2.22044604925031E-16));
#2266=DIRECTION('',(-1.92296268638356E-16,0.5,0.866025403784439));
#2267=DIRECTION('',(1.,9.61481343191782E-17,1.66533453693774E-16));
#2268=DIRECTION('',(1.,1.35958617011586E-32,2.22044604925031E-16));
#2269=DIRECTION('',(0.,1.,6.12303176911189E-17));
#2270=DIRECTION('',(1.,0.,0.));
#2271=DIRECTION('',(0.866025403784439,0.5,1.92296268638356E-16));
#2272=DIRECTION('',(0.5,-0.866025403784439,-3.33066907387547E-16));
#2273=DIRECTION('',(-2.22044604925031E-16,0.,1.));
#2274=DIRECTION('',(-2.22044604925031E-16,0.,1.));
#2275=DIRECTION('',(0.866025403784439,-0.5,1.92296268638356E-16));
#2276=DIRECTION('',(0.5,0.866025403784439,-3.33066907387547E-16));
#2277=DIRECTION('',(-2.22044604925031E-16,0.,1.));
#2278=DIRECTION('',(0.,-1.,0.));
#2279=DIRECTION('',(1.,0.,6.2059711109013E-48));
#2280=DIRECTION('',(-2.22044604925031E-16,0.,1.));
#2281=DIRECTION('',(-0.866025403784439,-0.5,-1.92296268638356E-16));
#2282=DIRECTION('',(0.5,-0.866025403784439,-3.33066907387547E-16));
#2283=DIRECTION('',(-2.22044604925031E-16,0.,1.));
#2284=DIRECTION('',(-0.866025403784439,0.5,-1.92296268638356E-16));
#2285=DIRECTION('',(0.5,0.866025403784439,-3.33066907387547E-16));
#2286=DIRECTION('',(-2.22044604925031E-16,0.,1.));
#2287=DIRECTION('',(0.,1.,6.12303176911189E-17));
#2288=DIRECTION('',(1.,0.,0.));
#2289=DIRECTION('',(-1.92296268638356E-16,0.5,0.866025403784439));
#2290=DIRECTION('',(1.,9.61481343191782E-17,1.66533453693774E-16));
#2291=DIRECTION('',(-1.,1.35958617011586E-32,-2.22044604925031E-16));
#2292=DIRECTION('',(-1.,1.35958617011586E-32,-2.22044604925031E-16));
#2293=DIRECTION('',(-1.92296268638356E-16,-0.5,0.866025403784439));
#2294=DIRECTION('',(1.,-9.61481343191783E-17,1.66533453693773E-16));
#2295=DIRECTION('',(-1.,1.35958617011586E-32,-2.22044604925031E-16));
#2296=DIRECTION('',(0.,-1.,0.));
#2297=DIRECTION('',(1.,0.,6.2059711109013E-48));
#2298=DIRECTION('',(-1.,1.35958617011586E-32,-2.22044604925031E-16));
#2299=DIRECTION('',(1.92296268638356E-16,-0.5,-0.866025403784439));
#2300=DIRECTION('',(1.,9.61481343191782E-17,1.66533453693773E-16));
#2301=DIRECTION('',(-1.,1.35958617011586E-32,-2.22044604925031E-16));
#2302=DIRECTION('',(1.92296268638356E-16,0.5,-0.866025403784439));
#2303=DIRECTION('',(1.,-9.61481343191782E-17,1.66533453693774E-16));
#2304=DIRECTION('',(-1.,1.35958617011586E-32,-2.22044604925031E-16));
#2305=DIRECTION('',(0.,1.,6.12303176911189E-17));
#2306=DIRECTION('',(1.,0.,0.));
#2307=DIRECTION('',(0.,0.,1.));
#2308=DIRECTION('',(1.,0.,0.));
#2309=DIRECTION('',(3.88578058618805E-16,0.,-1.));
#2310=DIRECTION('',(-1.,0.,-3.88578058618805E-16));
#2311=DIRECTION('',(-1.,0.,0.));
#2312=DIRECTION('',(0.,0.,1.));
#2313=DIRECTION('',(1.,1.35958617011586E-32,2.22044604925031E-16));
#2314=DIRECTION('',(2.22044604925031E-16,0.,-1.));
#2315=DIRECTION('',(-1.,0.,0.));
#2316=DIRECTION('',(0.,0.,1.));
#2317=DIRECTION('',(1.,1.35958617011586E-32,2.22044604925031E-16));
#2318=DIRECTION('',(2.22044604925031E-16,0.,-1.));
#2319=DIRECTION('',(-1.,0.,0.));
#2320=DIRECTION('',(0.,0.,1.));
#2321=DIRECTION('',(1.,1.35958617011586E-32,2.22044604925031E-16));
#2322=DIRECTION('',(2.22044604925031E-16,0.,-1.));
#2323=DIRECTION('',(-1.,0.,0.));
#2324=DIRECTION('',(0.,0.,1.));
#2325=DIRECTION('',(1.,1.35958617011586E-32,2.22044604925031E-16));
#2326=DIRECTION('',(2.22044604925031E-16,0.,-1.));
#2327=DIRECTION('',(-1.,0.,0.));
#2328=DIRECTION('',(0.,0.,1.));
#2329=DIRECTION('',(1.,1.35958617011586E-32,2.22044604925031E-16));
#2330=DIRECTION('',(2.22044604925031E-16,0.,-1.));
#2331=DIRECTION('',(-1.,0.,0.));
#2332=DIRECTION('',(0.,0.,1.));
#2333=DIRECTION('',(1.,1.35958617011586E-32,2.22044604925031E-16));
#2334=DIRECTION('',(2.22044604925031E-16,0.,-1.));
#2335=DIRECTION('',(0.,0.,-1.));
#2336=DIRECTION('',(-1.,0.,0.));
#2337=DIRECTION('',(-2.22044604925031E-16,0.,1.));
#2338=DIRECTION('',(1.,0.,2.22044604925031E-16));
#2339=DIRECTION('',(0.,0.,-1.));
#2340=DIRECTION('',(-1.,0.,0.));
#2341=DIRECTION('',(-2.22044604925031E-16,0.,1.));
#2342=DIRECTION('',(1.,0.,2.22044604925031E-16));
#2343=DIRECTION('',(0.,0.,-1.));
#2344=DIRECTION('',(-1.,0.,0.));
#2345=DIRECTION('',(-2.22044604925031E-16,0.,1.));
#2346=DIRECTION('',(1.,0.,2.22044604925031E-16));
#2347=DIRECTION('',(0.,0.,-1.));
#2348=DIRECTION('',(-1.,0.,0.));
#2349=DIRECTION('',(-2.22044604925031E-16,0.,1.));
#2350=DIRECTION('',(1.,0.,2.22044604925031E-16));
#2351=DIRECTION('',(0.,0.,-1.));
#2352=DIRECTION('',(-1.,0.,0.));
#2353=DIRECTION('',(-2.22044604925031E-16,0.,1.));
#2354=DIRECTION('',(1.,0.,2.22044604925031E-16));
#2355=DIRECTION('',(0.,0.,-1.));
#2356=DIRECTION('',(-1.,0.,0.));
#2357=DIRECTION('',(-2.22044604925031E-16,0.,1.));
#2358=DIRECTION('',(1.,0.,2.22044604925031E-16));
#2359=DIRECTION('',(1.,0.,5.55111512312578E-17));
#2360=DIRECTION('',(5.55111512312578E-17,0.,-1.));
#2361=DIRECTION('',(-1.,1.35958617011586E-32,-2.22044604925031E-16));
#2362=DIRECTION('',(-2.22044604925031E-16,0.,1.));
#2363=DIRECTION('',(1.,0.,5.55111512312578E-17));
#2364=DIRECTION('',(5.55111512312578E-17,0.,-1.));
#2365=DIRECTION('',(-1.,1.35958617011586E-32,-2.22044604925031E-16));
#2366=DIRECTION('',(-2.22044604925031E-16,0.,1.));
#2367=DIRECTION('',(1.,0.,5.55111512312578E-17));
#2368=DIRECTION('',(5.55111512312578E-17,0.,-1.));
#2369=DIRECTION('',(-1.,1.35958617011586E-32,-2.22044604925031E-16));
#2370=DIRECTION('',(-2.22044604925031E-16,0.,1.));
#2371=DIRECTION('',(1.,0.,5.55111512312578E-17));
#2372=DIRECTION('',(5.55111512312578E-17,0.,-1.));
#2373=DIRECTION('',(-1.,1.35958617011586E-32,-2.22044604925031E-16));
#2374=DIRECTION('',(-2.22044604925031E-16,0.,1.));
#2375=DIRECTION('',(1.,0.,5.55111512312578E-17));
#2376=DIRECTION('',(5.55111512312578E-17,0.,-1.));
#2377=DIRECTION('',(-1.,1.35958617011586E-32,-2.22044604925031E-16));
#2378=DIRECTION('',(-2.22044604925031E-16,0.,1.));
#2379=DIRECTION('',(1.,0.,5.55111512312578E-17));
#2380=DIRECTION('',(5.55111512312578E-17,0.,-1.));
#2381=DIRECTION('',(-1.,1.35958617011586E-32,-2.22044604925031E-16));
#2382=DIRECTION('',(-2.22044604925031E-16,0.,1.));
#2383=DIRECTION('',(0.,0.,1.));
#2384=DIRECTION('',(1.,0.,0.));
#2385=DIRECTION('',(-0.707106781186548,0.,0.707106781186547));
#2386=DIRECTION('',(0.707106781186547,-3.26365257235724E-15,0.707106781186548));
#2387=DIRECTION('',(-0.707106781186548,1.97215226305253E-31,-0.707106781186548));
#2388=DIRECTION('',(-0.707106781186548,-3.26365257235724E-15,0.707106781186548));
#2389=DIRECTION('',(1.,0.,0.));
#2390=DIRECTION('',(0.,0.,1.));
#2391=DIRECTION('',(-1.,0.,-2.22044604925031E-16));
#2392=DIRECTION('',(2.22044604925031E-16,0.,-1.));
#2393=DIRECTION('',(0.,0.,-1.));
#2394=DIRECTION('',(1.,0.,0.));
#2395=DIRECTION('',(2.22044604925031E-16,0.,-1.));
#2396=DIRECTION('',(1.,0.,2.22044604925031E-16));
#2397=DIRECTION('',(1.,0.,0.));
#2398=DIRECTION('',(0.,0.,1.));
#2399=DIRECTION('',(1.,0.,2.22044604925031E-16));
#2400=DIRECTION('',(-2.22044604925031E-16,0.,1.));
#2401=DIRECTION('',(1.,0.,0.));
#2402=DIRECTION('',(0.,-4.61550173070145E-15,1.));
#2403=DIRECTION('',(0.707106781186548,0.,-0.707106781186547));
#2404=DIRECTION('',(-0.707106781186547,-3.26365257235724E-15,-0.707106781186548));
#2405=DIRECTION('',(1.,0.,2.22044604925031E-16));
#2406=DIRECTION('',(2.22044604925031E-16,0.,-1.));
#2407=DIRECTION('',(1.,0.,0.));
#2408=DIRECTION('',(0.,-4.61550173070145E-15,1.));
#2409=DIRECTION('',(-0.707106781186548,-1.97215226305253E-31,-0.707106781186547));
#2410=DIRECTION('',(-0.707106781186547,-3.26365257235724E-15,0.707106781186548));
#2411=DIRECTION('',(-1.,0.,-2.22044604925031E-16));
#2412=DIRECTION('',(-2.22044604925031E-16,0.,1.));
#2413=DIRECTION('',(1.,0.,0.));
#2414=DIRECTION('',(0.,1.,0.));
#2415=DIRECTION('',(-1.,0.,0.));
#2416=DIRECTION('',(0.,0.,1.));
#2417=DIRECTION('',(0.,0.,1.));
#2418=DIRECTION('',(1.,0.,0.));
#2419=DIRECTION('',(0.,0.,-1.));
#2420=DIRECTION('',(1.,0.,0.));
#2421=DIRECTION('',(-1.,0.,0.));
#2422=DIRECTION('',(0.,1.,0.));
#2423=DIRECTION('',(1.,0.,6.12303176911189E-17));
#2424=DIRECTION('',(6.12303176911189E-17,0.,-1.));
#2425=DIRECTION('',(1.,0.,6.12303176911189E-17));
#2426=DIRECTION('',(0.,1.,0.));
#2427=DIRECTION('',(1.,0.,6.12303176911189E-17));
#2428=DIRECTION('',(6.12303176911189E-17,0.,-1.));
#2429=DIRECTION('',(-1.,0.,0.));
#2430=DIRECTION('',(0.,1.,0.));
#2431=DIRECTION('',(-1.,0.,0.));
#2432=DIRECTION('',(0.,0.,1.));
#2433=DIRECTION('',(0.,0.,1.));
#2434=DIRECTION('',(1.,0.,0.));
#2435=DIRECTION('',(-2.22044604925031E-16,0.,1.));
#2436=DIRECTION('',(1.,0.,2.22044604925031E-16));
#2437=DIRECTION('',(1.,0.,6.12303176911189E-17));
#2438=DIRECTION('',(6.12303176911189E-17,0.,-1.));
#2439=DIRECTION('',(0.,0.,-1.));
#2440=DIRECTION('',(1.,0.,0.));
#2441=DIRECTION('',(0.,0.,-1.));
#2442=DIRECTION('',(1.,0.,0.));
#2443=DIRECTION('',(1.,0.,6.12303176911189E-17));
#2444=DIRECTION('',(6.12303176911189E-17,0.,-1.));
#2445=DIRECTION('',(0.,0.,-1.));
#2446=DIRECTION('',(1.,0.,0.));
#2447=CARTESIAN_POINT('',(0.,0.,0.));
#2448=CARTESIAN_POINT('',(0.03048,0.,0.012446));
#2449=CARTESIAN_POINT('',(0.03048,0.,-0.013716));
#2450=CARTESIAN_POINT('',(0.02459609,0.,-0.013716));
#2451=CARTESIAN_POINT('',(0.03048,0.,-0.011176));
#2452=CARTESIAN_POINT('',(0.02459609,0.,-0.011176));
#2453=CARTESIAN_POINT('',(0.02651125,6.84310030515944E-19,-0.011176));
#2454=CARTESIAN_POINT('',(0.0384175,-0.0079375,-0.011176));
#2455=CARTESIAN_POINT('',(0.0384175,-0.0079375,-0.011176));
#2456=CARTESIAN_POINT('',(0.0384175,0.0079375,-0.011176));
#2457=CARTESIAN_POINT('',(0.0225425,-0.0079375,-0.011176));
#2458=CARTESIAN_POINT('',(0.0225425,-0.0079375,-0.011176));
#2459=CARTESIAN_POINT('',(0.0225425,0.0079375,-0.011176));
#2460=CARTESIAN_POINT('',(0.0225425,0.0079375,-0.011176));
#2461=CARTESIAN_POINT('',(0.0384175,0.0079375,-0.011176));
#2462=CARTESIAN_POINT('',(0.03048,0.,-0.01434592));
#2463=CARTESIAN_POINT('',(0.03048,0.,-0.01497584));
#2464=CARTESIAN_POINT('',(0.02333625,0.,-0.01497584));
#2465=CARTESIAN_POINT('',(0.0384175,0.0079375,-0.011176));
#2466=CARTESIAN_POINT('',(0.0384175,0.0079375,-0.0079375));
#2467=CARTESIAN_POINT('',(0.0384175,-0.0079375,-0.0079375));
#2468=CARTESIAN_POINT('',(0.0384175,0.0079375,-0.0079375));
#2469=CARTESIAN_POINT('',(0.0384175,-0.0079375,-0.011176));
#2470=CARTESIAN_POINT('',(0.0384175,0.0079375,-0.011176));
#2471=CARTESIAN_POINT('',(0.019304,-0.0079375,-0.0079375));
#2472=CARTESIAN_POINT('',(0.019304,-0.0079375,-0.0079375));
#2473=CARTESIAN_POINT('',(0.041656,-0.0079375,-0.0079375));
#2474=CARTESIAN_POINT('',(0.041656,-0.0079375,0.0079375));
#2475=CARTESIAN_POINT('',(0.041656,-0.0079375,0.0079375));
#2476=CARTESIAN_POINT('',(0.019304,-0.0079375,0.0079375));
#2477=CARTESIAN_POINT('',(0.0384175,-0.0079375,0.0079375));
#2478=CARTESIAN_POINT('',(0.0384175,-0.0079375,-0.011176));
#2479=CARTESIAN_POINT('',(0.0384175,-0.0079375,0.011176));
#2480=CARTESIAN_POINT('',(0.0225425,-0.0079375,0.011176));
#2481=CARTESIAN_POINT('',(0.0225425,-0.0079375,0.011176));
#2482=CARTESIAN_POINT('',(0.0225425,-0.0079375,-0.011176));
#2483=CARTESIAN_POINT('',(0.0225425,-0.0079375,0.0079375));
#2484=CARTESIAN_POINT('',(0.019304,-0.0079375,0.0079375));
#2485=CARTESIAN_POINT('',(0.019304,-0.0079375,0.0079375));
#2486=CARTESIAN_POINT('',(0.019304,-0.0079375,0.0079375));
#2487=CARTESIAN_POINT('',(0.019304,-0.0079375,-0.0079375));
#2488=CARTESIAN_POINT('',(0.019304,-0.0079375,-0.0079375));
#2489=CARTESIAN_POINT('',(0.0225425,-0.0079375,-0.0079375));
#2490=CARTESIAN_POINT('',(0.0225425,-0.0079375,-0.011176));
#2491=CARTESIAN_POINT('',(0.0225425,-0.0079375,-0.011176));
#2492=CARTESIAN_POINT('',(0.0225425,1.99587971996738E-35,-0.0079375));
#2493=CARTESIAN_POINT('',(0.0225425,0.0079375,-0.0079375));
#2494=CARTESIAN_POINT('',(0.0225425,0.0079375,-0.011176));
#2495=CARTESIAN_POINT('',(0.019304,0.0079375,0.0079375));
#2496=CARTESIAN_POINT('',(0.019304,0.0079375,0.0079375));
#2497=CARTESIAN_POINT('',(0.0384175,0.0079375,0.0079375));
#2498=CARTESIAN_POINT('',(0.041656,0.0079375,0.0079375));
#2499=CARTESIAN_POINT('',(0.041656,0.0079375,-0.0079375));
#2500=CARTESIAN_POINT('',(0.041656,0.0079375,-0.0079375));
#2501=CARTESIAN_POINT('',(0.019304,0.0079375,-0.0079375));
#2502=CARTESIAN_POINT('',(0.019304,0.0079375,-0.0079375));
#2503=CARTESIAN_POINT('',(0.019304,0.0079375,-0.0079375));
#2504=CARTESIAN_POINT('',(0.019304,0.0079375,-0.0079375));
#2505=CARTESIAN_POINT('',(0.019304,0.0079375,0.0079375));
#2506=CARTESIAN_POINT('',(0.019304,0.0079375,0.0079375));
#2507=CARTESIAN_POINT('',(0.0225425,0.0079375,0.0079375));
#2508=CARTESIAN_POINT('',(0.0225425,0.0079375,-0.011176));
#2509=CARTESIAN_POINT('',(0.0225425,0.0079375,0.011176));
#2510=CARTESIAN_POINT('',(0.0384175,0.0079375,0.011176));
#2511=CARTESIAN_POINT('',(0.0384175,0.0079375,0.011176));
#2512=CARTESIAN_POINT('',(0.0384175,0.0079375,-0.011176));
#2513=CARTESIAN_POINT('',(0.03048,0.,0.01561592));
#2514=CARTESIAN_POINT('',(0.03048,0.,-0.016256));
#2515=CARTESIAN_POINT('',(0.02333625,0.,-0.016256));
#2516=CARTESIAN_POINT('',(0.022526625,3.11050013870884E-19,-0.016256));
#2517=CARTESIAN_POINT('',(0.03048,0.,-0.016256));
#2518=CARTESIAN_POINT('',(0.03048,0.008763,-0.016256));
#2519=CARTESIAN_POINT('',(0.022891019386637,0.0043815,-0.016256));
#2520=CARTESIAN_POINT('',(0.03048,0.,-0.016256));
#2521=CARTESIAN_POINT('',(0.022891019386637,-0.0043815,-0.016256));
#2522=CARTESIAN_POINT('',(0.03048,0.,-0.016256));
#2523=CARTESIAN_POINT('',(0.03048,-0.008763,-0.016256));
#2524=CARTESIAN_POINT('',(0.03048,0.,-0.016256));
#2525=CARTESIAN_POINT('',(0.038068980613363,-0.0043815,-0.016256));
#2526=CARTESIAN_POINT('',(0.03048,0.,-0.016256));
#2527=CARTESIAN_POINT('',(0.038068980613363,0.0043815,-0.016256));
#2528=CARTESIAN_POINT('',(0.03048,0.,-0.016256));
#2529=CARTESIAN_POINT('',(0.019304,0.0079375,-0.0079375));
#2530=CARTESIAN_POINT('',(0.041656,-0.0079375,-0.0079375));
#2531=CARTESIAN_POINT('',(0.041656,6.84310030515944E-19,-0.00396875));
#2532=CARTESIAN_POINT('',(0.041656,0.,0.));
#2533=CARTESIAN_POINT('',(0.041656,0.,-0.00588391));
#2534=CARTESIAN_POINT('',(0.041656,0.0079375,0.0079375));
#2535=CARTESIAN_POINT('',(0.019304,-0.0079375,0.0079375));
#2536=CARTESIAN_POINT('',(0.0384175,1.17796038374545E-34,0.0079375));
#2537=CARTESIAN_POINT('',(0.0384175,0.0079375,-0.011176));
#2538=CARTESIAN_POINT('',(0.0384175,-0.0079375,0.011176));
#2539=CARTESIAN_POINT('',(0.03444875,6.84310030515944E-19,0.011176));
#2540=CARTESIAN_POINT('',(0.03048,0.,0.011176));
#2541=CARTESIAN_POINT('',(0.03636391,0.,0.011176));
#2542=CARTESIAN_POINT('',(0.0225425,0.0079375,0.011176));
#2543=CARTESIAN_POINT('',(0.0225425,-0.0079375,-0.011176));
#2544=CARTESIAN_POINT('',(0.0225425,-0.0079375,0.0079375));
#2545=CARTESIAN_POINT('',(0.019304,-0.0079375,0.0079375));
#2546=CARTESIAN_POINT('',(0.019304,0.0079375,0.0079375));
#2547=CARTESIAN_POINT('',(0.019304,6.84310030515944E-19,0.00396875));
#2548=CARTESIAN_POINT('',(0.019304,-0.0079375,-0.0079375));
#2549=CARTESIAN_POINT('',(0.019304,0.,4.30483861169435E-34));
#2550=CARTESIAN_POINT('',(0.019304,0.,0.00588391));
#2551=CARTESIAN_POINT('',(0.019304,0.0079375,-0.0079375));
#2552=CARTESIAN_POINT('',(0.03048,0.,-0.0166473397955457));
#2553=CARTESIAN_POINT('',(0.0203613591821826,-7.55607741681543E-19,-0.0170386795910913));
#2554=CARTESIAN_POINT('',(0.021717,0.00234803877327393,-0.016256));
#2555=CARTESIAN_POINT('',(0.022891019386637,0.0043815,-0.016256));
#2556=CARTESIAN_POINT('',(0.0203613591821826,-5.11775621020797E-18,-0.0170386795910913));
#2557=CARTESIAN_POINT('',(0.022891019386637,-0.0043815,-0.016256));
#2558=CARTESIAN_POINT('',(0.021717,-0.00234803877327394,-0.016256));
#2559=CARTESIAN_POINT('',(0.0203613591821826,-1.8134585800357E-17,-0.0170386795910913));
#2560=CARTESIAN_POINT('',(0.03048,0.,-0.0166473397955457));
#2561=CARTESIAN_POINT('',(0.03048,-0.008763,-0.016256));
#2562=CARTESIAN_POINT('',(0.0281319612267261,-0.00876300000000001,-0.016256));
#2563=CARTESIAN_POINT('',(0.0254206795910913,-0.008763,-0.0170386795910913));
#2564=CARTESIAN_POINT('',(0.0254206795910913,-0.008763,-0.0170386795910913));
#2565=CARTESIAN_POINT('',(0.0254206795910913,-0.008763,-0.0170386795910913));
#2566=CARTESIAN_POINT('',(0.0240650387732739,-0.00641496122672607,-0.016256));
#2567=CARTESIAN_POINT('',(0.022891019386637,-0.0043815,-0.016256));
#2568=CARTESIAN_POINT('',(0.03048,0.,-0.0166473397955457));
#2569=CARTESIAN_POINT('',(0.038068980613363,-0.0043815,-0.016256));
#2570=CARTESIAN_POINT('',(0.0368949612267261,-0.00641496122672607,-0.016256));
#2571=CARTESIAN_POINT('',(0.0355393204089087,-0.008763,-0.0170386795910913));
#2572=CARTESIAN_POINT('',(0.0355393204089087,-0.008763,-0.0170386795910913));
#2573=CARTESIAN_POINT('',(0.0355393204089087,-0.008763,-0.0170386795910913));
#2574=CARTESIAN_POINT('',(0.0328280387732739,-0.008763,-0.016256));
#2575=CARTESIAN_POINT('',(0.03048,-0.008763,-0.016256));
#2576=CARTESIAN_POINT('',(0.03048,0.,-0.0166473397955457));
#2577=CARTESIAN_POINT('',(0.0405986408178174,2.26682322504463E-17,-0.0170386795910913));
#2578=CARTESIAN_POINT('',(0.039243,-0.00234803877327394,-0.016256));
#2579=CARTESIAN_POINT('',(0.038068980613363,-0.0043815,-0.016256));
#2580=CARTESIAN_POINT('',(0.0405986408178174,-1.65740540440363E-18,-0.0170386795910913));
#2581=CARTESIAN_POINT('',(0.038068980613363,0.0043815,-0.016256));
#2582=CARTESIAN_POINT('',(0.039243,0.00234803877327392,-0.016256));
#2583=CARTESIAN_POINT('',(0.0405986408178174,-2.94687019255802E-17,-0.0170386795910913));
#2584=CARTESIAN_POINT('',(0.03048,0.,-0.0166473397955457));
#2585=CARTESIAN_POINT('',(0.0355393204089087,0.008763,-0.0170386795910913));
#2586=CARTESIAN_POINT('',(0.0368949612267261,0.00641496122672608,-0.016256));
#2587=CARTESIAN_POINT('',(0.038068980613363,0.0043815,-0.016256));
#2588=CARTESIAN_POINT('',(0.0355393204089087,0.008763,-0.0170386795910913));
#2589=CARTESIAN_POINT('',(0.03048,0.008763,-0.016256));
#2590=CARTESIAN_POINT('',(0.0328280387732739,0.008763,-0.016256));
#2591=CARTESIAN_POINT('',(0.0355393204089087,0.008763,-0.0170386795910913));
#2592=CARTESIAN_POINT('',(0.03048,0.,-0.0166473397955457));
#2593=CARTESIAN_POINT('',(0.0254206795910913,0.008763,-0.0170386795910913));
#2594=CARTESIAN_POINT('',(0.0281319612267261,0.008763,-0.016256));
#2595=CARTESIAN_POINT('',(0.03048,0.008763,-0.016256));
#2596=CARTESIAN_POINT('',(0.0254206795910913,0.008763,-0.0170386795910913));
#2597=CARTESIAN_POINT('',(0.022891019386637,0.0043815,-0.016256));
#2598=CARTESIAN_POINT('',(0.0240650387732739,0.00641496122672606,-0.016256));
#2599=CARTESIAN_POINT('',(0.0254206795910913,0.008763,-0.0170386795910913));
#2600=CARTESIAN_POINT('',(0.018034,0.,-2.8199664825479E-19));
#2601=CARTESIAN_POINT('',(0.044196,0.,5.6399329650958E-19));
#2602=CARTESIAN_POINT('',(0.044196,0.,-0.00588391));
#2603=CARTESIAN_POINT('',(0.03048,0.,0.012446));
#2604=CARTESIAN_POINT('',(0.03048,0.,0.013716));
#2605=CARTESIAN_POINT('',(0.03636391,0.,0.013716));
#2606=CARTESIAN_POINT('',(0.018034,0.,-2.8199664825479E-19));
#2607=CARTESIAN_POINT('',(0.016764,0.,-5.6399329650958E-19));
#2608=CARTESIAN_POINT('',(0.016764,0.,0.00588391));
#2609=CARTESIAN_POINT('',(0.0203613591821826,1.40998324127395E-18,0.016256));
#2610=CARTESIAN_POINT('',(0.022891019386637,0.0043815,-0.027432));
#2611=CARTESIAN_POINT('',(0.021717,0.00234803877327394,-0.027432));
#2612=CARTESIAN_POINT('',(0.0203613591821826,1.36009393502678E-17,-0.0266493204089087));
#2613=CARTESIAN_POINT('',(0.022891019386637,0.0043815,-0.027432));
#2614=CARTESIAN_POINT('',(0.0203613591821826,-2.59167674894066E-19,-0.0266493204089087));
#2615=CARTESIAN_POINT('',(0.0203613591821826,-2.8199664825479E-18,-0.016256));
#2616=CARTESIAN_POINT('',(0.0254206795910913,0.008763,-0.016256));
#2617=CARTESIAN_POINT('',(0.0254206795910913,0.008763,-0.0266493204089087));
#2618=CARTESIAN_POINT('',(0.0254206795910913,0.008763,-0.0266493204089087));
#2619=CARTESIAN_POINT('',(0.0240650387732739,0.00641496122672606,-0.027432));
#2620=CARTESIAN_POINT('',(0.022891019386637,0.0043815,-0.027432));
#2621=CARTESIAN_POINT('',(0.0254206795910913,-0.008763,0.016256));
#2622=CARTESIAN_POINT('',(0.0203613591821826,-1.05785083835416E-17,-0.0266493204089087));
#2623=CARTESIAN_POINT('',(0.021717,-0.00234803877327395,-0.027432));
#2624=CARTESIAN_POINT('',(0.022891019386637,-0.0043815,-0.027432));
#2625=CARTESIAN_POINT('',(0.022891019386637,-0.0043815,-0.027432));
#2626=CARTESIAN_POINT('',(0.022891019386637,-0.0043815,-0.027432));
#2627=CARTESIAN_POINT('',(0.0240650387732739,-0.00641496122672607,-0.027432));
#2628=CARTESIAN_POINT('',(0.0254206795910913,-0.008763,-0.0266493204089087));
#2629=CARTESIAN_POINT('',(0.0254206795910913,-0.008763,-0.0266493204089087));
#2630=CARTESIAN_POINT('',(0.0254206795910913,-0.008763,-0.016256));
#2631=CARTESIAN_POINT('',(0.014224,-0.008763,0.00505932040890869));
#2632=CARTESIAN_POINT('',(0.03048,-0.008763,-0.027432));
#2633=CARTESIAN_POINT('',(0.0328280387732739,-0.008763,-0.027432));
#2634=CARTESIAN_POINT('',(0.0355393204089087,-0.008763,-0.0266493204089087));
#2635=CARTESIAN_POINT('',(0.03048,-0.008763,-0.027432));
#2636=CARTESIAN_POINT('',(0.0355393204089087,-0.008763,-0.0266493204089087));
#2637=CARTESIAN_POINT('',(0.0355393204089087,-0.008763,-0.016256));
#2638=CARTESIAN_POINT('',(0.0254206795910913,-0.008763,-0.0266493204089087));
#2639=CARTESIAN_POINT('',(0.0281319612267261,-0.008763,-0.027432));
#2640=CARTESIAN_POINT('',(0.03048,-0.008763,-0.027432));
#2641=CARTESIAN_POINT('',(0.0405986408178174,-2.8199664825479E-18,0.016256));
#2642=CARTESIAN_POINT('',(0.0355393204089087,-0.008763,-0.0266493204089087));
#2643=CARTESIAN_POINT('',(0.0368949612267261,-0.00641496122672609,-0.027432));
#2644=CARTESIAN_POINT('',(0.038068980613363,-0.0043815,-0.027432));
#2645=CARTESIAN_POINT('',(0.0380689806133631,-0.00438149999999995,-0.027432));
#2646=CARTESIAN_POINT('',(0.038068980613363,-0.0043815,-0.027432));
#2647=CARTESIAN_POINT('',(0.039243,-0.0023480387732739,-0.027432));
#2648=CARTESIAN_POINT('',(0.0405986408178174,9.82290064186006E-18,-0.0266493204089087));
#2649=CARTESIAN_POINT('',(0.0405986408178174,2.55129896046098E-18,-0.0266493204089087));
#2650=CARTESIAN_POINT('',(0.0405986408178174,1.40998324127395E-18,-0.016256));
#2651=CARTESIAN_POINT('',(0.0355393204089087,0.008763,0.016256));
#2652=CARTESIAN_POINT('',(0.0405986408178174,-2.26682322504463E-18,-0.0266493204089087));
#2653=CARTESIAN_POINT('',(0.039243,0.00234803877327392,-0.027432));
#2654=CARTESIAN_POINT('',(0.038068980613363,0.0043815,-0.027432));
#2655=CARTESIAN_POINT('',(0.0380689806133631,0.0043815,-0.027432));
#2656=CARTESIAN_POINT('',(0.038068980613363,0.0043815,-0.027432));
#2657=CARTESIAN_POINT('',(0.0368949612267261,0.00641496122672608,-0.027432));
#2658=CARTESIAN_POINT('',(0.0355393204089087,0.008763,-0.0266493204089087));
#2659=CARTESIAN_POINT('',(0.0355393204089087,0.008763,-0.0266493204089087));
#2660=CARTESIAN_POINT('',(0.0355393204089087,0.008763,-0.016256));
#2661=CARTESIAN_POINT('',(0.014224,0.008763,5.36561273927274E-19));
#2662=CARTESIAN_POINT('',(0.03048,0.008763,-0.027432));
#2663=CARTESIAN_POINT('',(0.0281319612267261,0.008763,-0.027432));
#2664=CARTESIAN_POINT('',(0.0254206795910913,0.008763,-0.0266493204089087));
#2665=CARTESIAN_POINT('',(0.03048,0.008763,-0.027432));
#2666=CARTESIAN_POINT('',(0.0355393204089087,0.008763,-0.0266493204089087));
#2667=CARTESIAN_POINT('',(0.0328280387732739,0.008763,-0.027432));
#2668=CARTESIAN_POINT('',(0.03048,0.008763,-0.027432));
#2669=CARTESIAN_POINT('',(0.04482592,0.,7.03863634043955E-19));
#2670=CARTESIAN_POINT('',(0.04545584,0.,8.43733971578331E-19));
#2671=CARTESIAN_POINT('',(0.04545584,0.,-0.00714375));
#2672=CARTESIAN_POINT('',(0.03048,0.,0.01434592));
#2673=CARTESIAN_POINT('',(0.03048,0.,0.01497584));
#2674=CARTESIAN_POINT('',(0.03762375,0.,0.01497584));
#2675=CARTESIAN_POINT('',(0.01613408,0.,-7.03863634043955E-19));
#2676=CARTESIAN_POINT('',(0.01550416,0.,-8.43733971578331E-19));
#2677=CARTESIAN_POINT('',(0.01550416,0.,0.00714375));
#2678=CARTESIAN_POINT('',(0.03048,0.,-0.0270406602044543));
#2679=CARTESIAN_POINT('',(0.03048,0.,-0.027432));
#2680=CARTESIAN_POINT('',(0.03048,0.,-0.0270406602044543));
#2681=CARTESIAN_POINT('',(0.03048,0.,-0.027432));
#2682=CARTESIAN_POINT('',(0.03048,0.,-0.0270406602044543));
#2683=CARTESIAN_POINT('',(0.03048,0.,-0.027432));
#2684=CARTESIAN_POINT('',(0.03048,0.,-0.0270406602044543));
#2685=CARTESIAN_POINT('',(0.03048,0.,-0.027432));
#2686=CARTESIAN_POINT('',(0.03048,0.,-0.0270406602044543));
#2687=CARTESIAN_POINT('',(0.03048,0.,-0.027432));
#2688=CARTESIAN_POINT('',(0.03048,0.,-0.0270406602044543));
#2689=CARTESIAN_POINT('',(0.03048,0.,-0.027432));
#2690=CARTESIAN_POINT('',(0.01486408,0.,-9.85860282298745E-19));
#2691=CARTESIAN_POINT('',(0.046736,0.,1.12798659301916E-18));
#2692=CARTESIAN_POINT('',(0.046736,0.,-0.00714375));
#2693=CARTESIAN_POINT('',(0.03048,0.,0.01561592));
#2694=CARTESIAN_POINT('',(0.03048,0.,0.016256));
#2695=CARTESIAN_POINT('',(0.03762375,0.,0.016256));
#2696=CARTESIAN_POINT('',(0.01486408,0.,-9.85860282298745E-19));
#2697=CARTESIAN_POINT('',(0.014224,0.,-1.12798659301916E-18));
#2698=CARTESIAN_POINT('',(0.014224,0.,0.00714375));
#2699=CARTESIAN_POINT('',(0.03048,0.,0.021844));
#2700=CARTESIAN_POINT('',(0.03048,0.,-0.03048));
#2701=CARTESIAN_POINT('',(0.021717,0.,-0.03048));
#2702=CARTESIAN_POINT('',(0.046736,3.11050013870884E-19,-0.007953375));
#2703=CARTESIAN_POINT('',(0.046736,0.,6.22100027741769E-19));
#2704=CARTESIAN_POINT('',(0.046736,0.008763,7.56253637062941E-19));
#2705=CARTESIAN_POINT('',(0.046736,0.0043815,-0.00758898061336304));
#2706=CARTESIAN_POINT('',(0.046736,0.,6.22100027741769E-19));
#2707=CARTESIAN_POINT('',(0.046736,-0.0043815,-0.00758898061336304));
#2708=CARTESIAN_POINT('',(0.046736,0.,6.22100027741769E-19));
#2709=CARTESIAN_POINT('',(0.046736,-0.008763,1.12144537776798E-17));
#2710=CARTESIAN_POINT('',(0.046736,0.,6.22100027741769E-19));
#2711=CARTESIAN_POINT('',(0.046736,-0.0043815,0.00758898061336304));
#2712=CARTESIAN_POINT('',(0.046736,0.,6.22100027741769E-19));
#2713=CARTESIAN_POINT('',(0.046736,0.0043815,0.00758898061336304));
#2714=CARTESIAN_POINT('',(0.046736,0.,6.22100027741769E-19));
#2715=CARTESIAN_POINT('',(0.038433375,3.11050013870884E-19,0.016256));
#2716=CARTESIAN_POINT('',(0.03048,0.,0.016256));
#2717=CARTESIAN_POINT('',(0.03048,0.008763,0.016256));
#2718=CARTESIAN_POINT('',(0.038068980613363,0.0043815,0.016256));
#2719=CARTESIAN_POINT('',(0.03048,0.,0.016256));
#2720=CARTESIAN_POINT('',(0.038068980613363,-0.0043815,0.016256));
#2721=CARTESIAN_POINT('',(0.03048,0.,0.016256));
#2722=CARTESIAN_POINT('',(0.03048,-0.008763,0.016256));
#2723=CARTESIAN_POINT('',(0.03048,0.,0.016256));
#2724=CARTESIAN_POINT('',(0.022891019386637,-0.0043815,0.016256));
#2725=CARTESIAN_POINT('',(0.03048,0.,0.016256));
#2726=CARTESIAN_POINT('',(0.022891019386637,0.0043815,0.016256));
#2727=CARTESIAN_POINT('',(0.03048,0.,0.016256));
#2728=CARTESIAN_POINT('',(0.014224,3.11050013870884E-19,0.007953375));
#2729=CARTESIAN_POINT('',(0.014224,0.,-2.83727999407128E-34));
#2730=CARTESIAN_POINT('',(0.014224,0.008763,2.68280636963633E-19));
#2731=CARTESIAN_POINT('',(0.014224,0.0043815,0.00758898061336304));
#2732=CARTESIAN_POINT('',(0.014224,0.,-2.83727999407128E-34));
#2733=CARTESIAN_POINT('',(0.014224,-0.0043815,0.00758898061336304));
#2734=CARTESIAN_POINT('',(0.014224,0.,-2.83727999407128E-34));
#2735=CARTESIAN_POINT('',(0.014224,-0.008763,-1.05923537499381E-17));
#2736=CARTESIAN_POINT('',(0.014224,0.,-2.83727999407128E-34));
#2737=CARTESIAN_POINT('',(0.014224,-0.0043815,-0.00758898061336303));
#2738=CARTESIAN_POINT('',(0.014224,0.,-2.83727999407128E-34));
#2739=CARTESIAN_POINT('',(0.014224,0.0043815,-0.00758898061336303));
#2740=CARTESIAN_POINT('',(0.014224,0.,-2.83727999407128E-34));
#2741=CARTESIAN_POINT('',(0.0260985,1.18199005270936E-18,-0.03048));
#2742=CARTESIAN_POINT('',(0.03048,0.,-0.03048));
#2743=CARTESIAN_POINT('',(0.0352425,0.,-0.03048));
#2744=CARTESIAN_POINT('',(0.0471273397955456,0.,7.08994918035145E-19));
#2745=CARTESIAN_POINT('',(0.0475186795910913,1.20897238669047E-17,-0.0101186408178174));
#2746=CARTESIAN_POINT('',(0.046736,0.00234803877327394,-0.008763));
#2747=CARTESIAN_POINT('',(0.046736,0.0043815,-0.00758898061336304));
#2748=CARTESIAN_POINT('',(0.0475186795910913,-2.4391190768715E-18,-0.0101186408178174));
#2749=CARTESIAN_POINT('',(0.046736,-0.0043815,-0.00758898061336304));
#2750=CARTESIAN_POINT('',(0.046736,-0.00234803877327395,-0.00876299999999999));
#2751=CARTESIAN_POINT('',(0.0475186795910913,-1.96458012837201E-17,-0.0101186408178174));
#2752=CARTESIAN_POINT('',(0.0471273397955456,0.,7.08994918035145E-19));
#2753=CARTESIAN_POINT('',(0.046736,-0.008763,2.3845790793342E-18));
#2754=CARTESIAN_POINT('',(0.046736,-0.00876300000000001,-0.00234803877327393));
#2755=CARTESIAN_POINT('',(0.0475186795910913,-0.008763,-0.00505932040890869));
#2756=CARTESIAN_POINT('',(0.0475186795910913,-0.008763,-0.00505932040890869));
#2757=CARTESIAN_POINT('',(0.0475186795910913,-0.008763,-0.00505932040890869));
#2758=CARTESIAN_POINT('',(0.046736,-0.00641496122672606,-0.00641496122672608));
#2759=CARTESIAN_POINT('',(0.046736,-0.0043815,-0.00758898061336304));
#2760=CARTESIAN_POINT('',(0.0471273397955456,0.,7.08994918035145E-19));
#2761=CARTESIAN_POINT('',(0.046736,-0.0043815,0.00758898061336303));
#2762=CARTESIAN_POINT('',(0.046736,-0.00641496122672608,0.00641496122672606));
#2763=CARTESIAN_POINT('',(0.0475186795910913,-0.008763,0.00505932040890868));
#2764=CARTESIAN_POINT('',(0.0475186795910913,-0.008763,0.00505932040890869));
#2765=CARTESIAN_POINT('',(0.0475186795910913,-0.008763,0.00505932040890869));
#2766=CARTESIAN_POINT('',(0.046736,-0.00876299999999999,0.00234803877327393));
#2767=CARTESIAN_POINT('',(0.046736,-0.008763,2.3845790793342E-18));
#2768=CARTESIAN_POINT('',(0.0471273397955456,0.,7.08994918035145E-19));
#2769=CARTESIAN_POINT('',(0.0475186795910913,6.04486193345234E-18,0.0101186408178174));
#2770=CARTESIAN_POINT('',(0.046736,-0.00234803877327392,0.00876300000000001));
#2771=CARTESIAN_POINT('',(0.046736,-0.0043815,0.00758898061336303));
#2772=CARTESIAN_POINT('',(0.0475186795910913,3.86505847769551E-19,0.0101186408178174));
#2773=CARTESIAN_POINT('',(0.046736,0.0043815,0.00758898061336303));
#2774=CARTESIAN_POINT('',(0.046736,0.00234803877327392,0.00876300000000001));
#2775=CARTESIAN_POINT('',(0.0475186795910913,-5.2892541917708E-18,0.0101186408178174));
#2776=CARTESIAN_POINT('',(0.0471273397955456,0.,7.08994918035145E-19));
#2777=CARTESIAN_POINT('',(0.0475186795910913,0.008763,0.00505932040890869));
#2778=CARTESIAN_POINT('',(0.046736,0.00641496122672608,0.00641496122672606));
#2779=CARTESIAN_POINT('',(0.046736,0.0043815,0.00758898061336303));
#2780=CARTESIAN_POINT('',(0.0475186795910913,0.008763,0.00505932040890869));
#2781=CARTESIAN_POINT('',(0.046736,0.008763,8.55387538144931E-20));
#2782=CARTESIAN_POINT('',(0.046736,0.00876300000000001,0.00234803877327392));
#2783=CARTESIAN_POINT('',(0.0475186795910913,0.008763,0.00505932040890868));
#2784=CARTESIAN_POINT('',(0.0471273397955456,0.,7.08994918035145E-19));
#2785=CARTESIAN_POINT('',(0.0475186795910913,0.008763,-0.00505932040890868));
#2786=CARTESIAN_POINT('',(0.046736,0.008763,-0.00234803877327393));
#2787=CARTESIAN_POINT('',(0.046736,0.008763,8.55387538144931E-20));
#2788=CARTESIAN_POINT('',(0.0475186795910913,0.008763,-0.00505932040890869));
#2789=CARTESIAN_POINT('',(0.046736,0.0043815,-0.00758898061336304));
#2790=CARTESIAN_POINT('',(0.046736,0.00641496122672606,-0.00641496122672608));
#2791=CARTESIAN_POINT('',(0.0475186795910913,0.008763,-0.0050593204089087));
#2792=CARTESIAN_POINT('',(0.03048,0.,0.0166473397955457));
#2793=CARTESIAN_POINT('',(0.0405986408178174,9.82290064186006E-18,0.0170386795910913));
#2794=CARTESIAN_POINT('',(0.039243,0.00234803877327394,0.016256));
#2795=CARTESIAN_POINT('',(0.038068980613363,0.0043815,0.016256));
#2796=CARTESIAN_POINT('',(0.0405986408178174,9.27105723244367E-19,0.0170386795910913));
#2797=CARTESIAN_POINT('',(0.038068980613363,-0.0043815,0.016256));
#2798=CARTESIAN_POINT('',(0.039243,-0.00234803877327394,0.016256));
#2799=CARTESIAN_POINT('',(0.0405986408178174,-4.53364645008926E-18,0.0170386795910913));
#2800=CARTESIAN_POINT('',(0.03048,0.,0.0166473397955457));
#2801=CARTESIAN_POINT('',(0.03048,-0.008763,0.016256));
#2802=CARTESIAN_POINT('',(0.0328280387732739,-0.008763,0.016256));
#2803=CARTESIAN_POINT('',(0.0355393204089087,-0.008763,0.0170386795910913));
#2804=CARTESIAN_POINT('',(0.0355393204089087,-0.008763,0.0170386795910913));
#2805=CARTESIAN_POINT('',(0.0355393204089087,-0.008763,0.0170386795910913));
#2806=CARTESIAN_POINT('',(0.0368949612267261,-0.00641496122672607,0.016256));
#2807=CARTESIAN_POINT('',(0.038068980613363,-0.0043815,0.016256));
#2808=CARTESIAN_POINT('',(0.03048,0.,0.0166473397955457));
#2809=CARTESIAN_POINT('',(0.022891019386637,-0.0043815,0.016256));
#2810=CARTESIAN_POINT('',(0.0240650387732739,-0.00641496122672608,0.016256));
#2811=CARTESIAN_POINT('',(0.0254206795910913,-0.008763,0.0170386795910913));
#2812=CARTESIAN_POINT('',(0.0254206795910913,-0.008763,0.0170386795910913));
#2813=CARTESIAN_POINT('',(0.0254206795910913,-0.008763,0.0170386795910913));
#2814=CARTESIAN_POINT('',(0.0281319612267261,-0.00876300000000001,0.016256));
#2815=CARTESIAN_POINT('',(0.03048,-0.008763,0.016256));
#2816=CARTESIAN_POINT('',(0.03048,0.,0.0166473397955457));
#2817=CARTESIAN_POINT('',(0.0203613591821826,0.,0.0170386795910913));
#2818=CARTESIAN_POINT('',(0.021717,-0.00234803877327393,0.016256));
#2819=CARTESIAN_POINT('',(0.022891019386637,-0.0043815,0.016256));
#2820=CARTESIAN_POINT('',(0.0203613591821826,-1.84630733982401E-18,0.0170386795910913));
#2821=CARTESIAN_POINT('',(0.022891019386637,0.0043815,0.016256));
#2822=CARTESIAN_POINT('',(0.021717,0.00234803877327392,0.016256));
#2823=CARTESIAN_POINT('',(0.0203613591821826,-7.55607741681543E-18,0.0170386795910913));
#2824=CARTESIAN_POINT('',(0.03048,0.,0.0166473397955457));
#2825=CARTESIAN_POINT('',(0.0254206795910913,0.008763,0.0170386795910913));
#2826=CARTESIAN_POINT('',(0.0240650387732739,0.00641496122672606,0.016256));
#2827=CARTESIAN_POINT('',(0.022891019386637,0.0043815,0.016256));
#2828=CARTESIAN_POINT('',(0.0254206795910913,0.008763,0.0170386795910913));
#2829=CARTESIAN_POINT('',(0.03048,0.008763,0.016256));
#2830=CARTESIAN_POINT('',(0.0281319612267261,0.008763,0.016256));
#2831=CARTESIAN_POINT('',(0.0254206795910913,0.008763,0.0170386795910913));
#2832=CARTESIAN_POINT('',(0.03048,0.,0.0166473397955457));
#2833=CARTESIAN_POINT('',(0.0355393204089087,0.008763,0.0170386795910913));
#2834=CARTESIAN_POINT('',(0.0328280387732739,0.00876300000000001,0.016256));
#2835=CARTESIAN_POINT('',(0.03048,0.008763,0.016256));
#2836=CARTESIAN_POINT('',(0.0355393204089087,0.008763,0.0170386795910913));
#2837=CARTESIAN_POINT('',(0.038068980613363,0.0043815,0.016256));
#2838=CARTESIAN_POINT('',(0.0368949612267261,0.00641496122672606,0.016256));
#2839=CARTESIAN_POINT('',(0.0355393204089087,0.008763,0.0170386795910913));
#2840=CARTESIAN_POINT('',(0.0138326602044543,0.,-8.68948902933772E-20));
#2841=CARTESIAN_POINT('',(0.0134413204089087,-6.04486193345235E-18,0.0101186408178174));
#2842=CARTESIAN_POINT('',(0.014224,0.00234803877327394,0.008763));
#2843=CARTESIAN_POINT('',(0.014224,0.0043815,0.00758898061336304));
#2844=CARTESIAN_POINT('',(0.0134413204089087,-3.38362875397344E-18,0.0101186408178174));
#2845=CARTESIAN_POINT('',(0.014224,-0.0043815,0.00758898061336304));
#2846=CARTESIAN_POINT('',(0.014224,-0.00234803877327395,0.008763));
#2847=CARTESIAN_POINT('',(0.0134413204089087,-5.2892541917708E-18,0.0101186408178174));
#2848=CARTESIAN_POINT('',(0.0138326602044543,0.,-8.68948902933772E-20));
#2849=CARTESIAN_POINT('',(0.014224,-0.008763,-1.76247905159244E-18));
#2850=CARTESIAN_POINT('',(0.014224,-0.008763,0.00234803877327394));
#2851=CARTESIAN_POINT('',(0.0134413204089087,-0.008763,0.0050593204089087));
#2852=CARTESIAN_POINT('',(0.0134413204089087,-0.008763,0.00505932040890869));
#2853=CARTESIAN_POINT('',(0.0134413204089087,-0.008763,0.00505932040890869));
#2854=CARTESIAN_POINT('',(0.014224,-0.00641496122672606,0.00641496122672608));
#2855=CARTESIAN_POINT('',(0.014224,-0.0043815,0.00758898061336304));
#2856=CARTESIAN_POINT('',(0.0138326602044543,0.,-8.68948902933772E-20));
#2857=CARTESIAN_POINT('',(0.014224,-0.0043815,-0.00758898061336303));
#2858=CARTESIAN_POINT('',(0.014224,-0.00641496122672608,-0.00641496122672606));
#2859=CARTESIAN_POINT('',(0.0134413204089087,-0.008763,-0.00505932040890867));
#2860=CARTESIAN_POINT('',(0.0134413204089087,-0.008763,-0.00505932040890869));
#2861=CARTESIAN_POINT('',(0.0134413204089087,-0.008763,-0.0050593204089087));
#2862=CARTESIAN_POINT('',(0.014224,-0.00876299999999999,-0.00234803877327394));
#2863=CARTESIAN_POINT('',(0.014224,-0.008763,-1.76247905159244E-18));
#2864=CARTESIAN_POINT('',(0.0138326602044543,0.,-8.68948902933772E-20));
#2865=CARTESIAN_POINT('',(0.0134413204089087,2.04014090254017E-17,-0.0101186408178174));
#2866=CARTESIAN_POINT('',(0.014224,-0.00234803877327392,-0.008763));
#2867=CARTESIAN_POINT('',(0.014224,-0.0043815,-0.00758898061336303));
#2868=CARTESIAN_POINT('',(0.0134413204089087,9.53211654030715E-19,-0.0101186408178174));
#2869=CARTESIAN_POINT('',(0.014224,0.0043815,-0.00758898061336303));
#2870=CARTESIAN_POINT('',(0.014224,0.00234803877327392,-0.00876300000000001));
#2871=CARTESIAN_POINT('',(0.0134413204089087,-1.73789780586755E-17,-0.0101186408178174));
#2872=CARTESIAN_POINT('',(0.0138326602044543,0.,-8.68948902933772E-20));
#2873=CARTESIAN_POINT('',(0.0134413204089087,0.008763,-0.00505932040890868));
#2874=CARTESIAN_POINT('',(0.014224,0.00641496122672607,-0.00641496122672607));
#2875=CARTESIAN_POINT('',(0.014224,0.0043815,-0.00758898061336303));
#2876=CARTESIAN_POINT('',(0.0134413204089087,0.008763,-0.00505932040890869));
#2877=CARTESIAN_POINT('',(0.014224,0.008763,5.36561273927274E-19));
#2878=CARTESIAN_POINT('',(0.014224,0.008763,-0.00234803877327393));
#2879=CARTESIAN_POINT('',(0.0134413204089087,0.008763,-0.00505932040890869));
#2880=CARTESIAN_POINT('',(0.0138326602044543,0.,-8.68948902933772E-20));
#2881=CARTESIAN_POINT('',(0.0134413204089087,0.008763,0.00505932040890869));
#2882=CARTESIAN_POINT('',(0.014224,0.008763,0.00234803877327393));
#2883=CARTESIAN_POINT('',(0.014224,0.008763,5.36561273927274E-19));
#2884=CARTESIAN_POINT('',(0.0134413204089087,0.008763,0.00505932040890869));
#2885=CARTESIAN_POINT('',(0.014224,0.0043815,0.00758898061336304));
#2886=CARTESIAN_POINT('',(0.014224,0.00641496122672606,0.00641496122672608));
#2887=CARTESIAN_POINT('',(0.0134413204089087,0.008763,0.00505932040890869));
#2888=CARTESIAN_POINT('',(0.03048,0.,0.022098));
#2889=CARTESIAN_POINT('',(0.03048,0.,-0.013716));
#2890=CARTESIAN_POINT('',(0.0352425,0.,-0.013716));
#2891=CARTESIAN_POINT('',(0.014224,2.02955083315123E-18,-0.0101186408178174));
#2892=CARTESIAN_POINT('',(0.057912,0.0043815,-0.00758898061336303));
#2893=CARTESIAN_POINT('',(0.057912,0.00234803877327394,-0.00876299999999999));
#2894=CARTESIAN_POINT('',(0.0571293204089087,1.20897238669047E-17,-0.0101186408178174));
#2895=CARTESIAN_POINT('',(0.057912,0.0043815,-0.00758898061336303));
#2896=CARTESIAN_POINT('',(0.0571293204089087,-9.80765379124537E-19,-0.0101186408178174));
#2897=CARTESIAN_POINT('',(0.046736,-3.43953407442518E-18,-0.0101186408178174));
#2898=CARTESIAN_POINT('',(0.046736,0.008763,-0.0050593204089087));
#2899=CARTESIAN_POINT('',(0.0571293204089087,0.008763,-0.00505932040890869));
#2900=CARTESIAN_POINT('',(0.0571293204089087,0.008763,-0.0050593204089087));
#2901=CARTESIAN_POINT('',(0.0579120000000001,0.00641496122672606,-0.00641496122672608));
#2902=CARTESIAN_POINT('',(0.057912,0.0043815,-0.00758898061336303));
#2903=CARTESIAN_POINT('',(0.014224,-0.008763,-0.00505932040890869));
#2904=CARTESIAN_POINT('',(0.0571293204089087,-1.13341161252231E-17,-0.0101186408178174));
#2905=CARTESIAN_POINT('',(0.057912,-0.00234803877327394,-0.00876299999999999));
#2906=CARTESIAN_POINT('',(0.057912,-0.0043815,-0.00758898061336303));
#2907=CARTESIAN_POINT('',(0.057912,-0.0043815,-0.00758898061336303));
#2908=CARTESIAN_POINT('',(0.057912,-0.0043815,-0.00758898061336303));
#2909=CARTESIAN_POINT('',(0.057912,-0.00641496122672607,-0.00641496122672607));
#2910=CARTESIAN_POINT('',(0.0571293204089087,-0.008763,-0.00505932040890869));
#2911=CARTESIAN_POINT('',(0.0571293204089087,-0.008763,-0.00505932040890869));
#2912=CARTESIAN_POINT('',(0.046736,-0.008763,-0.00505932040890869));
#2913=CARTESIAN_POINT('',(0.014224,-0.008763,0.00505932040890869));
#2914=CARTESIAN_POINT('',(0.057912,-0.008763,3.75319914036609E-18));
#2915=CARTESIAN_POINT('',(0.0579120000000001,-0.00876300000000001,0.00234803877327393));
#2916=CARTESIAN_POINT('',(0.0571293204089087,-0.008763,0.00505932040890869));
#2917=CARTESIAN_POINT('',(0.057912,-0.008763,3.6813781190137E-18));
#2918=CARTESIAN_POINT('',(0.0571293204089087,-0.008763,0.00505932040890869));
#2919=CARTESIAN_POINT('',(0.046736,-0.008763,0.00505932040890869));
#2920=CARTESIAN_POINT('',(0.0571293204089087,-0.008763,-0.00505932040890868));
#2921=CARTESIAN_POINT('',(0.0579120000000001,-0.00876300000000001,-0.00234803877327393));
#2922=CARTESIAN_POINT('',(0.057912,-0.008763,3.75319914036609E-18));
#2923=CARTESIAN_POINT('',(0.014224,-3.43953407442518E-18,0.0101186408178174));
#2924=CARTESIAN_POINT('',(0.0571293204089087,-0.008763,0.00505932040890869));
#2925=CARTESIAN_POINT('',(0.057912,-0.00641496122672609,0.00641496122672606));
#2926=CARTESIAN_POINT('',(0.057912,-0.0043815,0.00758898061336303));
#2927=CARTESIAN_POINT('',(0.057912,-0.0043815,0.00758898061336303));
#2928=CARTESIAN_POINT('',(0.057912,-0.0043815,0.00758898061336303));
#2929=CARTESIAN_POINT('',(0.0579120000000001,-0.00234803877327392,0.00876300000000001));
#2930=CARTESIAN_POINT('',(0.0571293204089087,0.,0.0101186408178174));
#2931=CARTESIAN_POINT('',(0.0571293204089087,1.57277924590799E-18,0.0101186408178174));
#2932=CARTESIAN_POINT('',(0.046736,2.02955083315123E-18,0.0101186408178174));
#2933=CARTESIAN_POINT('',(0.014224,0.008763,0.0050593204089087));
#2934=CARTESIAN_POINT('',(0.0571293204089087,3.02243096672617E-18,0.0101186408178174));
#2935=CARTESIAN_POINT('',(0.0579120000000001,0.00234803877327392,0.00876300000000001));
#2936=CARTESIAN_POINT('',(0.057912,0.0043815,0.00758898061336304));
#2937=CARTESIAN_POINT('',(0.057912,0.0043815,0.00758898061336304));
#2938=CARTESIAN_POINT('',(0.057912,0.0043815,0.00758898061336304));
#2939=CARTESIAN_POINT('',(0.0579120000000001,0.00641496122672607,0.00641496122672608));
#2940=CARTESIAN_POINT('',(0.0571293204089087,0.008763,0.00505932040890869));
#2941=CARTESIAN_POINT('',(0.0571293204089087,0.008763,0.00505932040890869));
#2942=CARTESIAN_POINT('',(0.046736,0.008763,0.00505932040890869));
#2943=CARTESIAN_POINT('',(0.014224,0.008763,5.36561273927274E-19));
#2944=CARTESIAN_POINT('',(0.057912,0.008763,2.90456547702433E-18));
#2945=CARTESIAN_POINT('',(0.057912,0.008763,-0.00234803877327392));
#2946=CARTESIAN_POINT('',(0.0571293204089087,0.008763,-0.00505932040890868));
#2947=CARTESIAN_POINT('',(0.057912,0.008763,6.49409936205678E-18));
#2948=CARTESIAN_POINT('',(0.0571293204089087,0.008763,0.00505932040890868));
#2949=CARTESIAN_POINT('',(0.057912,0.008763,0.00234803877327392));
#2950=CARTESIAN_POINT('',(0.057912,0.008763,2.90456547702433E-18));
#2951=CARTESIAN_POINT('',(0.0355393204089087,0.008763,0.016256));
#2952=CARTESIAN_POINT('',(0.038068980613363,0.0043815,0.027432));
#2953=CARTESIAN_POINT('',(0.039243,0.00234803877327392,0.027432));
#2954=CARTESIAN_POINT('',(0.0405986408178174,-1.13341161252232E-17,0.0266493204089087));
#2955=CARTESIAN_POINT('',(0.0380689806133631,0.00438149999999995,0.027432));
#2956=CARTESIAN_POINT('',(0.0405986408178174,-5.73732380208527E-18,0.0266493204089087));
#2957=CARTESIAN_POINT('',(0.0405986408178174,-2.8199664825479E-18,0.016256));
#2958=CARTESIAN_POINT('',(0.0355393204089087,0.008763,0.016256));
#2959=CARTESIAN_POINT('',(0.0355393204089087,0.008763,0.0266493204089087));
#2960=CARTESIAN_POINT('',(0.0355393204089087,0.008763,0.0266493204089087));
#2961=CARTESIAN_POINT('',(0.0368949612267261,0.00641496122672609,0.027432));
#2962=CARTESIAN_POINT('',(0.038068980613363,0.0043815,0.027432));
#2963=CARTESIAN_POINT('',(0.0405986408178174,-2.8199664825479E-18,0.016256));
#2964=CARTESIAN_POINT('',(0.0405986408178174,-7.55607741681543E-18,0.0266493204089087));
#2965=CARTESIAN_POINT('',(0.039243,-0.00234803877327393,0.027432));
#2966=CARTESIAN_POINT('',(0.038068980613363,-0.0043815,0.027432));
#2967=CARTESIAN_POINT('',(0.038068980613363,-0.0043815,0.027432));
#2968=CARTESIAN_POINT('',(0.038068980613363,-0.0043815,0.027432));
#2969=CARTESIAN_POINT('',(0.0368949612267261,-0.00641496122672607,0.027432));
#2970=CARTESIAN_POINT('',(0.0355393204089087,-0.008763,0.0266493204089087));
#2971=CARTESIAN_POINT('',(0.0355393204089087,-0.008763,0.0266493204089087));
#2972=CARTESIAN_POINT('',(0.0355393204089087,-0.008763,0.016256));
#2973=CARTESIAN_POINT('',(0.014224,-0.008763,0.00505932040890869));
#2974=CARTESIAN_POINT('',(0.03048,-0.008763,0.027432));
#2975=CARTESIAN_POINT('',(0.0281319612267261,-0.008763,0.027432));
#2976=CARTESIAN_POINT('',(0.0254206795910913,-0.008763,0.0266493204089087));
#2977=CARTESIAN_POINT('',(0.03048,-0.008763,0.027432));
#2978=CARTESIAN_POINT('',(0.0254206795910913,-0.008763,0.0266493204089087));
#2979=CARTESIAN_POINT('',(0.0254206795910913,-0.008763,0.016256));
#2980=CARTESIAN_POINT('',(0.0355393204089087,-0.008763,0.0266493204089087));
#2981=CARTESIAN_POINT('',(0.0328280387732739,-0.008763,0.027432));
#2982=CARTESIAN_POINT('',(0.03048,-0.008763,0.027432));
#2983=CARTESIAN_POINT('',(0.0254206795910913,-0.008763,0.016256));
#2984=CARTESIAN_POINT('',(0.0254206795910913,-0.008763,0.0266493204089087));
#2985=CARTESIAN_POINT('',(0.0240650387732739,-0.00641496122672608,0.027432));
#2986=CARTESIAN_POINT('',(0.022891019386637,-0.0043815,0.027432));
#2987=CARTESIAN_POINT('',(0.022891019386637,-0.0043815,0.027432));
#2988=CARTESIAN_POINT('',(0.022891019386637,-0.0043815,0.027432));
#2989=CARTESIAN_POINT('',(0.021717,-0.00234803877327392,0.027432));
#2990=CARTESIAN_POINT('',(0.0203613591821826,-5.2892541917708E-18,0.0266493204089087));
#2991=CARTESIAN_POINT('',(0.0203613591821826,-1.22673974794673E-18,0.0266493204089087));
#2992=CARTESIAN_POINT('',(0.0203613591821826,1.40998324127395E-18,0.016256));
#2993=CARTESIAN_POINT('',(0.0203613591821826,1.40998324127395E-18,0.016256));
#2994=CARTESIAN_POINT('',(0.0203613591821826,-2.26682322504463E-18,0.0266493204089087));
#2995=CARTESIAN_POINT('',(0.021717,0.00234803877327391,0.027432));
#2996=CARTESIAN_POINT('',(0.022891019386637,0.0043815,0.027432));
#2997=CARTESIAN_POINT('',(0.022891019386637,0.00438149999999995,0.027432));
#2998=CARTESIAN_POINT('',(0.022891019386637,0.0043815,0.027432));
#2999=CARTESIAN_POINT('',(0.0240650387732739,0.00641496122672609,0.027432));
#3000=CARTESIAN_POINT('',(0.0254206795910913,0.008763,0.0266493204089087));
#3001=CARTESIAN_POINT('',(0.0254206795910913,0.008763,0.0266493204089087));
#3002=CARTESIAN_POINT('',(0.0254206795910913,0.008763,0.016256));
#3003=CARTESIAN_POINT('',(0.014224,0.008763,5.36561273927274E-19));
#3004=CARTESIAN_POINT('',(0.03048,0.008763,0.027432));
#3005=CARTESIAN_POINT('',(0.0328280387732739,0.008763,0.027432));
#3006=CARTESIAN_POINT('',(0.0355393204089087,0.008763,0.0266493204089087));
#3007=CARTESIAN_POINT('',(0.03048,0.008763,0.027432));
#3008=CARTESIAN_POINT('',(0.0254206795910913,0.008763,0.0266493204089087));
#3009=CARTESIAN_POINT('',(0.0281319612267261,0.008763,0.027432));
#3010=CARTESIAN_POINT('',(0.03048,0.008763,0.027432));
#3011=CARTESIAN_POINT('',(0.014224,0.008763,0.0050593204089087));
#3012=CARTESIAN_POINT('',(0.003048,0.0043815,0.00758898061336303));
#3013=CARTESIAN_POINT('',(0.003048,0.00234803877327393,0.008763));
#3014=CARTESIAN_POINT('',(0.00383067959109131,0.,0.0101186408178174));
#3015=CARTESIAN_POINT('',(0.003048,0.0043815,0.00758898061336303));
#3016=CARTESIAN_POINT('',(0.00383067959109131,-1.26898491714655E-17,0.0101186408178174));
#3017=CARTESIAN_POINT('',(0.014224,-3.43953407442518E-18,0.0101186408178174));
#3018=CARTESIAN_POINT('',(0.014224,0.008763,0.0050593204089087));
#3019=CARTESIAN_POINT('',(0.00383067959109131,0.008763,0.00505932040890869));
#3020=CARTESIAN_POINT('',(0.00383067959109131,0.008763,0.00505932040890869));
#3021=CARTESIAN_POINT('',(0.003048,0.00641496122672608,0.00641496122672608));
#3022=CARTESIAN_POINT('',(0.003048,0.0043815,0.00758898061336303));
#3023=CARTESIAN_POINT('',(0.014224,-3.43953407442518E-18,0.0101186408178174));
#3024=CARTESIAN_POINT('',(0.00383067959109131,-8.31168515849697E-18,0.0101186408178174));
#3025=CARTESIAN_POINT('',(0.003048,-0.00234803877327394,0.00876299999999999));
#3026=CARTESIAN_POINT('',(0.003048,-0.0043815,0.00758898061336303));
#3027=CARTESIAN_POINT('',(0.003048,-0.0043815,0.00758898061336303));
#3028=CARTESIAN_POINT('',(0.003048,-0.0043815,0.00758898061336303));
#3029=CARTESIAN_POINT('',(0.003048,-0.00641496122672607,0.00641496122672607));
#3030=CARTESIAN_POINT('',(0.00383067959109131,-0.008763,0.00505932040890869));
#3031=CARTESIAN_POINT('',(0.00383067959109131,-0.008763,0.00505932040890869));
#3032=CARTESIAN_POINT('',(0.014224,-0.008763,0.00505932040890869));
#3033=CARTESIAN_POINT('',(0.014224,-0.008763,0.00505932040890869));
#3034=CARTESIAN_POINT('',(0.003048,-0.008763,-1.76247905159244E-18));
#3035=CARTESIAN_POINT('',(0.003048,-0.008763,-0.00234803877327394));
#3036=CARTESIAN_POINT('',(0.00383067959109131,-0.008763,-0.0050593204089087));
#3037=CARTESIAN_POINT('',(0.003048,-0.008763,-3.4908865671965E-18));
#3038=CARTESIAN_POINT('',(0.00383067959109131,-0.008763,-0.00505932040890869));
#3039=CARTESIAN_POINT('',(0.014224,-0.008763,-0.00505932040890869));
#3040=CARTESIAN_POINT('',(0.00383067959109131,-0.008763,0.00505932040890869));
#3041=CARTESIAN_POINT('',(0.003048,-0.008763,0.00234803877327394));
#3042=CARTESIAN_POINT('',(0.003048,-0.008763,-1.76247905159244E-18));
#3043=CARTESIAN_POINT('',(0.014224,-0.008763,-0.00505932040890869));
#3044=CARTESIAN_POINT('',(0.00383067959109131,-0.008763,-0.00505932040890868));
#3045=CARTESIAN_POINT('',(0.003048,-0.0064149612267261,-0.00641496122672605));
#3046=CARTESIAN_POINT('',(0.003048,-0.0043815,-0.00758898061336303));
#3047=CARTESIAN_POINT('',(0.003048,-0.0043815,-0.00758898061336303));
#3048=CARTESIAN_POINT('',(0.003048,-0.0043815,-0.00758898061336303));
#3049=CARTESIAN_POINT('',(0.003048,-0.00234803877327391,-0.00876300000000002));
#3050=CARTESIAN_POINT('',(0.00383067959109131,3.77803870840771E-18,-0.0101186408178174));
#3051=CARTESIAN_POINT('',(0.00383067959109131,4.79237200128758E-20,-0.0101186408178174));
#3052=CARTESIAN_POINT('',(0.014224,2.02955083315123E-18,-0.0101186408178174));
#3053=CARTESIAN_POINT('',(0.014224,2.02955083315123E-18,-0.0101186408178174));
#3054=CARTESIAN_POINT('',(0.00383067959109131,7.55607741681543E-19,-0.0101186408178174));
#3055=CARTESIAN_POINT('',(0.003048,0.00234803877327392,-0.00876300000000001));
#3056=CARTESIAN_POINT('',(0.003048,0.0043815,-0.00758898061336304));
#3057=CARTESIAN_POINT('',(0.003048,0.0043815,-0.00758898061336304));
#3058=CARTESIAN_POINT('',(0.003048,0.0043815,-0.00758898061336304));
#3059=CARTESIAN_POINT('',(0.003048,0.00641496122672607,-0.00641496122672607));
#3060=CARTESIAN_POINT('',(0.00383067959109131,0.008763,-0.00505932040890869));
#3061=CARTESIAN_POINT('',(0.00383067959109131,0.008763,-0.00505932040890868));
#3062=CARTESIAN_POINT('',(0.014224,0.008763,-0.00505932040890869));
#3063=CARTESIAN_POINT('',(0.014224,0.008763,5.36561273927274E-19));
#3064=CARTESIAN_POINT('',(0.003048,0.008763,-2.90456547702433E-18));
#3065=CARTESIAN_POINT('',(0.003048,0.008763,0.00234803877327393));
#3066=CARTESIAN_POINT('',(0.00383067959109131,0.008763,0.00505932040890869));
#3067=CARTESIAN_POINT('',(0.003048,0.008763,-3.25706128734281E-18));
#3068=CARTESIAN_POINT('',(0.00383067959109131,0.008763,-0.00505932040890869));
#3069=CARTESIAN_POINT('',(0.003048,0.008763,-0.00234803877327393));
#3070=CARTESIAN_POINT('',(0.003048,0.008763,-2.90456547702433E-18));
#3071=CARTESIAN_POINT('',(0.03048,0.,-0.013716));
#3072=CARTESIAN_POINT('',(0.03048,0.,-0.013716));
#3073=CARTESIAN_POINT('',(0.026924,0.,-0.013716));
#3074=CARTESIAN_POINT('',(0.0575206602044543,0.,1.99072008877366E-18));
#3075=CARTESIAN_POINT('',(0.057912,0.,3.60955709766131E-18));
#3076=CARTESIAN_POINT('',(0.0575206602044543,0.,1.99072008877366E-18));
#3077=CARTESIAN_POINT('',(0.057912,0.,3.60955709766131E-18));
#3078=CARTESIAN_POINT('',(0.0575206602044543,0.,1.99072008877366E-18));
#3079=CARTESIAN_POINT('',(0.057912,0.,3.60955709766131E-18));
#3080=CARTESIAN_POINT('',(0.0575206602044543,0.,1.99072008877366E-18));
#3081=CARTESIAN_POINT('',(0.057912,0.,3.60955709766131E-18));
#3082=CARTESIAN_POINT('',(0.0575206602044543,0.,1.99072008877366E-18));
#3083=CARTESIAN_POINT('',(0.057912,0.,3.60955709766131E-18));
#3084=CARTESIAN_POINT('',(0.0575206602044543,0.,1.99072008877366E-18));
#3085=CARTESIAN_POINT('',(0.057912,0.,3.60955709766131E-18));
#3086=CARTESIAN_POINT('',(0.03048,0.,0.0270406602044543));
#3087=CARTESIAN_POINT('',(0.03048,0.,0.027432));
#3088=CARTESIAN_POINT('',(0.03048,0.,0.0270406602044543));
#3089=CARTESIAN_POINT('',(0.03048,0.,0.027432));
#3090=CARTESIAN_POINT('',(0.03048,0.,0.0270406602044543));
#3091=CARTESIAN_POINT('',(0.03048,0.,0.027432));
#3092=CARTESIAN_POINT('',(0.03048,0.,0.0270406602044543));
#3093=CARTESIAN_POINT('',(0.03048,0.,0.027432));
#3094=CARTESIAN_POINT('',(0.03048,0.,0.0270406602044543));
#3095=CARTESIAN_POINT('',(0.03048,0.,0.027432));
#3096=CARTESIAN_POINT('',(0.03048,0.,0.0270406602044543));
#3097=CARTESIAN_POINT('',(0.03048,0.,0.027432));
#3098=CARTESIAN_POINT('',(0.00343933979554565,0.,2.17237225733443E-20));
#3099=CARTESIAN_POINT('',(0.003048,0.,-3.60955709766131E-18));
#3100=CARTESIAN_POINT('',(0.00343933979554565,0.,2.17237225733443E-20));
#3101=CARTESIAN_POINT('',(0.003048,0.,-3.60955709766131E-18));
#3102=CARTESIAN_POINT('',(0.00343933979554565,0.,2.17237225733443E-20));
#3103=CARTESIAN_POINT('',(0.003048,0.,-3.60955709766131E-18));
#3104=CARTESIAN_POINT('',(0.00343933979554565,0.,2.17237225733443E-20));
#3105=CARTESIAN_POINT('',(0.003048,0.,-3.60955709766131E-18));
#3106=CARTESIAN_POINT('',(0.00343933979554565,0.,2.17237225733443E-20));
#3107=CARTESIAN_POINT('',(0.003048,0.,-3.60955709766131E-18));
#3108=CARTESIAN_POINT('',(0.00343933979554565,0.,2.17237225733443E-20));
#3109=CARTESIAN_POINT('',(0.003048,0.,-3.60955709766131E-18));
#3110=CARTESIAN_POINT('',(0.03048,0.,0.020828));
#3111=CARTESIAN_POINT('',(0.03048,0.,2.48157050464215E-18));
#3112=CARTESIAN_POINT('',(0.03048,0.003556,5.41053789412064E-18));
#3113=CARTESIAN_POINT('',(0.03048,-0.003556,-2.83651327728662E-18));
#3114=CARTESIAN_POINT('',(0.03048,0.,1.40998324127395E-18));
#3115=CARTESIAN_POINT('',(0.008636,0.,-2.36877184534023E-18));
#3116=CARTESIAN_POINT('',(0.06096,0.,4.2863490534728E-18));
#3117=CARTESIAN_POINT('',(0.06096,0.,-0.008763));
#3118=CARTESIAN_POINT('',(0.03048,0.,0.021844));
#3119=CARTESIAN_POINT('',(0.03048,0.,0.03048));
#3120=CARTESIAN_POINT('',(0.039243,0.,0.03048));
#3121=CARTESIAN_POINT('',(0.008636,0.,-2.36877184534023E-18));
#3122=CARTESIAN_POINT('',(0.,0.,-4.2863490534728E-18));
#3123=CARTESIAN_POINT('',(-1.94577687295805E-18,0.,0.008763));
#3124=CARTESIAN_POINT('',(0.024892,0.,1.24078525232107E-18));
#3125=CARTESIAN_POINT('',(0.03048,0.,0.));
#3126=CARTESIAN_POINT('',(0.044196,0.,5.63993296509578E-19));
#3127=CARTESIAN_POINT('',(0.044196,0.,-0.003556));
#3128=CARTESIAN_POINT('',(0.024892,0.,1.24078525232107E-18));
#3129=CARTESIAN_POINT('',(0.03048,0.,2.48157050464215E-18));
#3130=CARTESIAN_POINT('',(0.016764,0.,-5.63993296509579E-19));
#3131=CARTESIAN_POINT('',(0.016764,0.,0.003556));
#3132=CARTESIAN_POINT('',(0.06096,1.18199005270936E-18,-0.0043815));
#3133=CARTESIAN_POINT('',(0.06096,0.,0.));
#3134=CARTESIAN_POINT('',(0.06096,0.,0.0047625));
#3135=CARTESIAN_POINT('',(0.0348615,1.18199005270936E-18,0.03048));
#3136=CARTESIAN_POINT('',(0.03048,0.,0.03048));
#3137=CARTESIAN_POINT('',(0.0352425,0.,0.03048));
#3138=CARTESIAN_POINT('',(0.,1.18199005270936E-18,0.0043815));
#3139=CARTESIAN_POINT('',(0.,0.,0.));
#3140=CARTESIAN_POINT('',(2.91609388003954E-19,0.,-0.0047625));
#3141=CARTESIAN_POINT('',(0.016764,0.,1.02646504577392E-18));
#3142=CARTESIAN_POINT('',(0.016764,0.,1.02646504577392E-18));
#3143=CARTESIAN_POINT('',(0.016764,0.,-0.0047625));
#3144=CARTESIAN_POINT('',(0.044196,0.,0.));
#3145=CARTESIAN_POINT('',(0.044196,0.,0.));
#3146=CARTESIAN_POINT('',(0.044196,0.,0.0047625));
#3147=CARTESIAN_POINT('',(0.03048,0.,0.020828));
#3148=CARTESIAN_POINT('',(0.03048,0.,0.013716));
#3149=CARTESIAN_POINT('',(0.034036,0.,0.013716));
#3150=CARTESIAN_POINT('',(0.008382,0.,5.13232522886958E-19));
#3151=CARTESIAN_POINT('',(0.03048,0.,0.022098));
#3152=CARTESIAN_POINT('',(0.03048,0.,0.013716));
#3153=CARTESIAN_POINT('',(0.0352425,0.,0.013716));
#3154=CARTESIAN_POINT('',(0.008382,0.,5.13232522886958E-19));
#3155=CARTESIAN_POINT('',(0.03048,0.,0.013716));
#3156=MECHANICAL_DESIGN_GEOMETRIC_PRESENTATION_REPRESENTATION('',(#1755),
#3157);
#3157=(
GEOMETRIC_REPRESENTATION_CONTEXT(3)
GLOBAL_UNCERTAINTY_ASSIGNED_CONTEXT((#3158))
GLOBAL_UNIT_ASSIGNED_CONTEXT((#3161,#3160,#3159))
REPRESENTATION_CONTEXT('SS-600-4','TOP_LEVEL_ASSEMBLY_PART')
);
#3158=UNCERTAINTY_MEASURE_WITH_UNIT(LENGTH_MEASURE(1.E-6),#3161,
'DISTANCE_ACCURACY_VALUE','Maximum Tolerance applied to model');
#3159=(
NAMED_UNIT(*)
SI_UNIT($,.STERADIAN.)
SOLID_ANGLE_UNIT()
);
#3160=(
NAMED_UNIT(*)
PLANE_ANGLE_UNIT()
SI_UNIT($,.RADIAN.)
);
#3161=(
LENGTH_UNIT()
NAMED_UNIT(*)
SI_UNIT($,.METRE.)
);
#3162=PRODUCT_DEFINITION_SHAPE('','',#3163);
#3163=PRODUCT_DEFINITION('','',#3165,#3164);
#3164=PRODUCT_DEFINITION_CONTEXT('',#3171,'design');
#3165=PRODUCT_DEFINITION_FORMATION_WITH_SPECIFIED_SOURCE('','',#3167,
 .NOT_KNOWN.);
#3166=PRODUCT_RELATED_PRODUCT_CATEGORY('','',(#3167));
#3167=PRODUCT('SS-600-4','SS-600-4','SS-600-4',(#3169));
#3168=PRODUCT_CATEGORY('','');
#3169=PRODUCT_CONTEXT('',#3171,'mechanical');
#3170=APPLICATION_PROTOCOL_DEFINITION('international standard',
'ap242_managed_model_based_3d_engineering',2020,#3171);
#3171=APPLICATION_CONTEXT('managed model based 3d engineering');
ENDSEC;
END-ISO-10303-21;
